X_WGS84,Y_WGS84,GuloGulo_AllData_RUN1 logistic values
-94.5,82.000007823,0.61923623
-91.5,82.000007823,0.9748434
-88.5,82.000007823,0.9748434
-85.5,82.000007823,0.9748434
-82.5,82.000007823,0.9748434
-79.5,82.000007823,0.9748434
-76.5,82.000007823,0.09050473
-73.5,82.000007823,0.6898819
-70.5,82.000007823,0.20150578
-67.5,82.000007823,3.1136112E-6
-64.5,82.000007823,4.5796064E-6
-61.5,82.000007823,3.7822556E-6
-58.5,82.000007823,0.00790437
-55.5,82.000007823,0.007018994
-52.5,82.000007823,0.0063036303
-49.5,82.000007823,0.005923856
-46.5,82.000007823,0.0044489736
-43.5,82.000007823,0.0043330346
-40.5,82.000007823,0.0045071086
-37.5,82.000007823,0.004416274
-34.5,82.000007823,0.00432509
-31.5,82.000007823,0.10011259
-28.5,82.000007823,0.13625671
-25.5,82.000007823,3.799143E-9
-22.5,82.000007823,4.7658756E-5
-19.5,82.000007823,0.15969178
-16.5,82.000007823,3.8703214E-9
-13.5,82.000007823,0.029398711
-10.5,82.000007823,0.021929992
19.5,82.000007823,6.669154E-4
22.5,82.000007823,6.513186E-4
46.5,82.000007823,3.8696607E-4
49.5,82.000007823,0.0021766226
52.5,82.000007823,0.004545355
55.5,82.000007823,0.013980837
58.5,82.000007823,0.018418994
61.5,82.000007823,0.016403891
64.5,82.000007823,0.014941484
79.5,82.000007823,5.54163E-6
91.5,82.000007823,3.0163346E-5
94.5,82.000007823,4.3414075E-5
97.5,82.000007823,3.7632706E-9
-115.5,79.000007823,6.971144E-4
-112.5,79.000007823,7.0461875E-4
-109.5,79.000007823,7.0553535E-4
-106.5,79.000007823,6.806433E-4
-103.5,79.000007823,0.081033565
-100.5,79.000007823,6.803593E-4
-97.5,79.000007823,1.0243645E-4
-94.5,79.000007823,0.08135123
-91.5,79.000007823,0.090862475
-88.5,79.000007823,0.9748434
-85.5,79.000007823,0.9748434
-82.5,79.000007823,0.9748434
-79.5,79.000007823,0.9748434
-76.5,79.000007823,0.7017442
-73.5,79.000007823,6.766689E-5
-70.5,79.000007823,2.095724E-6
-67.5,79.000007823,0.005154899
-64.5,79.000007823,0.0070934757
-61.5,79.000007823,0.007117047
-58.5,79.000007823,0.042335752
-55.5,79.000007823,0.56597763
-52.5,79.000007823,0.54945666
-49.5,79.000007823,0.28193137
-46.5,79.000007823,0.27658486
-43.5,79.000007823,0.27192193
-40.5,79.000007823,0.26376453
-37.5,79.000007823,0.2524949
-34.5,79.000007823,0.24350436
-31.5,79.000007823,0.017147232
-28.5,79.000007823,0.29860362
-25.5,79.000007823,0.0837529
-22.5,79.000007823,0.088005416
-19.5,79.000007823,2.2420812E-9
-16.5,79.000007823,2.7895614E-5
10.5,79.000007823,0.023229482
13.5,79.000007823,0.025626663
16.5,79.000007823,7.502805E-4
19.5,79.000007823,6.402204E-4
22.5,79.000007823,5.5605255E-4
25.5,79.000007823,0.004889757
28.5,79.000007823,0.004715049
31.5,79.000007823,2.7571767E-4
34.5,79.000007823,5.342542E-4
46.5,79.000007823,3.8269704E-4
49.5,79.000007823,0.002106318
52.5,79.000007823,0.0024768242
55.5,79.000007823,0.013545359
58.5,79.000007823,0.018101877
61.5,79.000007823,0.017151568
91.5,79.000007823,4.528815E-5
94.5,79.000007823,4.1004875E-9
97.5,79.000007823,0.1574947
100.5,79.000007823,0.15298738
103.5,79.000007823,0.12691566
106.5,79.000007823,0.15814376
-121.5,76.000007823,8.711018E-5
-118.5,76.000007823,9.471009E-5
-115.5,76.000007823,9.4735246E-5
-112.5,76.000007823,9.5031464E-5
-109.5,76.000007823,9.357197E-5
-106.5,76.000007823,8.447775E-5
-103.5,76.000007823,8.889938E-5
-100.5,76.000007823,8.771333E-5
-97.5,76.000007823,1.5374655E-5
-94.5,76.000007823,4.2154384E-6
-91.5,76.000007823,5.0399944E-6
-88.5,76.000007823,1.02748876E-4
-85.5,76.000007823,1.005784E-4
-82.5,76.000007823,0.26849258
-79.5,76.000007823,8.302243E-9
-76.5,76.000007823,1.29051505E-5
-73.5,76.000007823,2.0842874E-6
-70.5,76.000007823,1.0042266E-5
-67.5,76.000007823,0.0013900183
-64.5,76.000007823,0.004420331
-61.5,76.000007823,0.0013845633
-58.5,76.000007823,0.0010983461
-55.5,76.000007823,0.038661383
-52.5,76.000007823,0.039675105
-49.5,76.000007823,0.041115705
-46.5,76.000007823,0.016150162
-43.5,76.000007823,0.22221422
-40.5,76.000007823,0.2096608
-37.5,76.000007823,0.045330904
-34.5,76.000007823,0.012830736
-31.5,76.000007823,0.03287222
-28.5,76.000007823,0.22099504
-25.5,76.000007823,0.4435923
-22.5,76.000007823,0.019150892
-19.5,76.000007823,0.01807693
-16.5,76.000007823,0.006009722
13.5,76.000007823,0.023431484
16.5,76.000007823,6.090214E-4
22.5,76.000007823,0.004786029
55.5,76.000007823,5.865499E-4
58.5,76.000007823,0.16950944
61.5,76.000007823,0.018507497
64.5,76.000007823,0.016296396
67.5,76.000007823,0.013894835
82.5,76.000007823,0.029589988
85.5,76.000007823,0.16530468
88.5,76.000007823,0.28640908
91.5,76.000007823,0.45851138
94.5,76.000007823,0.48765168
97.5,76.000007823,0.5010763
100.5,76.000007823,0.48939416
103.5,76.000007823,0.43386015
106.5,76.000007823,0.48767284
109.5,76.000007823,0.96939147
112.5,76.000007823,0.9748434
136.5,76.000007823,2.2758293E-4
139.5,76.000007823,5.1821724E-5
142.5,76.000007823,4.2639385E-5
145.5,76.000007823,1.0471675E-4
148.5,76.000007823,3.087075E-4
151.5,76.000007823,0.005544316
-124.5,73.000007823,9.100144E-6
-121.5,73.000007823,9.078962E-6
-118.5,73.000007823,1.1136153E-5
-115.5,73.000007823,1.2016535E-5
-112.5,73.000007823,1.3007329E-5
-109.5,73.000007823,1.4512862E-5
-106.5,73.000007823,1.4761922E-5
-103.5,73.000007823,1.4378488E-5
-100.5,73.000007823,5.1453403E-6
-97.5,73.000007823,5.0224644E-6
-94.5,73.000007823,1.2462655E-5
-91.5,73.000007823,1.2244636E-5
-88.5,73.000007823,1.1514095E-5
-85.5,73.000007823,8.948093E-6
-82.5,73.000007823,0.03440535
-79.5,73.000007823,0.04352355
-76.5,73.000007823,0.041644856
-73.5,73.000007823,0.01691836
-58.5,73.000007823,7.7499053E-4
-55.5,73.000007823,2.776922E-4
-52.5,73.000007823,0.02763717
-49.5,73.000007823,0.031514004
-46.5,73.000007823,0.033152677
-43.5,73.000007823,0.031857736
-40.5,73.000007823,0.029448928
-37.5,73.000007823,0.026816437
-34.5,73.000007823,0.024142751
-31.5,73.000007823,0.021898314
-28.5,73.000007823,0.19318326
-25.5,73.000007823,0.19536407
-22.5,73.000007823,0.101466835
-19.5,73.000007823,0.003022985
19.5,73.000007823,0.004471983
52.5,73.000007823,0.0090865325
55.5,73.000007823,0.012174923
58.5,73.000007823,0.0036321806
67.5,73.000007823,0.077088855
70.5,73.000007823,0.07676057
73.5,73.000007823,0.089717634
76.5,73.000007823,0.13266703
79.5,73.000007823,0.13375585
82.5,73.000007823,0.22776628
85.5,73.000007823,0.43813533
88.5,73.000007823,0.4994237
91.5,73.000007823,0.5483777
94.5,73.000007823,0.9748434
97.5,73.000007823,0.9748434
100.5,73.000007823,0.9748434
103.5,73.000007823,0.9748434
106.5,73.000007823,0.9748434
109.5,73.000007823,0.9748434
112.5,73.000007823,0.9748434
115.5,73.000007823,0.9748434
118.5,73.000007823,0.9748434
121.5,73.000007823,0.9748434
124.5,73.000007823,0.9748434
127.5,73.000007823,0.9748434
130.5,73.000007823,0.9748434
133.5,73.000007823,0.9748434
136.5,73.000007823,0.40105227
139.5,73.000007823,0.047718555
142.5,73.000007823,2.7343523E-4
145.5,73.000007823,0.05199719
148.5,73.000007823,0.9414
151.5,73.000007823,0.8807665
-178.5,70.000007823,0.027717354
-166.5,70.000007823,0.0012351419
-163.5,70.000007823,0.004512445
-160.5,70.000007823,3.867916E-9
-157.5,70.000007823,6.780214E-5
-154.5,70.000007823,2.7994885E-8
-151.5,70.000007823,0.9748434
-148.5,70.000007823,0.9748434
-145.5,70.000007823,2.6522265E-4
-142.5,70.000007823,1.9605015E-4
-139.5,70.000007823,0.48565605
-136.5,70.000007823,0.5614728
-133.5,70.000007823,0.8888561
-130.5,70.000007823,1.50822625E-5
-127.5,70.000007823,1.258402E-5
-124.5,70.000007823,0.033757266
-121.5,70.000007823,0.016213885
-118.5,70.000007823,0.036536384
-115.5,70.000007823,1.1184694E-5
-112.5,70.000007823,1.2727076E-5
-109.5,70.000007823,0.0021208278
-106.5,70.000007823,0.0024215635
-103.5,70.000007823,0.0022518795
-100.5,70.000007823,0.0020908818
-97.5,70.000007823,0.08895615
-94.5,70.000007823,0.0909857
-91.5,70.000007823,0.0022795515
-88.5,70.000007823,1.0969711E-5
-85.5,70.000007823,0.030832043
-82.5,70.000007823,0.03360697
-79.5,70.000007823,0.032419086
-76.5,70.000007823,0.031171735
-73.5,70.000007823,0.013678299
-70.5,70.000007823,0.14747414
-67.5,70.000007823,0.12337839
-55.5,70.000007823,0.010136461
-52.5,70.000007823,0.0010567282
-49.5,70.000007823,0.20372054
-46.5,70.000007823,0.024897797
-43.5,70.000007823,0.023262046
-40.5,70.000007823,0.020966752
-37.5,70.000007823,0.018825922
-34.5,70.000007823,0.016155057
-31.5,70.000007823,0.13545413
-28.5,70.000007823,0.059127446
-25.5,70.000007823,0.00592385
-22.5,70.000007823,0.014989847
-7.5,70.000007823,3.0452793E-4
13.5,70.000007823,3.2573676E-4
16.5,70.000007823,3.6532697E-4
19.5,70.000007823,0.006875362
22.5,70.000007823,0.022126498
25.5,70.000007823,0.023149021
28.5,70.000007823,0.0
31.5,70.000007823,0.007353332
34.5,70.000007823,0.026789417
37.5,70.000007823,0.013122967
43.5,70.000007823,4.723345E-4
49.5,70.000007823,0.020894257
52.5,70.000007823,0.022647798
55.5,70.000007823,0.02805668
58.5,70.000007823,0.24748002
61.5,70.000007823,0.5561461
64.5,70.000007823,0.1337415
67.5,70.000007823,0.1283172
70.5,70.000007823,0.13689017
73.5,70.000007823,0.15322807
76.5,70.000007823,0.8511217
79.5,70.000007823,0.39814502
82.5,70.000007823,0.5932145
85.5,70.000007823,0.47064614
88.5,70.000007823,0.9748434
91.5,70.000007823,0.9748434
94.5,70.000007823,0.9748434
97.5,70.000007823,0.9748434
100.5,70.000007823,0.9748434
103.5,70.000007823,0.9748434
106.5,70.000007823,0.9748434
109.5,70.000007823,0.9748434
112.5,70.000007823,0.9748434
115.5,70.000007823,0.9748434
118.5,70.000007823,0.9748434
121.5,70.000007823,0.9748434
124.5,70.000007823,0.9748434
127.5,70.000007823,0.9748434
130.5,70.000007823,0.9748434
133.5,70.000007823,0.9748434
136.5,70.000007823,0.9748434
139.5,70.000007823,0.9748434
142.5,70.000007823,0.9748434
145.5,70.000007823,0.9748434
148.5,70.000007823,0.9748434
151.5,70.000007823,0.9748434
154.5,70.000007823,0.9748434
157.5,70.000007823,0.9748434
160.5,70.000007823,0.9748434
163.5,70.000007823,3.2749106E-4
166.5,70.000007823,0.9748434
169.5,70.000007823,0.9748434
172.5,70.000007823,0.9748434
175.5,70.000007823,0.4904633
178.5,70.000007823,0.15268598
-178.5,67.000007823,0.51664066
-175.5,67.000007823,0.061695363
-172.5,67.000007823,0.03192577
-169.5,67.000007823,0.007958501
-166.5,67.000007823,0.001978855
-163.5,67.000007823,0.03994905
-160.5,67.000007823,0.1441604
-157.5,67.000007823,0.45598772
-154.5,67.000007823,0.9748434
-151.5,67.000007823,0.9748434
-148.5,67.000007823,0.97456455
-145.5,67.000007823,0.9748434
-142.5,67.000007823,0.9748434
-139.5,67.000007823,0.9748434
-136.5,67.000007823,0.33639598
-133.5,67.000007823,0.9748434
-130.5,67.000007823,0.9748434
-127.5,67.000007823,0.9748434
-124.5,67.000007823,0.9748434
-121.5,67.000007823,0.53880715
-118.5,67.000007823,0.54821754
-115.5,67.000007823,0.5719151
-112.5,67.000007823,0.694869
-109.5,67.000007823,1.2847285E-6
-106.5,67.000007823,0.07295033
-103.5,67.000007823,0.9748434
-100.5,67.000007823,0.9748434
-97.5,67.000007823,0.9748434
-94.5,67.000007823,0.9748434
-91.5,67.000007823,0.79011863
-88.5,67.000007823,0.04357852
-85.5,67.000007823,0.03297662
-82.5,67.000007823,0.4498335
-79.5,67.000007823,0.013262525
-76.5,67.000007823,0.0079918895
-73.5,67.000007823,0.0066941143
-70.5,67.000007823,0.13534303
-67.5,67.000007823,0.00400995
-64.5,67.000007823,0.04084866
-61.5,67.000007823,0.4772472
-52.5,67.000007823,0.018861532
-49.5,67.000007823,0.04447504
-46.5,67.000007823,0.17674415
-43.5,67.000007823,0.3039967
-40.5,67.000007823,0.13217239
-37.5,67.000007823,0.024083987
-34.5,67.000007823,0.010840215
-31.5,67.000007823,7.4923126E-4
-28.5,67.000007823,7.2717224E-4
-22.5,67.000007823,2.7885073E-4
-19.5,67.000007823,2.5048992E-4
-16.5,67.000007823,2.2305567E-4
-13.5,67.000007823,2.2488808E-4
10.5,67.000007823,2.1285453E-4
13.5,67.000007823,3.7215935E-4
16.5,67.000007823,1.16092655E-4
19.5,67.000007823,0.023385212
22.5,67.000007823,0.029386856
25.5,67.000007823,0.08429305
28.5,67.000007823,0.02534746
31.5,67.000007823,0.024504256
34.5,67.000007823,0.031794313
37.5,67.000007823,0.01542244
40.5,67.000007823,0.0153750805
43.5,67.000007823,0.014201064
46.5,67.000007823,0.023247413
49.5,67.000007823,0.20511018
52.5,67.000007823,0.24706353
55.5,67.000007823,0.274073
58.5,67.000007823,0.3014256
61.5,67.000007823,0.7285993
64.5,67.000007823,0.9271896
67.5,67.000007823,0.9420951
70.5,67.000007823,0.94158
73.5,67.000007823,0.96872526
76.5,67.000007823,0.97336096
79.5,67.000007823,0.9748434
82.5,67.000007823,0.9534991
85.5,67.000007823,0.9748434
88.5,67.000007823,0.9748434
91.5,67.000007823,0.9748434
94.5,67.000007823,0.9748434
97.5,67.000007823,0.9748434
100.5,67.000007823,0.9748434
103.5,67.000007823,0.9748434
106.5,67.000007823,0.9748434
109.5,67.000007823,0.9748434
112.5,67.000007823,0.9748434
115.5,67.000007823,0.9748434
118.5,67.000007823,0.9748434
121.5,67.000007823,0.9748434
124.5,67.000007823,0.9748434
127.5,67.000007823,0.9748434
130.5,67.000007823,0.9748434
133.5,67.000007823,0.9748434
136.5,67.000007823,0.9748434
139.5,67.000007823,0.9748434
142.5,67.000007823,0.9748434
145.5,67.000007823,0.9748434
148.5,67.000007823,0.9748434
151.5,67.000007823,0.9748434
154.5,67.000007823,0.9748434
157.5,67.000007823,0.9748434
160.5,67.000007823,0.9748434
163.5,67.000007823,0.9748434
166.5,67.000007823,0.9748434
169.5,67.000007823,0.9748434
172.5,67.000007823,0.9748434
175.5,67.000007823,0.46511456
178.5,67.000007823,0.6244919
-178.5,64.000007823,0.07563003
-175.5,64.000007823,0.050085943
-172.5,64.000007823,0.04207979
-169.5,64.000007823,0.036595445
-166.5,64.000007823,0.0567803
-163.5,64.000007823,0.036636792
-160.5,64.000007823,0.3014373
-157.5,64.000007823,0.9299452
-154.5,64.000007823,0.95023274
-151.5,64.000007823,0.73985666
-148.5,64.000007823,0.611176
-145.5,64.000007823,0.1512566
-142.5,64.000007823,0.9748434
-139.5,64.000007823,0.9748434
-136.5,64.000007823,0.14984739
-133.5,64.000007823,0.12900747
-130.5,64.000007823,0.8808189
-127.5,64.000007823,0.90049845
-124.5,64.000007823,0.9748434
-121.5,64.000007823,0.9748434
-118.5,64.000007823,0.9748434
-115.5,64.000007823,0.9748434
-112.5,64.000007823,0.9748434
-109.5,64.000007823,0.9748434
-106.5,64.000007823,0.9748434
-103.5,64.000007823,0.9748434
-100.5,64.000007823,0.9748434
-97.5,64.000007823,0.9748434
-94.5,64.000007823,0.9748434
-91.5,64.000007823,0.78693897
-88.5,64.000007823,0.04630807
-85.5,64.000007823,0.48272416
-82.5,64.000007823,0.42670614
-79.5,64.000007823,0.13305894
-76.5,64.000007823,0.0054880814
-73.5,64.000007823,0.12715837
-70.5,64.000007823,0.8583066
-67.5,64.000007823,0.16940913
-64.5,64.000007823,0.43530977
-61.5,64.000007823,0.44640344
-52.5,64.000007823,0.008848017
-49.5,64.000007823,0.012586176
-46.5,64.000007823,0.029618343
-43.5,64.000007823,0.025836786
-40.5,64.000007823,5.9155165E-4
-25.5,64.000007823,1.5132572E-4
-22.5,64.000007823,1.6846857E-4
-19.5,64.000007823,2.5032792E-4
-16.5,64.000007823,2.3019427E-4
-13.5,64.000007823,2.2013752E-4
7.5,64.000007823,3.3486096E-4
10.5,64.000007823,4.283289E-4
13.5,64.000007823,0.0
16.5,64.000007823,0.0070333937
19.5,64.000007823,0.018943299
22.5,64.000007823,0.010968722
25.5,64.000007823,0.018224085
28.5,64.000007823,0.021950554
31.5,64.000007823,0.044412997
34.5,64.000007823,0.038668178
37.5,64.000007823,0.044187486
40.5,64.000007823,0.15284872
43.5,64.000007823,0.105464354
46.5,64.000007823,0.13550432
49.5,64.000007823,0.27470356
52.5,64.000007823,0.2985329
55.5,64.000007823,0.3214771
58.5,64.000007823,0.35479096
61.5,64.000007823,0.83923805
64.5,64.000007823,0.9264631
67.5,64.000007823,0.93487376
70.5,64.000007823,0.9712928
73.5,64.000007823,0.9737788
76.5,64.000007823,0.94929355
79.5,64.000007823,0.9530904
82.5,64.000007823,0.9535198
85.5,64.000007823,0.9748434
88.5,64.000007823,0.9748434
91.5,64.000007823,0.9748434
94.5,64.000007823,0.9748434
97.5,64.000007823,0.9748434
100.5,64.000007823,0.9748434
103.5,64.000007823,0.9748434
106.5,64.000007823,0.9748434
109.5,64.000007823,0.9748434
112.5,64.000007823,0.9748434
115.5,64.000007823,0.9748434
118.5,64.000007823,0.9748434
121.5,64.000007823,0.9748434
124.5,64.000007823,0.9748434
127.5,64.000007823,0.9748434
130.5,64.000007823,0.9748434
133.5,64.000007823,0.9748434
136.5,64.000007823,0.9748434
139.5,64.000007823,0.9748434
142.5,64.000007823,0.9748434
145.5,64.000007823,0.9748434
148.5,64.000007823,0.9748434
151.5,64.000007823,0.9748434
154.5,64.000007823,0.9748434
157.5,64.000007823,0.9748434
160.5,64.000007823,0.9748434
163.5,64.000007823,0.9748434
166.5,64.000007823,0.9748434
169.5,64.000007823,0.9748434
172.5,64.000007823,0.8972205
175.5,64.000007823,0.6171174
178.5,64.000007823,0.2496314
-172.5,61.000007823,0.0066822376
-166.5,61.000007823,0.012807311
-163.5,61.000007823,0.02374826
-160.5,61.000007823,0.034195688
-157.5,61.000007823,0.10470935
-154.5,61.000007823,0.0019997412
-151.5,61.000007823,0.0011237254
-148.5,61.000007823,8.9060544E-4
-145.5,61.000007823,0.0015287731
-142.5,61.000007823,0.0016713763
-139.5,61.000007823,0.009579864
-136.5,61.000007823,0.01315483
-133.5,61.000007823,3.4560025E-4
-130.5,61.000007823,0.08961304
-127.5,61.000007823,0.86206996
-124.5,61.000007823,0.8908027
-121.5,61.000007823,0.9748434
-118.5,61.000007823,0.9748434
-115.5,61.000007823,0.9748434
-112.5,61.000007823,0.9748434
-109.5,61.000007823,0.9748434
-106.5,61.000007823,0.9748434
-103.5,61.000007823,0.9748434
-100.5,61.000007823,0.9748434
-97.5,61.000007823,0.9748434
-94.5,61.000007823,0.9748434
-91.5,61.000007823,0.78716177
-82.5,61.000007823,0.42446867
-79.5,61.000007823,0.13565451
-76.5,61.000007823,0.84824944
-73.5,61.000007823,0.84306663
-70.5,61.000007823,0.8111978
-67.5,61.000007823,0.48290887
-64.5,61.000007823,0.048685536
-49.5,61.000007823,3.292289E-4
-46.5,61.000007823,5.9169246E-4
-43.5,61.000007823,3.6876026E-4
-7.5,61.000007823,2.6921858E-5
-1.5,61.000007823,3.1697025E-5
4.5,61.000007823,1.9725993E-4
7.5,61.000007823,4.1268065E-4
10.5,61.000007823,1.3800149E-4
13.5,61.000007823,1.4250117E-4
16.5,61.000007823,7.101117E-4
19.5,61.000007823,0.007685478
22.5,61.000007823,0.009140717
25.5,61.000007823,0.011085063
28.5,61.000007823,0.012914238
31.5,61.000007823,0.01407504
34.5,61.000007823,0.021889066
37.5,61.000007823,0.07340597
40.5,61.000007823,0.097487696
43.5,61.000007823,0.1264306
46.5,61.000007823,0.24353835
49.5,61.000007823,0.28031367
52.5,61.000007823,0.3026976
55.5,61.000007823,0.3156884
58.5,61.000007823,0.3439482
61.5,61.000007823,0.34958982
64.5,61.000007823,0.53511995
67.5,61.000007823,0.7186819
70.5,61.000007823,0.7465827
73.5,61.000007823,0.9425519
76.5,61.000007823,0.880931
79.5,61.000007823,0.8830799
82.5,61.000007823,0.881036
85.5,61.000007823,0.8870319
88.5,61.000007823,0.9748434
91.5,61.000007823,0.9748434
94.5,61.000007823,0.9748434
97.5,61.000007823,0.9748434
100.5,61.000007823,0.9748434
103.5,61.000007823,0.9748434
106.5,61.000007823,0.9748434
109.5,61.000007823,0.9748434
112.5,61.000007823,0.9748434
115.5,61.000007823,0.9748434
118.5,61.000007823,0.9748434
121.5,61.000007823,0.9748434
124.5,61.000007823,0.9748434
127.5,61.000007823,0.9748434
130.5,61.000007823,0.9748434
133.5,61.000007823,0.9748434
136.5,61.000007823,0.9748434
139.5,61.000007823,0.9748434
142.5,61.000007823,0.9748434
145.5,61.000007823,0.9748434
148.5,61.000007823,0.9748434
151.5,61.000007823,0.9748434
154.5,61.000007823,0.9748434
157.5,61.000007823,0.9748434
160.5,61.000007823,0.9706385
163.5,61.000007823,0.7334295
166.5,61.000007823,0.24039395
169.5,61.000007823,0.033661965
172.5,61.000007823,0.036335427
175.5,61.000007823,0.07550711
178.5,61.000007823,0.06435206
-169.5,58.000007823,0.0044512516
-160.5,58.000007823,0.013398546
-157.5,58.000007823,5.918033E-4
-154.5,58.000007823,4.388595E-4
-151.5,58.000007823,3.3632055E-4
-145.5,58.000007823,0.0025162427
-139.5,58.000007823,3.8243915E-4
-136.5,58.000007823,3.617908E-4
-133.5,58.000007823,4.6879592E-4
-130.5,58.000007823,0.0014386899
-127.5,58.000007823,0.009068249
-124.5,58.000007823,0.0123659
-121.5,58.000007823,0.2355411
-118.5,58.000007823,0.394093
-115.5,58.000007823,0.35665765
-112.5,58.000007823,0.7597089
-109.5,58.000007823,0.7961969
-106.5,58.000007823,0.9497833
-103.5,58.000007823,0.9527814
-100.5,58.000007823,0.9748434
-97.5,58.000007823,0.95633817
-94.5,58.000007823,0.95365715
-91.5,58.000007823,0.95135707
-88.5,58.000007823,0.94607556
-79.5,58.000007823,0.8763128
-76.5,58.000007823,0.8684852
-73.5,58.000007823,0.8662019
-70.5,58.000007823,0.86728406
-67.5,58.000007823,0.7309972
-64.5,58.000007823,0.6272395
-61.5,58.000007823,0.08865973
-7.5,58.000007823,2.8741939E-5
-4.5,58.000007823,1.4242105E-4
-1.5,58.000007823,2.7502065E-5
4.5,58.000007823,0.0028795952
7.5,58.000007823,0.0053517623
10.5,58.000007823,0.0038342096
13.5,58.000007823,5.059698E-4
16.5,58.000007823,5.337618E-4
19.5,58.000007823,0.0041964124
22.5,58.000007823,0.008682224
25.5,58.000007823,0.010481149
28.5,58.000007823,0.012208856
31.5,58.000007823,0.013108426
34.5,58.000007823,0.01470249
37.5,58.000007823,0.025374204
40.5,58.000007823,0.14754777
43.5,58.000007823,0.15893127
46.5,58.000007823,0.22215347
49.5,58.000007823,0.29003012
52.5,58.000007823,0.30284598
55.5,58.000007823,0.30807486
58.5,58.000007823,0.19457719
61.5,58.000007823,0.3336455
64.5,58.000007823,0.4545669
67.5,58.000007823,0.57733744
70.5,58.000007823,0.728713
73.5,58.000007823,0.73974544
76.5,58.000007823,0.5667733
79.5,58.000007823,0.56485504
82.5,58.000007823,0.7340562
85.5,58.000007823,0.72847056
88.5,58.000007823,0.38757315
91.5,58.000007823,0.39855123
94.5,58.000007823,0.88532716
97.5,58.000007823,0.9748434
100.5,58.000007823,0.9748434
103.5,58.000007823,0.9748434
106.5,58.000007823,0.9748434
109.5,58.000007823,0.9748434
112.5,58.000007823,0.9748434
115.5,58.000007823,0.9748434
118.5,58.000007823,0.9748434
121.5,58.000007823,0.9748434
124.5,58.000007823,0.9748434
127.5,58.000007823,0.9748434
130.5,58.000007823,0.9748434
133.5,58.000007823,0.9748434
136.5,58.000007823,0.9748434
139.5,58.000007823,0.9748434
142.5,58.000007823,0.9714734
145.5,58.000007823,0.9678908
148.5,58.000007823,0.104528435
151.5,58.000007823,0.0038904618
154.5,58.000007823,0.7272045
157.5,58.000007823,0.05839006
160.5,58.000007823,0.107366525
163.5,58.000007823,0.029069291
-166.5,55.000007823,0.0
-163.5,55.000007823,3.2939794E-4
-160.5,55.000007823,3.6830292E-4
-157.5,55.000007823,3.9004048E-4
-154.5,55.000007823,3.4580225E-4
-133.5,55.000007823,1.7103963E-4
-130.5,55.000007823,3.3486084E-4
-127.5,55.000007823,5.907665E-4
-124.5,55.000007823,0.003661281
-121.5,55.000007823,0.0039479844
-118.5,55.000007823,0.008710841
-115.5,55.000007823,0.012439457
-112.5,55.000007823,0.016688604
-109.5,55.000007823,0.23283741
-106.5,55.000007823,0.34237227
-103.5,55.000007823,0.77569145
-100.5,55.000007823,0.8793559
-97.5,55.000007823,0.8885069
-94.5,55.000007823,0.9498475
-91.5,55.000007823,0.94668615
-88.5,55.000007823,0.94143134
-85.5,55.000007823,0.93041295
-82.5,55.000007823,0.5989864
-79.5,55.000007823,0.74422795
-76.5,55.000007823,0.76141703
-73.5,55.000007823,0.92451483
-70.5,55.000007823,0.92846334
-67.5,55.000007823,0.8792621
-64.5,55.000007823,0.71569866
-61.5,55.000007823,0.13525958
-58.5,55.000007823,0.024539342
-55.5,55.000007823,0.013087367
-10.5,55.000007823,2.3051927E-5
-7.5,55.000007823,2.5425568E-5
-4.5,55.000007823,3.0700812E-5
-1.5,55.000007823,3.135935E-5
7.5,55.000007823,2.4899078E-4
10.5,55.000007823,2.6792675E-4
13.5,55.000007823,6.028229E-5
16.5,55.000007823,0.007496094
19.5,55.000007823,0.007871604
22.5,55.000007823,0.0
25.5,55.000007823,0.0
28.5,55.000007823,0.011598669
31.5,55.000007823,0.012873891
34.5,55.000007823,0.015099073
37.5,55.000007823,0.017747248
40.5,55.000007823,0.06352424
43.5,55.000007823,0.17779176
46.5,55.000007823,0.25147912
49.5,55.000007823,0.2802417
52.5,55.000007823,0.34171197
55.5,55.000007823,0.22447662
58.5,55.000007823,0.243685
61.5,55.000007823,0.35384414
64.5,55.000007823,0.7110238
67.5,55.000007823,0.7292742
70.5,55.000007823,0.7268553
73.5,55.000007823,0.7405961
76.5,55.000007823,0.77137995
79.5,55.000007823,0.74972177
82.5,55.000007823,0.5644027
85.5,55.000007823,0.36952788
88.5,55.000007823,0.36625364
91.5,55.000007823,0.3931157
94.5,55.000007823,0.7714096
97.5,55.000007823,0.9748434
100.5,55.000007823,0.18549456
103.5,55.000007823,0.9748434
106.5,55.000007823,0.9748434
109.5,55.000007823,0.9748434
112.5,55.000007823,0.9748434
115.5,55.000007823,0.9748434
118.5,55.000007823,0.9748434
121.5,55.000007823,0.9748434
124.5,55.000007823,0.9748434
127.5,55.000007823,0.9748434
130.5,55.000007823,0.9748434
133.5,55.000007823,0.9748434
136.5,55.000007823,0.9748434
139.5,55.000007823,0.93731934
142.5,55.000007823,0.3834979
154.5,55.000007823,0.03199608
157.5,55.000007823,0.041344643
160.5,55.000007823,0.024506748
163.5,55.000007823,0.014738243
166.5,55.000007823,3.1611018E-4
-178.5,52.000007823,1.6119673E-4
-175.5,52.000007823,1.5802693E-4
-172.5,52.000007823,1.6983545E-4
-169.5,52.000007823,1.8450456E-4
-166.5,52.000007823,0.0
-133.5,52.000007823,3.5800524E-5
-130.5,52.000007823,3.671246E-5
-127.5,52.000007823,1.8493438E-4
-124.5,52.000007823,4.1036127E-4
-121.5,52.000007823,5.726715E-4
-118.5,52.000007823,8.667017E-4
-115.5,52.000007823,0.003989428
-112.5,52.000007823,0.008981428
-109.5,52.000007823,0.018688587
-106.5,52.000007823,0.12410566
-103.5,52.000007823,0.19882573
-100.5,52.000007823,0.22851914
-97.5,52.000007823,0.39613733
-94.5,52.000007823,0.3852012
-91.5,52.000007823,0.37790066
-88.5,52.000007823,0.3682862
-85.5,52.000007823,0.22849059
-82.5,52.000007823,0.19701232
-79.5,52.000007823,0.2328101
-76.5,52.000007823,0.34977433
-73.5,52.000007823,0.83892
-70.5,52.000007823,0.61172485
-67.5,52.000007823,0.20517105
-64.5,52.000007823,0.17204298
-61.5,52.000007823,0.12646502
-58.5,52.000007823,0.023454268
-55.5,52.000007823,0.013051207
-10.5,52.000007823,2.2175467E-5
-7.5,52.000007823,2.3727851E-5
-4.5,52.000007823,3.6055768E-5
-1.5,52.000007823,3.424964E-5
1.5,52.000007823,3.840527E-5
4.5,52.000007823,4.4771903E-5
7.5,52.000007823,2.0519237E-4
10.5,52.000007823,2.3239634E-4
13.5,52.000007823,2.958343E-4
16.5,52.000007823,5.7660585E-4
19.5,52.000007823,6.80225E-4
22.5,52.000007823,7.549917E-4
25.5,52.000007823,7.9962396E-4
28.5,52.000007823,0.0
31.5,52.000007823,0.013012199
34.5,52.000007823,0.015413516
37.5,52.000007823,0.018491616
40.5,52.000007823,0.08321714
43.5,52.000007823,0.10137732
46.5,52.000007823,0.1747921
49.5,52.000007823,0.21186668
52.5,52.000007823,0.31658137
55.5,52.000007823,0.40021965
58.5,52.000007823,0.2467651
61.5,52.000007823,0.018547857
64.5,52.000007823,0.039026964
67.5,52.000007823,0.035824567
70.5,52.000007823,0.036116704
73.5,52.000007823,0.037969325
76.5,52.000007823,0.043354325
79.5,52.000007823,0.03720807
82.5,52.000007823,0.35766205
85.5,52.000007823,0.11231297
88.5,52.000007823,0.33302587
91.5,52.000007823,0.9748434
94.5,52.000007823,0.9748434
97.5,52.000007823,0.9748434
100.5,52.000007823,0.38207358
103.5,52.000007823,0.0
106.5,52.000007823,0.80563676
109.5,52.000007823,0.9748434
112.5,52.000007823,0.9748434
115.5,52.000007823,0.9748434
118.5,52.000007823,0.9748434
121.5,52.000007823,0.9748434
124.5,52.000007823,0.9748434
127.5,52.000007823,0.9748434
130.5,52.000007823,0.9748434
133.5,52.000007823,0.9748434
136.5,52.000007823,0.9748434
139.5,52.000007823,0.9463736
142.5,52.000007823,0.38848975
154.5,52.000007823,0.009021858
157.5,52.000007823,0.022353817
160.5,52.000007823,0.016125588
172.5,52.000007823,1.8617856E-4
178.5,52.000007823,1.8028943E-4
-127.5,49.000007823,2.7642232E-5
-124.5,49.000007823,1.4370994E-4
-121.5,49.000007823,3.533095E-4
-118.5,49.000007823,5.5731524E-4
-115.5,49.000007823,5.00199E-4
-112.5,49.000007823,0.0026255413
-109.5,49.000007823,0.0010754612
-106.5,49.000007823,2.5996237E-4
-103.5,49.000007823,0.017847233
-100.5,49.000007823,0.01002342
-97.5,49.000007823,0.19452478
-94.5,49.000007823,0.34764516
-91.5,49.000007823,0.20886494
-88.5,49.000007823,0.0
-85.5,49.000007823,0.0032245477
-82.5,49.000007823,0.004171682
-79.5,49.000007823,0.11158485
-76.5,49.000007823,0.20386086
-73.5,49.000007823,0.20116682
-70.5,49.000007823,0.16907728
-67.5,49.000007823,0.122477844
-64.5,49.000007823,0.020679653
-61.5,49.000007823,0.01729608
-58.5,49.000007823,0.008808037
-55.5,49.000007823,6.740271E-4
-52.5,49.000007823,1.1461739E-4
-7.5,49.000007823,2.9947758E-5
-4.5,49.000007823,2.986693E-5
-1.5,49.000007823,3.1083993E-5
1.5,49.000007823,3.675631E-5
4.5,49.000007823,4.22542E-5
7.5,49.000007823,2.2201949E-4
10.5,49.000007823,2.505638E-4
13.5,49.000007823,4.522804E-4
16.5,49.000007823,4.7821185E-4
19.5,49.000007823,5.4496864E-4
22.5,49.000007823,6.186878E-4
25.5,49.000007823,6.8872084E-4
28.5,49.000007823,8.6650497E-4
31.5,49.000007823,0.012835322
34.5,49.000007823,0.014597478
37.5,49.000007823,0.017156083
40.5,49.000007823,0.05975639
43.5,49.000007823,0.09794582
46.5,49.000007823,0.0034460712
49.5,49.000007823,0.005628708
52.5,49.000007823,0.023969764
55.5,49.000007823,0.011340764
58.5,49.000007823,0.016961094
61.5,49.000007823,0.023940168
64.5,49.000007823,0.03162618
67.5,49.000007823,0.034222096
70.5,49.000007823,0.016060574
73.5,49.000007823,0.030948177
76.5,49.000007823,0.033706874
79.5,49.000007823,0.03143127
82.5,49.000007823,0.3637333
85.5,49.000007823,0.123195395
88.5,49.000007823,4.377562E-4
91.5,49.000007823,0.9748434
94.5,49.000007823,0.9748434
97.5,49.000007823,0.9748434
100.5,49.000007823,0.004577258
103.5,49.000007823,4.0282015E-4
106.5,49.000007823,0.9748434
109.5,49.000007823,0.9748434
112.5,49.000007823,0.9748434
115.5,49.000007823,0.9748434
118.5,49.000007823,0.9748434
121.5,49.000007823,0.9748434
124.5,49.000007823,0.9748434
127.5,49.000007823,0.9748434
130.5,49.000007823,0.9748434
133.5,49.000007823,0.9748434
136.5,49.000007823,0.5942822
139.5,49.000007823,0.33724946
142.5,49.000007823,0.26935634
145.5,49.000007823,0.18275979
154.5,49.000007823,0.0
-124.5,46.000007823,1.9637077E-5
-121.5,46.000007823,1.6182645E-4
-118.5,46.000007823,3.652883E-4
-115.5,46.000007823,3.5799475E-4
-112.5,46.000007823,0.0017637274
-109.5,46.000007823,0.0020657391
-106.5,46.000007823,0.0020692223
-103.5,46.000007823,0.005176769
-100.5,46.000007823,0.012345674
-97.5,46.000007823,0.015993167
-94.5,46.000007823,0.0032281484
-91.5,46.000007823,0.010817861
-88.5,46.000007823,0.00823767
-85.5,46.000007823,0.0033552912
-82.5,46.000007823,0.0010900839
-79.5,46.000007823,0.0019635912
-76.5,46.000007823,0.0
-73.5,46.000007823,0.0
-70.5,46.000007823,0.008464677
-67.5,46.000007823,0.004784374
-64.5,46.000007823,9.481175E-4
-61.5,46.000007823,1.5645158E-4
-58.5,46.000007823,0.0
-55.5,46.000007823,4.843024E-4
-52.5,46.000007823,4.5466895E-4
-4.5,46.000007823,2.9287345E-5
-1.5,46.000007823,3.2053325E-5
1.5,46.000007823,3.3232296E-5
4.5,46.000007823,4.5546945E-5
7.5,46.000007823,2.4548155E-4
10.5,46.000007823,2.747428E-4
13.5,46.000007823,2.6517996E-4
16.5,46.000007823,2.9888243E-4
19.5,46.000007823,3.3338912E-4
22.5,46.000007823,3.2316407E-4
25.5,46.000007823,5.7396333E-4
28.5,46.000007823,4.7563575E-4
31.5,46.000007823,0.0070040612
34.5,46.000007823,5.060894E-4
37.5,46.000007823,0.0073597156
40.5,46.000007823,0.001028078
43.5,46.000007823,0.0
46.5,46.000007823,0.0021312865
49.5,46.000007823,0.0
52.5,46.000007823,8.6664454E-7
55.5,46.000007823,1.9433044E-6
58.5,46.000007823,4.3729933E-6
61.5,46.000007823,5.0857993E-6
64.5,46.000007823,4.4562375E-6
67.5,46.000007823,0.0
70.5,46.000007823,1.12704576E-7
73.5,46.000007823,1.3846385E-10
76.5,46.000007823,0.006379401
79.5,46.000007823,0.002507693
82.5,46.000007823,0.006163787
85.5,46.000007823,3.5325262E-10
88.5,46.000007823,2.15493E-6
91.5,46.000007823,2.5952383E-7
94.5,46.000007823,1.1198136E-7
97.5,46.000007823,1.2349983E-7
100.5,46.000007823,4.2890804E-4
103.5,46.000007823,6.9353665E-4
106.5,46.000007823,2.3625771E-11
109.5,46.000007823,7.016117E-12
112.5,46.000007823,0.11002757
115.5,46.000007823,0.22436085
118.5,46.000007823,0.8052672
121.5,46.000007823,0.39241415
124.5,46.000007823,0.47839454
127.5,46.000007823,0.9748434
130.5,46.000007823,0.4490639
133.5,46.000007823,0.41703486
136.5,46.000007823,0.18068707
139.5,46.000007823,0.048675932
142.5,46.000007823,0.028986517
148.5,46.000007823,0.016254632
151.5,46.000007823,0.0055326098
-124.5,43.000007823,1.6656504E-5
-121.5,43.000007823,1.333772E-4
-118.5,43.000007823,2.3841183E-5
-115.5,43.000007823,0.0016187784
-112.5,43.000007823,0.0023380732
-109.5,43.000007823,0.0012501293
-106.5,43.000007823,6.274924E-5
-103.5,43.000007823,0.0028864094
-100.5,43.000007823,0.0045616347
-97.5,43.000007823,0.006777837
-94.5,43.000007823,0.007747142
-91.5,43.000007823,0.0068084425
-88.5,43.000007823,0.005320925
-85.5,43.000007823,0.003056979
-82.5,43.000007823,0.0010478596
-79.5,43.000007823,9.662892E-4
-76.5,43.000007823,0.0028436417
-73.5,43.000007823,0.0036842783
-70.5,43.000007823,0.002561582
-67.5,43.000007823,7.4445864E-4
-64.5,43.000007823,5.016385E-4
-58.5,43.000007823,0.0037292545
-10.5,43.000007823,2.252169E-5
-7.5,43.000007823,2.8234987E-5
-4.5,43.000007823,3.327464E-5
-1.5,43.000007823,3.2900465E-5
1.5,43.000007823,3.9173985E-5
4.5,43.000007823,4.1124295E-5
7.5,43.000007823,4.4605124E-5
10.5,43.000007823,5.013381E-5
13.5,43.000007823,5.3868716E-5
16.5,43.000007823,5.5647248E-5
19.5,43.000007823,2.5939415E-4
22.5,43.000007823,2.963062E-4
25.5,43.000007823,3.4242426E-4
28.5,43.000007823,7.705407E-5
31.5,43.000007823,4.311379E-5
34.5,43.000007823,5.8864032E-5
37.5,43.000007823,7.64252E-5
40.5,43.000007823,2.4225812E-4
43.5,43.000007823,5.017277E-4
46.5,43.000007823,8.2530646E-4
49.5,43.000007823,2.0837253E-4
52.5,43.000007823,0.0
55.5,43.000007823,1.1844079E-8
58.5,43.000007823,5.877092E-8
61.5,43.000007823,6.38648E-8
64.5,43.000007823,6.674534E-8
67.5,43.000007823,1.6012491E-4
70.5,43.000007823,0.0053179134
73.5,43.000007823,0.0054309964
76.5,43.000007823,2.4481583E-4
79.5,43.000007823,0.006195894
82.5,43.000007823,9.130735E-5
85.5,43.000007823,0.0
88.5,43.000007823,1.1816095E-7
91.5,43.000007823,5.861644E-8
94.5,43.000007823,9.707328E-8
97.5,43.000007823,9.162012E-8
100.5,43.000007823,9.9305346E-8
103.5,43.000007823,8.3136996E-8
106.5,43.000007823,2.1867226E-7
109.5,43.000007823,1.4323575E-7
112.5,43.000007823,2.522359E-4
115.5,43.000007823,2.3316777E-4
118.5,43.000007823,0.021424195
121.5,43.000007823,0.031777915
124.5,43.000007823,0.35276
127.5,43.000007823,0.0
130.5,43.000007823,0.102067515
133.5,43.000007823,0.23239642
136.5,43.000007823,0.11064304
139.5,43.000007823,0.011976767
142.5,43.000007823,0.014669054
145.5,43.000007823,0.019995047
-124.5,40.000007823,1.3701566E-5
-121.5,40.000007823,2.9123017E-5
-118.5,40.000007823,1.9205505E-5
-115.5,40.000007823,3.749056E-5
-112.5,40.000007823,5.837647E-5
-109.5,40.000007823,6.171861E-5
-106.5,40.000007823,0.0016266966
-103.5,40.000007823,0.0021778634
-100.5,40.000007823,0.003342818
-97.5,40.000007823,0.0046022064
-94.5,40.000007823,0.00472125
-91.5,40.000007823,0.0044612787
-88.5,40.000007823,0.0041136607
-85.5,40.000007823,0.0026573164
-82.5,40.000007823,7.401739E-4
-79.5,40.000007823,6.150402E-4
-76.5,40.000007823,4.3630108E-4
-73.5,40.000007823,4.3268737E-4
-70.5,40.000007823,4.0472485E-4
-28.5,40.000007823,2.7211534E-5
-10.5,40.000007823,2.2102437E-5
-7.5,40.000007823,3.2296266E-5
-4.5,40.000007823,4.616694E-5
-1.5,40.000007823,4.053524E-5
1.5,40.000007823,3.8230603E-5
4.5,40.000007823,3.799536E-5
7.5,40.000007823,3.8670496E-5
10.5,40.000007823,4.2859232E-5
13.5,40.000007823,3.9949326E-5
16.5,40.000007823,4.793231E-5
19.5,40.000007823,4.6245317E-5
22.5,40.000007823,5.7300505E-5
25.5,40.000007823,5.4476535E-5
28.5,40.000007823,4.868011E-5
31.5,40.000007823,2.3974181E-4
34.5,40.000007823,2.492229E-4
37.5,40.000007823,2.873745E-4
40.5,40.000007823,6.775791E-4
43.5,40.000007823,7.257551E-4
46.5,40.000007823,3.8969223E-4
49.5,40.000007823,2.10266E-5
52.5,40.000007823,8.667652E-10
55.5,40.000007823,5.180172E-9
58.5,40.000007823,2.3550848E-8
61.5,40.000007823,1.9464306E-8
64.5,40.000007823,3.1581758E-13
67.5,40.000007823,0.0013782424
70.5,40.000007823,0.0036313867
73.5,40.000007823,0.009360784
76.5,40.000007823,6.3671465E-8
79.5,40.000007823,4.1627626E-8
82.5,40.000007823,5.109764E-8
85.5,40.000007823,5.766106E-8
88.5,40.000007823,5.281435E-8
91.5,40.000007823,4.170843E-8
94.5,40.000007823,4.9586273E-8
97.5,40.000007823,4.6994895E-8
100.5,40.000007823,4.4885784E-8
103.5,40.000007823,6.5758634E-8
106.5,40.000007823,5.977063E-8
109.5,40.000007823,3.2229145E-4
112.5,40.000007823,0.010770671
115.5,40.000007823,0.0077930097
118.5,40.000007823,0.0074031837
121.5,40.000007823,0.09742976
124.5,40.000007823,0.100890346
127.5,40.000007823,0.0103809675
130.5,40.000007823,9.961792E-4
139.5,40.000007823,0.011683332
142.5,40.000007823,1.6607087E-4
-121.5,37.000007823,1.5847749E-5
-118.5,37.000007823,3.8088943E-5
-115.5,37.000007823,5.587365E-6
-112.5,37.000007823,2.3077968E-5
-109.5,37.000007823,3.1166335E-5
-106.5,37.000007823,0.0013843081
-103.5,37.000007823,9.909438E-4
-100.5,37.000007823,0.001579743
-97.5,37.000007823,4.5596823E-4
-94.5,37.000007823,3.0307993E-4
-91.5,37.000007823,0.0012006166
-88.5,37.000007823,9.293456E-5
-85.5,37.000007823,7.511243E-5
-82.5,37.000007823,2.597884E-4
-79.5,37.000007823,6.051314E-5
-76.5,37.000007823,6.769666E-5
-28.5,37.000007823,2.808855E-5
-25.5,37.000007823,2.2485858E-5
-7.5,37.000007823,2.9513878E-5
-4.5,37.000007823,3.7304064E-5
-1.5,37.000007823,3.5874837E-5
1.5,37.000007823,5.7577392E-5
4.5,37.000007823,4.47612E-5
7.5,37.000007823,3.881089E-5
10.5,37.000007823,3.5368208E-5
13.5,37.000007823,4.4110504E-5
16.5,37.000007823,3.977506E-5
19.5,37.000007823,4.567575E-5
22.5,37.000007823,4.3456916E-5
25.5,37.000007823,4.7207803E-5
28.5,37.000007823,4.482243E-5
31.5,37.000007823,5.1285304E-5
34.5,37.000007823,5.3051437E-5
37.5,37.000007823,7.585699E-5
40.5,37.000007823,3.0961228E-4
43.5,37.000007823,3.570786E-4
46.5,37.000007823,0.0020342362
49.5,37.000007823,7.0735965E-5
52.5,37.000007823,7.619852E-5
55.5,37.000007823,2.101185E-6
58.5,37.000007823,4.0762185E-5
61.5,37.000007823,9.619126E-6
64.5,37.000007823,8.756099E-6
67.5,37.000007823,8.941547E-6
70.5,37.000007823,7.299466E-4
73.5,37.000007823,2.8847627E-4
76.5,37.000007823,6.5960705E-8
79.5,37.000007823,3.3926906E-8
82.5,37.000007823,3.2250092E-8
85.5,37.000007823,4.540957E-8
88.5,37.000007823,3.052114E-8
91.5,37.000007823,2.7604122E-8
94.5,37.000007823,2.7504196E-8
97.5,37.000007823,1.2053265E-4
100.5,37.000007823,0.002550661
103.5,37.000007823,8.5836815E-5
106.5,37.000007823,0.002367517
109.5,37.000007823,0.0047400645
112.5,37.000007823,0.0043771663
115.5,37.000007823,0.0034932469
118.5,37.000007823,0.0024255004
121.5,37.000007823,0.008694268
124.5,37.000007823,0.01465743
127.5,37.000007823,0.003316201
130.5,37.000007823,4.6390254E-4
133.5,37.000007823,8.6816006E-5
136.5,37.000007823,1.0491876E-4
139.5,37.000007823,4.588668E-4
142.5,37.000007823,1.964848E-5
-121.5,34.000007823,6.7246847E-6
-118.5,34.000007823,1.0891336E-5
-115.5,34.000007823,1.0482258E-6
-112.5,34.000007823,9.2570883E-7
-109.5,34.000007823,9.8435194E-5
-106.5,34.000007823,2.6469354E-6
-103.5,34.000007823,1.3184207E-4
-100.5,34.000007823,1.9807817E-4
-97.5,34.000007823,7.608337E-5
-94.5,34.000007823,6.381354E-5
-91.5,34.000007823,6.56694E-5
-88.5,34.000007823,5.348824E-5
-85.5,34.000007823,4.9259797E-5
-82.5,34.000007823,4.3517055E-5
-79.5,34.000007823,4.5810782E-5
-76.5,34.000007823,5.0946957E-5
-16.5,34.000007823,1.6393238E-5
-7.5,34.000007823,2.1152939E-5
-4.5,34.000007823,3.283875E-5
-1.5,34.000007823,1.0263411E-6
1.5,34.000007823,1.5018486E-6
4.5,34.000007823,3.7565887E-10
7.5,34.000007823,3.7705944E-10
10.5,34.000007823,1.0479762E-6
13.5,34.000007823,6.5399905E-7
22.5,34.000007823,2.3549395E-5
25.5,34.000007823,4.4429995E-5
28.5,34.000007823,4.5948127E-5
31.5,34.000007823,2.6410258E-5
34.5,34.000007823,3.345925E-5
37.5,34.000007823,1.1345239E-6
40.5,34.000007823,1.348009E-9
43.5,34.000007823,1.8440445E-13
46.5,34.000007823,2.9395567E-4
49.5,34.000007823,3.4959186E-5
52.5,34.000007823,2.5175433E-9
55.5,34.000007823,2.1737359E-9
58.5,34.000007823,1.7053114E-9
61.5,34.000007823,6.426543E-6
64.5,34.000007823,6.0391372E-5
67.5,34.000007823,6.87029E-4
70.5,34.000007823,7.542199E-5
73.5,34.000007823,6.8734276E-5
76.5,34.000007823,0.0011982314
79.5,34.000007823,3.428905E-8
82.5,34.000007823,2.714789E-8
85.5,34.000007823,5.9681255E-9
88.5,34.000007823,2.1537036E-5
91.5,34.000007823,2.0112499E-5
94.5,34.000007823,8.037566E-4
97.5,34.000007823,7.312529E-4
100.5,34.000007823,5.2468054E-4
103.5,34.000007823,3.5025403E-4
106.5,34.000007823,4.240833E-4
109.5,34.000007823,5.5195467E-4
112.5,34.000007823,5.647091E-4
115.5,34.000007823,1.493473E-4
118.5,34.000007823,1.5361278E-4
121.5,34.000007823,0.0016482287
124.5,34.000007823,0.0014015831
127.5,34.000007823,1.0366995E-4
130.5,34.000007823,8.5158325E-5
133.5,34.000007823,9.059462E-5
136.5,34.000007823,9.131502E-5
139.5,34.000007823,7.7026656E-5
-115.5,31.000007823,6.9596903E-15
-112.5,31.000007823,5.5212473E-7
-109.5,31.000007823,2.2550044E-5
-106.5,31.000007823,7.125196E-7
-103.5,31.000007823,8.1690746E-7
-100.5,31.000007823,4.3229014E-5
-97.5,31.000007823,4.9016286E-5
-94.5,31.000007823,4.3676086E-5
-91.5,31.000007823,3.9022907E-5
-88.5,31.000007823,3.8044043E-5
-85.5,31.000007823,3.3467844E-5
-82.5,31.000007823,2.9844854E-5
-79.5,31.000007823,4.589201E-5
-64.5,31.000007823,3.0003102E-5
-10.5,31.000007823,4.4939034E-7
-7.5,31.000007823,7.5479613E-7
-4.5,31.000007823,1.4196255E-9
-1.5,31.000007823,1.8188421E-9
1.5,31.000007823,1.4505589E-9
4.5,31.000007823,1.8060943E-9
7.5,31.000007823,1.6072371E-9
10.5,31.000007823,2.446442E-10
13.5,31.000007823,2.0393202E-10
16.5,31.000007823,1.4516889E-10
19.5,31.000007823,1.2235035E-10
22.5,31.000007823,1.3382426E-10
25.5,31.000007823,1.4869528E-10
28.5,31.000007823,1.4557985E-10
31.5,31.000007823,1.4296381E-10
34.5,31.000007823,6.4841936E-7
37.5,31.000007823,2.9274325E-10
40.5,31.000007823,4.7778836E-10
43.5,31.000007823,1.4578412E-9
46.5,31.000007823,1.4055844E-9
49.5,31.000007823,5.574231E-6
52.5,31.000007823,6.7403307E-6
55.5,31.000007823,1.6120476E-9
58.5,31.000007823,3.5523706E-10
61.5,31.000007823,1.7013041E-9
64.5,31.000007823,1.6606815E-9
67.5,31.000007823,6.6491402E-6
70.5,31.000007823,4.386958E-6
73.5,31.000007823,2.9421568E-5
76.5,31.000007823,4.25621E-5
79.5,31.000007823,2.963008E-4
82.5,31.000007823,3.6537347E-4
85.5,31.000007823,9.662077E-6
88.5,31.000007823,1.2221091E-5
91.5,31.000007823,1.1804911E-5
94.5,31.000007823,2.7211828E-4
97.5,31.000007823,2.1924259E-4
100.5,31.000007823,2.1339887E-4
103.5,31.000007823,2.2511109E-4
106.5,31.000007823,1.750778E-5
109.5,31.000007823,8.879435E-5
112.5,31.000007823,2.4368612E-5
115.5,31.000007823,0.0
118.5,31.000007823,0.0016049017
121.5,31.000007823,0.0014214338
130.5,31.000007823,6.2672545E-5
-178.5,28.000007823,2.5153298E-5
-118.5,28.000007823,3.741655E-11
-115.5,28.000007823,4.802552E-11
-112.5,28.000007823,6.943739E-11
-109.5,28.000007823,1.3105037E-5
-106.5,28.000007823,1.4260994E-5
-103.5,28.000007823,5.208473E-7
-100.5,28.000007823,3.1428703E-5
-97.5,28.000007823,3.489101E-5
-94.5,28.000007823,4.4463974E-5
-91.5,28.000007823,3.656435E-5
-88.5,28.000007823,4.4109598E-5
-82.5,28.000007823,1.5888989E-5
-79.5,28.000007823,1.5488422E-5
-76.5,28.000007823,1.8091187E-5
-16.5,28.000007823,4.0451778E-7
-13.5,28.000007823,7.334404E-11
-10.5,28.000007823,1.15005665E-10
-7.5,28.000007823,1.0223433E-9
-4.5,28.000007823,1.5755214E-9
-1.5,28.000007823,1.8954032E-9
1.5,28.000007823,1.7239492E-9
4.5,28.000007823,1.5251294E-9
7.5,28.000007823,1.356903E-9
10.5,28.000007823,2.9201994E-10
13.5,28.000007823,2.3902844E-10
16.5,28.000007823,1.5765805E-10
19.5,28.000007823,1.3168198E-10
22.5,28.000007823,1.6554617E-10
25.5,28.000007823,1.585339E-10
28.5,28.000007823,1.379576E-10
31.5,28.000007823,1.362564E-10
34.5,28.000007823,1.7490762E-10
37.5,28.000007823,2.347928E-10
40.5,28.000007823,3.1798614E-10
43.5,28.000007823,3.0750125E-14
46.5,28.000007823,3.697363E-14
49.5,28.000007823,4.1918188E-10
52.5,28.000007823,1.1629587E-6
55.5,28.000007823,2.224643E-14
58.5,28.000007823,3.016657E-10
61.5,28.000007823,2.9168412E-10
64.5,28.000007823,8.480411E-10
67.5,28.000007823,2.7392769E-10
70.5,28.000007823,2.885043E-10
73.5,28.000007823,1.023864E-6
76.5,28.000007823,3.7709327E-5
79.5,28.000007823,3.5710622E-5
82.5,28.000007823,2.6842445E-5
85.5,28.000007823,2.2375374E-5
88.5,28.000007823,1.09494395E-4
91.5,28.000007823,1.08040775E-4
94.5,28.000007823,2.2630164E-5
97.5,28.000007823,2.3634973E-5
100.5,28.000007823,8.9851696E-5
103.5,28.000007823,3.882712E-5
106.5,28.000007823,7.512213E-5
109.5,28.000007823,9.1589456E-5
112.5,28.000007823,0.001459116
115.5,28.000007823,1.0334349E-4
118.5,28.000007823,8.0841666E-5
121.5,28.000007823,0.0011332344
127.5,28.000007823,4.357974E-5
130.5,28.000007823,4.682816E-5
142.5,28.000007823,3.740969E-5
-172.5,25.000007823,1.4179275E-5
-112.5,25.000007823,6.023037E-11
-109.5,25.000007823,2.3034445E-7
-106.5,25.000007823,7.2893536E-6
-103.5,25.000007823,4.430753E-6
-100.5,25.000007823,1.0260318E-5
-97.5,25.000007823,2.157387E-5
-82.5,25.000007823,1.3568283E-5
-79.5,25.000007823,1.38701635E-5
-76.5,25.000007823,1.2724872E-5
-73.5,25.000007823,1.0325126E-5
-16.5,25.000007823,5.2347696E-11
-13.5,25.000007823,8.742186E-11
-10.5,25.000007823,1.5608129E-10
-7.5,25.000007823,9.602343E-10
-4.5,25.000007823,1.2525351E-9
-1.5,25.000007823,1.0526972E-9
1.5,25.000007823,3.1815423E-10
4.5,25.000007823,2.6177702E-10
7.5,25.000007823,2.5376748E-10
10.5,25.000007823,2.7487126E-10
13.5,25.000007823,2.5540584E-10
16.5,25.000007823,1.991645E-10
19.5,25.000007823,1.7471903E-10
22.5,25.000007823,1.9157693E-10
25.5,25.000007823,1.7863659E-10
28.5,25.000007823,1.6254313E-10
31.5,25.000007823,1.5099766E-10
34.5,25.000007823,1.2875813E-10
37.5,25.000007823,1.15111067E-10
40.5,25.000007823,1.8179487E-10
43.5,25.000007823,2.5369448E-10
46.5,25.000007823,2.940403E-10
49.5,25.000007823,2.991298E-10
52.5,25.000007823,2.3102377E-10
55.5,25.000007823,1.5855668E-10
58.5,25.000007823,1.9936093E-10
61.5,25.000007823,1.7122163E-10
64.5,25.000007823,1.3439576E-10
67.5,25.000007823,5.880967E-7
70.5,25.000007823,6.050306E-7
73.5,25.000007823,2.5395644E-5
76.5,25.000007823,3.0119754E-5
79.5,25.000007823,3.5282577E-5
82.5,25.000007823,3.6362257E-5
85.5,25.000007823,3.0415189E-5
88.5,25.000007823,2.234749E-5
91.5,25.000007823,1.7704673E-5
94.5,25.000007823,1.6586428E-5
97.5,25.000007823,1.695269E-5
100.5,25.000007823,1.5847396E-5
103.5,25.000007823,2.1754582E-5
106.5,25.000007823,4.3477794E-5
109.5,25.000007823,6.327376E-5
112.5,25.000007823,7.039451E-5
115.5,25.000007823,5.6234097E-5
118.5,25.000007823,5.579696E-5
121.5,25.000007823,2.9778423E-5
124.5,25.000007823,3.664102E-5
127.5,25.000007823,4.301121E-5
130.5,25.000007823,3.4122077E-5
142.5,25.000007823,2.8056611E-5
-160.5,22.000007823,3.5049013E-6
-157.5,22.000007823,3.0829742E-6
-109.5,22.000007823,2.2506151E-7
-106.5,22.000007823,6.092902E-6
-103.5,22.000007823,5.0394565E-6
-100.5,22.000007823,5.20228E-6
-97.5,22.000007823,1.1891687E-5
-91.5,22.000007823,5.4976276E-6
-88.5,22.000007823,3.5531186E-6
-85.5,22.000007823,4.6091673E-6
-82.5,22.000007823,4.879706E-6
-79.5,22.000007823,4.536248E-6
-76.5,22.000007823,5.0288145E-6
-73.5,22.000007823,7.4425698E-6
-70.5,22.000007823,5.935487E-6
-16.5,22.000007823,4.5690146E-11
-13.5,22.000007823,9.0303494E-11
-10.5,22.000007823,1.5060181E-10
-7.5,22.000007823,1.8559948E-10
-4.5,22.000007823,2.1475442E-10
-1.5,22.000007823,2.1205575E-10
1.5,22.000007823,1.9408851E-10
4.5,22.000007823,1.6612951E-10
7.5,22.000007823,1.7239843E-10
10.5,22.000007823,1.9851026E-10
13.5,22.000007823,1.9910296E-10
16.5,22.000007823,1.7784153E-10
19.5,22.000007823,1.5709377E-10
22.5,22.000007823,1.4874672E-10
25.5,22.000007823,1.4613018E-10
28.5,22.000007823,1.4806334E-10
31.5,22.000007823,1.4459824E-10
34.5,22.000007823,1.0120704E-10
37.5,22.000007823,8.1985044E-11
40.5,22.000007823,9.9893434E-11
43.5,22.000007823,1.7877941E-10
46.5,22.000007823,2.3947402E-10
49.5,22.000007823,2.0898018E-10
52.5,22.000007823,1.673139E-10
55.5,22.000007823,1.3375387E-10
58.5,22.000007823,1.3768463E-10
67.5,22.000007823,2.136572E-5
70.5,22.000007823,1.7204735E-5
73.5,22.000007823,1.5627547E-5
76.5,22.000007823,2.0254083E-5
79.5,22.000007823,2.6123069E-5
82.5,22.000007823,2.8852857E-5
85.5,22.000007823,2.5148469E-5
88.5,22.000007823,2.2635553E-5
91.5,22.000007823,1.8048928E-5
94.5,22.000007823,1.717665E-5
97.5,22.000007823,1.5096363E-5
100.5,22.000007823,1.1235882E-5
103.5,22.000007823,1.5875621E-5
106.5,22.000007823,3.3700573E-5
109.5,22.000007823,4.2644853E-5
112.5,22.000007823,4.1144045E-5
115.5,22.000007823,4.0972518E-5
118.5,22.000007823,3.223949E-5
121.5,22.000007823,1.4241055E-5
-154.5,19.000007823,2.1853937E-6
-109.5,19.000007823,4.3289236E-7
-106.5,19.000007823,2.5113693E-6
-103.5,19.000007823,3.3994845E-6
-100.5,19.000007823,3.2263586E-6
-97.5,19.000007823,3.880811E-6
-94.5,19.000007823,6.5134377E-6
-91.5,19.000007823,4.6697924E-6
-88.5,19.000007823,3.7181176E-6
-85.5,19.000007823,3.6134097E-6
-82.5,19.000007823,4.189799E-6
-79.5,19.000007823,2.7621963E-6
-76.5,19.000007823,3.0838405E-6
-73.5,19.000007823,2.238612E-6
-70.5,19.000007823,1.8166853E-6
-67.5,19.000007823,1.7317807E-6
-64.5,19.000007823,3.005165E-6
-61.5,19.000007823,3.998042E-6
-16.5,19.000007823,4.6071504E-11
-13.5,19.000007823,7.820504E-11
-10.5,19.000007823,1.1348429E-10
-7.5,19.000007823,1.2077007E-10
-4.5,19.000007823,1.3488172E-10
-1.5,19.000007823,1.151244E-10
1.5,19.000007823,1.2063903E-10
4.5,19.000007823,1.2084653E-10
7.5,19.000007823,1.1997366E-10
10.5,19.000007823,1.269836E-10
13.5,19.000007823,1.3163401E-10
16.5,19.000007823,1.2233208E-10
19.5,19.000007823,1.0167002E-10
22.5,19.000007823,7.558527E-11
25.5,19.000007823,8.916665E-11
28.5,19.000007823,9.7847154E-11
31.5,19.000007823,1.00247526E-10
34.5,19.000007823,7.633818E-11
37.5,19.000007823,8.26953E-11
40.5,19.000007823,2.550985E-7
43.5,19.000007823,9.6591346E-11
46.5,19.000007823,1.5016174E-10
49.5,19.000007823,1.3589836E-10
52.5,19.000007823,1.1954115E-10
55.5,19.000007823,9.8184745E-11
58.5,19.000007823,8.4379476E-11
73.5,19.000007823,1.0507972E-5
76.5,19.000007823,1.543917E-5
79.5,19.000007823,2.173902E-5
82.5,19.000007823,1.9697467E-5
85.5,19.000007823,1.7716991E-5
91.5,19.000007823,1.8106017E-5
94.5,19.000007823,1.4432394E-5
97.5,19.000007823,1.225396E-5
100.5,19.000007823,1.00225725E-5
103.5,19.000007823,1.0633449E-5
106.5,19.000007823,2.5794316E-5
109.5,19.000007823,2.1160524E-5
112.5,19.000007823,2.9544972E-5
121.5,19.000007823,6.396486E-6
145.5,19.000007823,6.5751788E-6
-100.5,16.000007823,1.2047565E-6
-97.5,16.000007823,1.717401E-6
-94.5,16.000007823,3.1292893E-6
-91.5,16.000007823,2.4009828E-6
-88.5,16.000007823,3.827142E-6
-85.5,16.000007823,3.4680213E-6
-82.5,16.000007823,4.0381656E-6
-61.5,16.000007823,2.751784E-6
-25.5,16.000007823,2.252153E-7
-22.5,16.000007823,5.5176783E-11
-16.5,16.000007823,1.09533566E-7
-13.5,16.000007823,1.8509672E-6
-10.5,16.000007823,2.6903905E-7
-7.5,16.000007823,2.5405532E-7
-4.5,16.000007823,2.53058E-7
-1.5,16.000007823,2.426545E-7
1.5,16.000007823,2.2899516E-7
4.5,16.000007823,2.9354857E-7
7.5,16.000007823,2.7549203E-7
10.5,16.000007823,7.1604334E-11
13.5,16.000007823,7.796444E-11
16.5,16.000007823,6.939535E-11
19.5,16.000007823,5.5259266E-11
22.5,16.000007823,4.3346913E-11
25.5,16.000007823,5.6632903E-11
28.5,16.000007823,5.500585E-11
31.5,16.000007823,6.053818E-11
34.5,16.000007823,1.6628138E-7
37.5,16.000007823,1.1677453E-7
40.5,16.000007823,1.5672914E-7
43.5,16.000007823,5.0058797E-11
46.5,16.000007823,6.3964396E-11
49.5,16.000007823,7.577401E-11
52.5,16.000007823,7.575949E-11
55.5,16.000007823,7.9156355E-11
73.5,16.000007823,7.667888E-6
76.5,16.000007823,9.419377E-6
79.5,16.000007823,1.5056262E-5
82.5,16.000007823,1.7236585E-5
94.5,16.000007823,9.9021945E-6
97.5,16.000007823,9.257805E-6
100.5,16.000007823,8.740653E-6
103.5,16.000007823,9.850795E-6
106.5,16.000007823,1.03334305E-5
109.5,16.000007823,1.05184545E-5
112.5,16.000007823,1.703104E-5
118.5,16.000007823,3.0595086E-6
121.5,16.000007823,3.5102219E-6
145.5,16.000007823,2.783421E-6
-91.5,13.000007823,1.554169E-6
-88.5,13.000007823,1.8168993E-6
-85.5,13.000007823,2.1568212E-6
-82.5,13.000007823,2.776419E-6
-73.5,13.000007823,1.759327E-6
-70.5,13.000007823,1.917318E-6
-67.5,13.000007823,2.9712803E-6
-61.5,13.000007823,1.3777423E-6
-16.5,13.000007823,4.5551183E-6
-13.5,13.000007823,6.972105E-6
-10.5,13.000007823,6.514202E-6
-7.5,13.000007823,6.685571E-6
-4.5,13.000007823,7.6185365E-6
-1.5,13.000007823,6.3144607E-6
1.5,13.000007823,6.9652756E-6
4.5,13.000007823,7.7103205E-6
7.5,13.000007823,8.42143E-6
10.5,13.000007823,8.684219E-6
13.5,13.000007823,8.83143E-6
16.5,13.000007823,7.85932E-6
19.5,13.000007823,5.962187E-6
22.5,13.000007823,4.6594923E-6
25.5,13.000007823,3.246336E-6
28.5,13.000007823,3.5708215E-6
31.5,13.000007823,6.131156E-6
34.5,13.000007823,3.969277E-6
37.5,13.000007823,2.0279867E-6
40.5,13.000007823,4.4362305E-6
43.5,13.000007823,2.479359E-7
46.5,13.000007823,5.625882E-11
49.5,13.000007823,5.3769083E-11
52.5,13.000007823,4.008224E-11
55.5,13.000007823,5.980696E-11
73.5,13.000007823,4.962739E-6
76.5,13.000007823,7.388261E-6
79.5,13.000007823,1.055532E-5
91.5,13.000007823,5.576767E-6
94.5,13.000007823,6.459428E-6
97.5,13.000007823,5.2742125E-6
100.5,13.000007823,5.92583E-6
103.5,13.000007823,5.9704553E-6
106.5,13.000007823,6.1452592E-6
109.5,13.000007823,6.4159644E-6
121.5,13.000007823,2.3861426E-6
124.5,13.000007823,1.7285364E-6
145.5,13.000007823,1.3165513E-6
163.5,13.000007823,8.897152E-7
-109.5,10.000007823,7.3553565E-7
-85.5,10.000007823,1.490849E-6
-82.5,10.000007823,1.2202147E-6
-79.5,10.000007823,1.2926159E-6
-76.5,10.000007823,8.534692E-7
-73.5,10.000007823,8.9922264E-7
-70.5,10.000007823,1.0890193E-6
-67.5,10.000007823,1.472834E-6
-64.5,10.000007823,1.032182E-6
-61.5,10.000007823,1.0706551E-6
-16.5,10.000007823,4.1225494E-6
-13.5,10.000007823,5.1219527E-6
-10.5,10.000007823,4.600284E-6
-7.5,10.000007823,4.469037E-6
-4.5,10.000007823,3.9840825E-6
-1.5,10.000007823,4.0516625E-6
1.5,10.000007823,3.5428097E-6
4.5,10.000007823,5.3956687E-6
7.5,10.000007823,5.136367E-6
10.5,10.000007823,6.316731E-6
13.5,10.000007823,5.886193E-6
16.5,10.000007823,6.2900804E-6
19.5,10.000007823,4.9835708E-6
22.5,10.000007823,4.924416E-6
25.5,10.000007823,4.449753E-6
28.5,10.000007823,4.161047E-6
31.5,10.000007823,3.4728523E-6
34.5,10.000007823,2.9719665E-6
37.5,10.000007823,1.8675798E-6
40.5,10.000007823,3.3470858E-6
43.5,10.000007823,5.7441384E-6
46.5,10.000007823,2.7953953E-11
49.5,10.000007823,2.8762553E-11
52.5,10.000007823,3.0711492E-11
73.5,10.000007823,4.634032E-6
76.5,10.000007823,4.553353E-6
79.5,10.000007823,6.7329815E-6
82.5,10.000007823,4.2554198E-6
91.5,10.000007823,3.9863708E-6
97.5,10.000007823,3.1437862E-6
100.5,10.000007823,3.3930742E-6
103.5,10.000007823,3.1638479E-6
106.5,10.000007823,3.9920565E-6
109.5,10.000007823,5.2840633E-6
118.5,10.000007823,1.340149E-6
121.5,10.000007823,1.3513433E-6
124.5,10.000007823,1.0813313E-6
127.5,10.000007823,1.0575855E-6
163.5,10.000007823,8.041022E-7
166.5,10.000007823,4.512405E-7
-82.5,7.000007823,1.9791228E-6
-79.5,7.000007823,1.4058787E-6
-76.5,7.000007823,5.641613E-7
-73.5,7.000007823,6.311204E-7
-70.5,7.000007823,1.7345648E-6
-67.5,7.000007823,2.176777E-6
-64.5,7.000007823,9.2418117E-7
-61.5,7.000007823,8.036729E-7
-58.5,7.000007823,1.0865152E-6
-55.5,7.000007823,1.2584819E-6
-52.5,7.000007823,1.3194808E-6
-13.5,7.000007823,2.2671707E-6
-10.5,7.000007823,1.4958038E-6
-7.5,7.000007823,2.2116467E-6
-4.5,7.000007823,2.1421458E-6
-1.5,7.000007823,2.4408694E-6
1.5,7.000007823,2.2283002E-6
4.5,7.000007823,2.3863267E-6
7.5,7.000007823,2.86312E-6
10.5,7.000007823,3.2463236E-6
13.5,7.000007823,2.9911844E-6
16.5,7.000007823,3.9685506E-6
19.5,7.000007823,3.4954282E-6
22.5,7.000007823,3.837446E-6
25.5,7.000007823,2.597849E-6
28.5,7.000007823,2.5601983E-6
31.5,7.000007823,2.3882328E-6
34.5,7.000007823,1.3167955E-6
37.5,7.000007823,1.4099203E-6
40.5,7.000007823,1.4849691E-6
43.5,7.000007823,9.964515E-7
46.5,7.000007823,4.8715123E-8
49.5,7.000007823,1.9072265E-11
73.5,7.000007823,3.3514086E-6
76.5,7.000007823,4.164593E-6
79.5,7.000007823,3.1077373E-6
82.5,7.000007823,2.388644E-6
94.5,7.000007823,4.027697E-6
97.5,7.000007823,2.2849515E-6
100.5,7.000007823,1.4045836E-6
103.5,7.000007823,1.4118197E-6
115.5,7.000007823,5.4225086E-7
118.5,7.000007823,7.6158443E-7
121.5,7.000007823,4.194627E-7
124.5,7.000007823,6.353355E-7
127.5,7.000007823,5.4550424E-7
133.5,7.000007823,4.765404E-7
148.5,7.000007823,4.273397E-7
151.5,7.000007823,4.2730846E-7
157.5,7.000007823,5.888447E-7
160.5,7.000007823,4.272306E-7
169.5,7.000007823,3.0663594E-7
172.5,7.000007823,2.738505E-7
-160.5,4.000007823,3.8309602E-7
-79.5,4.000007823,4.7675E-7
-76.5,4.000007823,3.55802E-7
-73.5,4.000007823,1.1621604E-6
-70.5,4.000007823,1.8819627E-6
-67.5,4.000007823,9.797874E-7
-64.5,4.000007823,4.89914E-7
-61.5,4.000007823,5.143679E-7
-58.5,4.000007823,1.0765883E-6
-55.5,4.000007823,1.2726462E-6
-52.5,4.000007823,1.6128253E-6
-49.5,4.000007823,1.7444934E-6
-10.5,4.000007823,7.2854874E-7
-7.5,4.000007823,1.9883669E-6
-4.5,4.000007823,2.4851288E-6
-1.5,4.000007823,2.3078726E-6
4.5,4.000007823,1.6804876E-6
7.5,4.000007823,1.339895E-6
10.5,4.000007823,1.5283723E-6
13.5,4.000007823,1.0925771E-6
16.5,4.000007823,1.5536538E-6
19.5,4.000007823,1.3129322E-6
22.5,4.000007823,1.3475403E-6
25.5,4.000007823,1.2314421E-6
28.5,4.000007823,1.3886967E-6
31.5,4.000007823,1.6334532E-6
34.5,4.000007823,1.1179254E-6
37.5,4.000007823,1.2147061E-6
40.5,4.000007823,1.4495223E-6
43.5,4.000007823,1.7025361E-6
46.5,4.000007823,3.6350727E-8
49.5,4.000007823,8.03207E-8
73.5,4.000007823,2.7154213E-6
94.5,4.000007823,1.4829578E-6
97.5,4.000007823,5.31141E-7
100.5,4.000007823,4.945307E-7
103.5,4.000007823,7.5832105E-7
106.5,4.000007823,1.2403945E-6
109.5,4.000007823,9.3745535E-7
112.5,4.000007823,3.9321546E-7
115.5,4.000007823,3.1102275E-7
118.5,4.000007823,3.7313555E-7
121.5,4.000007823,3.0716612E-7
124.5,4.000007823,3.4329952E-7
127.5,4.000007823,4.0519976E-7
133.5,4.000007823,3.8357518E-7
154.5,4.000007823,4.7613673E-7
163.5,4.000007823,4.0460662E-7
172.5,4.000007823,3.0660783E-7
-157.5,1.000007823,3.831642E-7
-91.5,1.000007823,5.2217574E-6
-88.5,1.000007823,4.2124484E-6
-79.5,1.000007823,6.169199E-7
-76.5,1.000007823,4.7578897E-7
-73.5,1.000007823,1.3381119E-6
-70.5,1.000007823,9.2824405E-7
-67.5,1.000007823,4.082261E-7
-64.5,1.000007823,3.3104817E-7
-61.5,1.000007823,4.6062087E-7
-58.5,1.000007823,8.922676E-7
-55.5,1.000007823,1.1160708E-6
-52.5,1.000007823,1.1827335E-6
-49.5,1.000007823,1.2094717E-6
7.5,1.000007823,2.505954E-6
10.5,1.000007823,1.6067195E-6
13.5,1.000007823,1.0492405E-6
16.5,1.000007823,7.581419E-7
19.5,1.000007823,6.7063235E-7
22.5,1.000007823,6.6234907E-7
25.5,1.000007823,6.376895E-7
28.5,1.000007823,5.37777E-7
31.5,1.000007823,8.1477725E-7
34.5,1.000007823,6.6660186E-7
37.5,1.000007823,6.920412E-7
40.5,1.000007823,8.598502E-7
43.5,1.000007823,1.7254655E-6
46.5,1.000007823,1.871024E-6
73.5,1.000007823,2.21306E-6
97.5,1.000007823,3.724984E-7
100.5,1.000007823,3.5625786E-7
103.5,1.000007823,4.1250837E-7
109.5,1.000007823,4.143646E-7
112.5,1.000007823,3.3494965E-7
115.5,1.000007823,3.01048E-7
118.5,1.000007823,4.666585E-7
121.5,1.000007823,6.8510843E-7
124.5,1.000007823,6.213209E-7
127.5,1.000007823,6.3115874E-7
130.5,1.000007823,6.298161E-7
172.5,1.000007823,2.7384792E-7
-172.5,-1.999992177,3.429031E-7
-91.5,-1.999992177,7.815938E-6
-88.5,-1.999992177,8.304711E-6
-79.5,-1.999992177,1.0251526E-6
-76.5,-1.999992177,5.398494E-7
-73.5,-1.999992177,6.470582E-7
-70.5,-1.999992177,5.345753E-7
-67.5,-1.999992177,5.4048076E-7
-64.5,-1.999992177,4.6834293E-7
-61.5,-1.999992177,5.696668E-7
-58.5,-1.999992177,8.472836E-7
-55.5,-1.999992177,9.780512E-7
-52.5,-1.999992177,7.7703584E-7
-49.5,-1.999992177,4.8991234E-7
-46.5,-1.999992177,7.473622E-7
-43.5,-1.999992177,8.557891E-7
-40.5,-1.999992177,9.276357E-7
7.5,-1.999992177,6.1100545E-6
10.5,-1.999992177,2.9018922E-6
13.5,-1.999992177,1.9706465E-6
16.5,-1.999992177,8.5011214E-7
19.5,-1.999992177,5.4106425E-7
22.5,-1.999992177,4.6071838E-7
25.5,-1.999992177,4.6058958E-7
28.5,-1.999992177,5.274055E-7
31.5,-1.999992177,8.251844E-7
34.5,-1.999992177,1.2009772E-6
37.5,-1.999992177,1.7536665E-6
40.5,-1.999992177,2.4368699E-6
43.5,-1.999992177,3.249369E-6
73.5,-1.999992177,1.739284E-6
97.5,-1.999992177,3.8340556E-7
100.5,-1.999992177,3.930931E-7
103.5,-1.999992177,3.7840073E-7
106.5,-1.999992177,6.2383003E-7
109.5,-1.999992177,5.029763E-7
112.5,-1.999992177,4.4853596E-7
115.5,-1.999992177,5.127558E-7
118.5,-1.999992177,1.0232558E-6
121.5,-1.999992177,1.021221E-6
124.5,-1.999992177,1.0685167E-6
127.5,-1.999992177,1.2264719E-6
130.5,-1.999992177,8.6106485E-7
133.5,-1.999992177,7.134528E-7
136.5,-1.999992177,3.9162947E-7
139.5,-1.999992177,3.0121052E-7
142.5,-1.999992177,3.323286E-7
145.5,-1.999992177,3.2442298E-7
148.5,-1.999992177,3.4306836E-7
151.5,-1.999992177,5.22427E-7
154.5,-1.999992177,4.2755192E-7
175.5,-1.999992177,3.0667366E-7
-169.5,-4.999992177,3.4290053E-7
-82.5,-4.999992177,3.588979E-11
-79.5,-4.999992177,9.875691E-7
-76.5,-4.999992177,7.3294626E-7
-73.5,-4.999992177,7.3517674E-7
-70.5,-4.999992177,6.254753E-7
-67.5,-4.999992177,7.5329336E-7
-64.5,-4.999992177,8.1040776E-7
-61.5,-4.999992177,9.350819E-7
-58.5,-4.999992177,1.5705773E-6
-55.5,-4.999992177,1.3409236E-6
-52.5,-4.999992177,9.122171E-7
-49.5,-4.999992177,7.8799627E-7
-46.5,-4.999992177,1.3915759E-6
-43.5,-4.999992177,1.900997E-6
-40.5,-4.999992177,1.3760691E-6
-37.5,-4.999992177,1.2040667E-6
-34.5,-4.999992177,1.7988373E-6
10.5,-4.999992177,7.4824943E-6
13.5,-4.999992177,5.973256E-6
16.5,-4.999992177,2.0296327E-6
19.5,-4.999992177,8.678059E-7
22.5,-4.999992177,8.2753456E-7
25.5,-4.999992177,1.0324654E-6
28.5,-4.999992177,1.9744796E-6
31.5,-4.999992177,2.6711912E-6
34.5,-4.999992177,2.7636386E-6
37.5,-4.999992177,2.703834E-6
40.5,-4.999992177,3.4929787E-6
52.5,-4.999992177,3.6409615E-6
55.5,-4.999992177,3.395141E-6
70.5,-4.999992177,1.909066E-6
73.5,-4.999992177,1.7430693E-6
103.5,-4.999992177,4.1568353E-7
106.5,-4.999992177,6.634539E-7
109.5,-4.999992177,1.0347874E-6
112.5,-4.999992177,7.2639097E-7
115.5,-4.999992177,1.1783213E-6
118.5,-4.999992177,1.5618252E-6
121.5,-4.999992177,1.46245E-6
124.5,-4.999992177,1.5197168E-6
127.5,-4.999992177,1.5972781E-6
130.5,-4.999992177,1.5948331E-6
133.5,-4.999992177,1.4904847E-6
136.5,-4.999992177,8.604069E-7
139.5,-4.999992177,6.379452E-7
142.5,-4.999992177,4.153868E-7
145.5,-4.999992177,3.9269818E-7
148.5,-4.999992177,7.2053695E-7
151.5,-4.999992177,6.305322E-7
154.5,-4.999992177,4.897155E-7
175.5,-4.999992177,3.0664447E-7
-79.5,-7.999992177,1.989931E-6
-76.5,-7.999992177,7.3905517E-7
-73.5,-7.999992177,1.2804887E-6
-70.5,-7.999992177,1.0151687E-6
-67.5,-7.999992177,1.0457659E-6
-64.5,-7.999992177,1.5680107E-6
-61.5,-7.999992177,2.4386845E-6
-58.5,-7.999992177,3.3922543E-6
-55.5,-7.999992177,2.7363105E-6
-52.5,-7.999992177,1.6067878E-6
-49.5,-7.999992177,1.4480145E-6
-46.5,-7.999992177,1.9389945E-6
-43.5,-7.999992177,1.4771349E-6
-40.5,-7.999992177,1.8285613E-6
-37.5,-7.999992177,2.6846521E-6
-34.5,-7.999992177,2.4782778E-6
13.5,-7.999992177,5.528187E-6
16.5,-7.999992177,2.1991723E-6
19.5,-7.999992177,1.5936079E-6
22.5,-7.999992177,1.6096637E-6
25.5,-7.999992177,2.347062E-6
28.5,-7.999992177,3.5291669E-6
31.5,-7.999992177,3.1613356E-6
34.5,-7.999992177,3.3815375E-6
37.5,-7.999992177,4.4456824E-6
40.5,-7.999992177,3.3108658E-6
49.5,-7.999992177,3.8229805E-6
52.5,-7.999992177,3.5068651E-6
55.5,-7.999992177,2.9621806E-6
106.5,-7.999992177,7.2602165E-7
109.5,-7.999992177,1.0863829E-6
112.5,-7.999992177,1.4087533E-6
115.5,-7.999992177,1.0597012E-6
118.5,-7.999992177,1.3199692E-6
121.5,-7.999992177,1.5372837E-6
124.5,-7.999992177,2.388222E-6
127.5,-7.999992177,2.8115137E-6
130.5,-7.999992177,3.4481461E-6
133.5,-7.999992177,1.9208728E-6
136.5,-7.999992177,2.1116489E-6
139.5,-7.999992177,1.5568686E-6
142.5,-7.999992177,1.5104004E-6
145.5,-7.999992177,7.8383573E-7
148.5,-7.999992177,8.924097E-7
151.5,-7.999992177,1.0375943E-6
154.5,-7.999992177,7.656326E-7
157.5,-7.999992177,5.483269E-7
160.5,-7.999992177,5.874236E-7
-79.5,-10.999992177,3.3665404E-11
-76.5,-10.999992177,1.5341312E-6
-73.5,-10.999992177,1.0216704E-6
-70.5,-10.999992177,1.7575165E-6
-67.5,-10.999992177,2.3153318E-6
-64.5,-10.999992177,2.0507903E-6
-61.5,-10.999992177,2.6726723E-6
-58.5,-10.999992177,2.8630045E-6
-55.5,-10.999992177,2.6791154E-6
-52.5,-10.999992177,2.3625344E-6
-49.5,-10.999992177,2.213508E-6
-46.5,-10.999992177,2.274837E-6
-43.5,-10.999992177,1.878981E-6
-40.5,-10.999992177,2.1705193E-6
-37.5,-10.999992177,3.2873818E-6
-34.5,-10.999992177,2.751642E-6
13.5,-10.999992177,5.458649E-6
16.5,-10.999992177,3.7494385E-6
19.5,-10.999992177,3.6185618E-6
22.5,-10.999992177,3.128697E-6
25.5,-10.999992177,5.559412E-6
28.5,-10.999992177,7.128713E-6
31.5,-10.999992177,7.461205E-6
34.5,-10.999992177,6.885531E-6
37.5,-10.999992177,4.4765234E-6
40.5,-10.999992177,2.2088282E-6
43.5,-10.999992177,2.7984834E-6
49.5,-10.999992177,3.2706612E-6
52.5,-10.999992177,3.2607084E-6
97.5,-10.999992177,1.9115384E-6
106.5,-10.999992177,1.9119511E-6
118.5,-10.999992177,1.4605068E-6
121.5,-10.999992177,1.6333432E-6
124.5,-10.999992177,2.2958097E-6
130.5,-10.999992177,4.702648E-6
133.5,-10.999992177,5.4759344E-6
136.5,-10.999992177,5.4178695E-6
142.5,-10.999992177,3.952336E-6
148.5,-10.999992177,2.2006593E-6
151.5,-10.999992177,2.2990125E-6
154.5,-10.999992177,1.977226E-6
160.5,-10.999992177,6.789478E-7
163.5,-10.999992177,7.271538E-7
166.5,-10.999992177,7.022554E-7
169.5,-10.999992177,1.0859452E-6
-178.5,-13.999992177,1.1986864E-6
-175.5,-13.999992177,8.0441805E-7
-172.5,-13.999992177,6.899795E-7
-169.5,-13.999992177,1.2555755E-6
-76.5,-13.999992177,8.6333515E-8
-73.5,-13.999992177,1.5206036E-6
-70.5,-13.999992177,2.2620063E-6
-67.5,-13.999992177,2.5084778E-6
-64.5,-13.999992177,2.8226095E-6
-61.5,-13.999992177,2.4717851E-6
-58.5,-13.999992177,2.33216E-6
-55.5,-13.999992177,2.2049946E-6
-52.5,-13.999992177,2.497966E-6
-49.5,-13.999992177,2.6130735E-6
-46.5,-13.999992177,2.3595742E-6
-43.5,-13.999992177,2.2254542E-6
-40.5,-13.999992177,3.0770698E-6
-37.5,-13.999992177,3.8788103E-6
13.5,-13.999992177,4.5088427E-6
16.5,-13.999992177,5.490157E-6
19.5,-13.999992177,4.525397E-6
22.5,-13.999992177,5.200117E-6
25.5,-13.999992177,7.94301E-6
28.5,-13.999992177,9.230812E-6
31.5,-13.999992177,8.422355E-6
34.5,-13.999992177,7.1952686E-6
37.5,-13.999992177,5.324794E-6
40.5,-13.999992177,2.2051584E-6
46.5,-13.999992177,2.9870432E-6
49.5,-13.999992177,2.9155176E-6
124.5,-13.999992177,6.642006E-6
127.5,-13.999992177,7.824716E-6
130.5,-13.999992177,7.123007E-6
133.5,-13.999992177,7.5223284E-6
136.5,-13.999992177,7.703017E-6
142.5,-13.999992177,5.2935598E-6
145.5,-13.999992177,5.6377135E-6
166.5,-13.999992177,2.237228E-6
169.5,-13.999992177,2.7349015E-6
-178.5,-16.999992177,3.5382486E-6
-151.5,-16.999992177,2.671493E-6
-148.5,-16.999992177,2.9878195E-6
-73.5,-16.999992177,1.6366106E-11
-70.5,-16.999992177,1.3887097E-6
-67.5,-16.999992177,2.943541E-6
-64.5,-16.999992177,3.97885E-6
-61.5,-16.999992177,3.2316102E-6
-58.5,-16.999992177,3.4387847E-6
-55.5,-16.999992177,3.7163088E-6
-52.5,-16.999992177,2.7392111E-6
-49.5,-16.999992177,2.8371298E-6
-46.5,-16.999992177,2.4566186E-6
-43.5,-16.999992177,2.9509479E-6
-40.5,-16.999992177,3.3921033E-6
-37.5,-16.999992177,3.7767861E-6
10.5,-16.999992177,7.312889E-11
13.5,-16.999992177,1.3669477E-7
16.5,-16.999992177,7.0428937E-6
19.5,-16.999992177,7.488258E-6
22.5,-16.999992177,8.397767E-6
25.5,-16.999992177,9.973816E-6
28.5,-16.999992177,9.348413E-6
31.5,-16.999992177,7.4311865E-6
34.5,-16.999992177,6.2189656E-6
37.5,-16.999992177,5.63293E-6
40.5,-16.999992177,4.9728E-6
43.5,-16.999992177,3.30688E-6
46.5,-16.999992177,3.0069336E-6
49.5,-16.999992177,4.306875E-6
121.5,-16.999992177,9.074291E-6
124.5,-16.999992177,8.9160685E-6
127.5,-16.999992177,1.0567013E-5
130.5,-16.999992177,1.0882388E-5
133.5,-16.999992177,1.0702087E-5
136.5,-16.999992177,1.1913161E-5
139.5,-16.999992177,1.15370785E-5
142.5,-16.999992177,7.1653935E-6
145.5,-16.999992177,7.29254E-6
151.5,-16.999992177,1.0838718E-5
166.5,-16.999992177,3.325598E-6
169.5,-16.999992177,4.6715004E-6
178.5,-16.999992177,4.195727E-6
-178.5,-19.999992177,5.947964E-6
-175.5,-19.999992177,6.518143E-6
-172.5,-19.999992177,4.6963414E-6
-169.5,-19.999992177,5.275492E-6
-160.5,-19.999992177,5.2794035E-6
-157.5,-19.999992177,5.019012E-6
-70.5,-19.999992177,3.7763286E-11
-67.5,-19.999992177,2.41926E-15
-64.5,-19.999992177,4.9979135E-6
-61.5,-19.999992177,6.2112977E-6
-58.5,-19.999992177,4.9503483E-6
-55.5,-19.999992177,3.7106752E-6
-52.5,-19.999992177,2.8726577E-6
-49.5,-19.999992177,3.0615795E-6
-46.5,-19.999992177,3.2122225E-6
-43.5,-19.999992177,3.924989E-6
-40.5,-19.999992177,4.3641116E-6
-28.5,-19.999992177,0.0010205369
13.5,-19.999992177,3.3068537E-11
16.5,-19.999992177,5.814737E-6
19.5,-19.999992177,9.164802E-6
22.5,-19.999992177,9.814045E-6
25.5,-19.999992177,9.6854665E-6
28.5,-19.999992177,8.731224E-6
31.5,-19.999992177,7.638445E-6
34.5,-19.999992177,6.403824E-6
37.5,-19.999992177,7.501382E-6
43.5,-19.999992177,4.7167687E-6
46.5,-19.999992177,4.2106212E-6
49.5,-19.999992177,5.7011716E-6
55.5,-19.999992177,1.0739395E-5
58.5,-19.999992177,8.485108E-6
64.5,-19.999992177,9.515624E-6
115.5,-19.999992177,2.9919386E-7
118.5,-19.999992177,3.3061426E-7
121.5,-19.999992177,1.1841371E-5
124.5,-19.999992177,7.767739E-6
127.5,-19.999992177,3.686804E-7
130.5,-19.999992177,1.6272143E-5
133.5,-19.999992177,1.7126946E-5
136.5,-19.999992177,1.5705931E-5
139.5,-19.999992177,1.4115109E-5
142.5,-19.999992177,1.1713691E-5
145.5,-19.999992177,1.128338E-5
148.5,-19.999992177,1.1921335E-5
163.5,-19.999992177,8.48624E-6
166.5,-19.999992177,9.152057E-6
169.5,-19.999992177,7.598749E-6
178.5,-19.999992177,5.7310663E-6
-175.5,-22.999992177,8.325586E-6
-151.5,-22.999992177,8.889163E-6
-70.5,-22.999992177,3.6604345E-11
-67.5,-22.999992177,3.008896E-11
-64.5,-22.999992177,9.648764E-6
-61.5,-22.999992177,1.0638041E-5
-58.5,-22.999992177,8.327087E-6
-55.5,-22.999992177,6.6280554E-6
-52.5,-22.999992177,4.8469383E-6
-49.5,-22.999992177,5.1971556E-6
-46.5,-22.999992177,5.709616E-6
-43.5,-22.999992177,5.884883E-6
-40.5,-22.999992177,7.0290844E-6
13.5,-22.999992177,1.906527E-11
16.5,-22.999992177,1.4137295E-7
19.5,-22.999992177,2.5113937E-7
22.5,-22.999992177,5.824378E-6
25.5,-22.999992177,1.0030813E-5
28.5,-22.999992177,9.421184E-6
31.5,-22.999992177,7.020112E-6
34.5,-22.999992177,5.3339263E-6
40.5,-22.999992177,7.989937E-6
43.5,-22.999992177,4.3912596E-6
46.5,-22.999992177,4.9549567E-6
49.5,-22.999992177,8.184622E-6
112.5,-22.999992177,3.900833E-7
115.5,-22.999992177,4.2129395E-7
118.5,-22.999992177,5.7270216E-7
121.5,-22.999992177,5.679018E-7
124.5,-22.999992177,5.525938E-7
127.5,-22.999992177,5.479969E-7
130.5,-22.999992177,5.342719E-7
133.5,-22.999992177,5.546417E-7
136.5,-22.999992177,5.303453E-7
139.5,-22.999992177,5.3786056E-7
142.5,-22.999992177,1.06696625E-5
145.5,-22.999992177,1.5747566E-5
148.5,-22.999992177,1.3503415E-5
151.5,-22.999992177,1.3457566E-5
166.5,-22.999992177,1.0178325E-5
-109.5,-25.999992177,7.887512E-6
-70.5,-25.999992177,2.6408665E-11
-67.5,-25.999992177,3.3644466E-11
-64.5,-25.999992177,1.3401095E-5
-61.5,-25.999992177,1.2108759E-5
-58.5,-25.999992177,1.2216373E-5
-55.5,-25.999992177,1.0125805E-5
-52.5,-25.999992177,7.2555813E-6
-49.5,-25.999992177,9.859235E-6
-46.5,-25.999992177,1.2154567E-5
13.5,-25.999992177,3.200161E-11
16.5,-25.999992177,5.4698766E-11
19.5,-25.999992177,3.4423942E-7
22.5,-25.999992177,3.5268195E-7
25.5,-25.999992177,1.2603525E-5
28.5,-25.999992177,9.790626E-6
31.5,-25.999992177,6.9226385E-6
34.5,-25.999992177,5.102766E-6
43.5,-25.999992177,5.4151196E-6
46.5,-25.999992177,4.926094E-6
112.5,-25.999992177,4.2715877E-7
115.5,-25.999992177,5.654334E-7
118.5,-25.999992177,7.715768E-7
121.5,-25.999992177,7.2843335E-7
124.5,-25.999992177,1.5930604E-14
127.5,-25.999992177,6.70947E-7
130.5,-25.999992177,5.904155E-7
133.5,-25.999992177,6.13834E-7
136.5,-25.999992177,1.7203669E-10
139.5,-25.999992177,6.66791E-7
142.5,-25.999992177,6.644893E-7
145.5,-25.999992177,2.2538617E-5
148.5,-25.999992177,1.7950482E-5
151.5,-25.999992177,1.397473E-5
154.5,-25.999992177,1.4198081E-5
-70.5,-28.999992177,3.7215897E-11
-67.5,-28.999992177,3.6827927E-7
-64.5,-28.999992177,1.8443485E-5
-61.5,-28.999992177,1.5345193E-5
-58.5,-28.999992177,1.6028933E-5
-55.5,-28.999992177,1.3362807E-5
-52.5,-28.999992177,1.15511E-5
-49.5,-28.999992177,1.2671149E-5
16.5,-28.999992177,4.7029675E-11
19.5,-28.999992177,8.823466E-11
22.5,-28.999992177,4.29422E-7
25.5,-28.999992177,1.6704382E-5
28.5,-28.999992177,1.1592726E-5
31.5,-28.999992177,7.916196E-6
115.5,-28.999992177,1.0763131E-5
118.5,-28.999992177,6.760297E-7
121.5,-28.999992177,6.7938424E-7
124.5,-28.999992177,5.469759E-7
127.5,-28.999992177,4.4946495E-7
130.5,-28.999992177,3.8831675E-7
133.5,-28.999992177,4.7029692E-7
136.5,-28.999992177,1.6809644E-10
139.5,-28.999992177,1.5474497E-14
142.5,-28.999992177,7.3900264E-7
145.5,-28.999992177,1.4587046E-5
148.5,-28.999992177,2.3143833E-5
151.5,-28.999992177,1.6392663E-5
154.5,-28.999992177,1.3536639E-5
-70.5,-31.999992177,2.1122224E-7
-67.5,-31.999992177,5.75534E-7
-64.5,-31.999992177,1.6669126E-5
-61.5,-31.999992177,1.727147E-5
-58.5,-31.999992177,1.908756E-5
-55.5,-31.999992177,1.6780448E-5
-52.5,-31.999992177,1.6141363E-5
-49.5,-31.999992177,1.894587E-5
16.5,-31.999992177,3.8083706E-11
19.5,-31.999992177,2.6870836E-7
22.5,-31.999992177,3.5384676E-7
25.5,-31.999992177,1.1623025E-5
28.5,-31.999992177,8.349189E-6
31.5,-31.999992177,8.904262E-6
115.5,-31.999992177,1.640645E-5
118.5,-31.999992177,4.5519863E-7
121.5,-31.999992177,3.996852E-7
124.5,-31.999992177,3.1889346E-7
127.5,-31.999992177,2.7453638E-7
130.5,-31.999992177,2.4985923E-7
133.5,-31.999992177,2.9974407E-7
136.5,-31.999992177,4.6047552E-7
139.5,-31.999992177,5.2117525E-7
142.5,-31.999992177,6.029855E-7
145.5,-31.999992177,2.6003368E-5
148.5,-31.999992177,2.3192404E-5
151.5,-31.999992177,1.6201906E-5
-79.5,-34.999992177,7.8443945E-6
-73.5,-34.999992177,1.154461E-5
-70.5,-34.999992177,1.2692761E-5
-67.5,-34.999992177,4.5694404E-7
-64.5,-34.999992177,2.0533724E-5
-61.5,-34.999992177,1.9938108E-5
-58.5,-34.999992177,2.0245883E-5
-55.5,-34.999992177,1.9347131E-5
-52.5,-34.999992177,1.5838312E-5
19.5,-34.999992177,1.0736177E-5
22.5,-34.999992177,7.927255E-6
25.5,-34.999992177,7.7054965E-6
115.5,-34.999992177,1.2416063E-5
118.5,-34.999992177,1.1020508E-5
121.5,-34.999992177,9.206458E-6
124.5,-34.999992177,8.981292E-6
133.5,-34.999992177,1.0762194E-5
136.5,-34.999992177,1.3551165E-5
139.5,-34.999992177,1.3792437E-5
142.5,-34.999992177,1.0345571E-5
145.5,-34.999992177,2.332E-5
148.5,-34.999992177,2.1895852E-5
151.5,-34.999992177,1.6240792E-5
172.5,-34.999992177,1.4830521E-5
175.5,-34.999992177,1.5015998E-5
-73.5,-37.999992177,9.7161355E-6
-70.5,-37.999992177,1.2592384E-5
-67.5,-37.999992177,4.844954E-7
-64.5,-37.999992177,2.1653152E-5
-61.5,-37.999992177,2.2280623E-5
-58.5,-37.999992177,2.006672E-5
-55.5,-37.999992177,2.5817211E-5
-13.5,-37.999992177,1.5960346E-5
139.5,-37.999992177,1.1815031E-5
142.5,-37.999992177,1.399691E-5
145.5,-37.999992177,1.699919E-5
148.5,-37.999992177,1.5404483E-5
151.5,-37.999992177,1.7571505E-5
172.5,-37.999992177,1.7123954E-5
175.5,-37.999992177,1.6132693E-5
178.5,-37.999992177,1.4656935E-5
-73.5,-40.999992177,1.198771E-5
-70.5,-40.999992177,1.5036142E-5
-67.5,-40.999992177,4.968163E-7
-64.5,-40.999992177,5.2465083E-7
-61.5,-40.999992177,2.0234089E-5
142.5,-40.999992177,1.3661384E-5
145.5,-40.999992177,1.3246084E-5
148.5,-40.999992177,1.2555847E-5
172.5,-40.999992177,1.75822E-5
175.5,-40.999992177,1.5793312E-5
178.5,-40.999992177,1.44538E-5
-175.5,-43.999992177,1.776411E-5
-73.5,-43.999992177,1.5790318E-5
-70.5,-43.999992177,1.6961883E-5
-67.5,-43.999992177,4.933361E-7
-64.5,-43.999992177,4.846784E-7
145.5,-43.999992177,1.3173877E-5
148.5,-43.999992177,1.1827901E-5
166.5,-43.999992177,1.598182E-5
169.5,-43.999992177,1.9822754E-5
172.5,-43.999992177,1.747686E-5
-76.5,-46.999992177,1.3316729E-5
-73.5,-46.999992177,1.579551E-5
-70.5,-46.999992177,2.337015E-6
-67.5,-46.999992177,4.9530513E-7
-64.5,-46.999992177,4.8152526E-7
37.5,-46.999992177,8.216237E-6
166.5,-46.999992177,1.3944443E-5
169.5,-46.999992177,1.5602423E-5
-76.5,-49.999992177,1.4015498E-5
-73.5,-49.999992177,6.557927E-5
-70.5,-49.999992177,4.7113185E-14
-67.5,-49.999992177,4.6170953E-7
-61.5,-49.999992177,1.1714652E-5
-58.5,-49.999992177,1.1578457E-5
67.5,-49.999992177,1.1336845E-5
70.5,-49.999992177,1.13756305E-5
166.5,-49.999992177,9.023382E-6
178.5,-49.999992177,1.7318394E-5
-73.5,-52.999992177,1.4625583E-5
-70.5,-52.999992177,6.243829E-5
-67.5,-52.999992177,3.6219946E-5
-61.5,-52.999992177,1.1520961E-5
-58.5,-52.999992177,1.1294195E-5
-37.5,-52.999992177,1.12503876E-4
73.5,-52.999992177,6.204186E-5
169.5,-52.999992177,7.213871E-6
-70.5,-55.999992177,5.2181105E-5
-67.5,-55.999992177,4.9130835E-5
-64.5,-55.999992177,4.9335456E-5
-37.5,-55.999992177,1.0789525E-4
-34.5,-55.999992177,1.2128422E-4
-28.5,-55.999992177,3.749737E-5
157.5,-55.999992177,1.4343594E-5
