"","X_WGS84","Y_WGS84","ConnochaetesGnou","GuloGulo","PantheraOnca","PteropusGiganteus","TenrecEcaudatus","VulpesVulpes"
"1",-94.5,82.000007823,0,0,0,0,0,0
"2",-91.5,82.000007823,0,1,0,0,0,0
"3",-88.5,82.000007823,0,1,0,0,0,0
"4",-85.5,82.000007823,0,1,0,0,0,0
"5",-82.5,82.000007823,0,1,0,0,0,0
"6",-79.5,82.000007823,0,1,0,0,0,0
"7",-76.5,82.000007823,0,1,0,0,0,0
"8",-73.5,82.000007823,0,1,0,0,0,0
"9",-70.5,82.000007823,0,1,0,0,0,0
"10",-67.5,82.000007823,0,1,0,0,0,0
"11",-64.5,82.000007823,0,1,0,0,0,0
"12",-61.5,82.000007823,0,1,0,0,0,0
"13",-58.5,82.000007823,0,0,0,0,0,0
"14",-55.5,82.000007823,0,0,0,0,0,0
"15",-52.5,82.000007823,0,0,0,0,0,0
"16",-49.5,82.000007823,0,0,0,0,0,0
"17",-46.5,82.000007823,0,0,0,0,0,0
"18",-43.5,82.000007823,0,0,0,0,0,0
"19",-40.5,82.000007823,0,0,0,0,0,0
"20",-37.5,82.000007823,0,0,0,0,0,0
"21",-34.5,82.000007823,0,0,0,0,0,0
"22",-31.5,82.000007823,0,0,0,0,0,0
"23",-28.5,82.000007823,0,0,0,0,0,0
"24",-25.5,82.000007823,0,0,0,0,0,0
"25",-22.5,82.000007823,0,0,0,0,0,0
"26",-19.5,82.000007823,0,0,0,0,0,0
"27",-16.5,82.000007823,0,0,0,0,0,0
"28",-13.5,82.000007823,0,0,0,0,0,0
"29",-10.5,82.000007823,0,0,0,0,0,0
"30",19.5,82.000007823,0,0,0,0,0,0
"31",22.5,82.000007823,0,0,0,0,0,0
"32",46.5,82.000007823,0,0,0,0,0,0
"33",49.5,82.000007823,0,0,0,0,0,0
"34",52.5,82.000007823,0,0,0,0,0,0
"35",55.5,82.000007823,0,0,0,0,0,0
"36",58.5,82.000007823,0,0,0,0,0,0
"37",61.5,82.000007823,0,0,0,0,0,0
"38",64.5,82.000007823,0,0,0,0,0,0
"39",79.5,82.000007823,0,0,0,0,0,0
"40",91.5,82.000007823,0,0,0,0,0,0
"41",94.5,82.000007823,0,0,0,0,0,0
"42",97.5,82.000007823,0,0,0,0,0,0
"43",-115.5,79.000007823,0,0,0,0,0,0
"44",-112.5,79.000007823,0,0,0,0,0,0
"45",-109.5,79.000007823,0,0,0,0,0,0
"46",-106.5,79.000007823,0,0,0,0,0,0
"47",-103.5,79.000007823,0,0,0,0,0,0
"48",-100.5,79.000007823,0,0,0,0,0,0
"49",-97.5,79.000007823,0,0,0,0,0,0
"50",-94.5,79.000007823,0,0,0,0,0,0
"51",-91.5,79.000007823,0,0,0,0,0,0
"52",-88.5,79.000007823,0,1,0,0,0,0
"53",-85.5,79.000007823,0,1,0,0,0,0
"54",-82.5,79.000007823,0,1,0,0,0,0
"55",-79.5,79.000007823,0,1,0,0,0,0
"56",-76.5,79.000007823,0,1,0,0,0,0
"57",-73.5,79.000007823,0,1,0,0,0,0
"58",-70.5,79.000007823,0,1,0,0,0,0
"59",-67.5,79.000007823,0,0,0,0,0,0
"60",-64.5,79.000007823,0,0,0,0,0,0
"61",-61.5,79.000007823,0,0,0,0,0,0
"62",-58.5,79.000007823,0,0,0,0,0,0
"63",-55.5,79.000007823,0,0,0,0,0,0
"64",-52.5,79.000007823,0,0,0,0,0,0
"65",-49.5,79.000007823,0,0,0,0,0,0
"66",-46.5,79.000007823,0,0,0,0,0,0
"67",-43.5,79.000007823,0,0,0,0,0,0
"68",-40.5,79.000007823,0,0,0,0,0,0
"69",-37.5,79.000007823,0,0,0,0,0,0
"70",-34.5,79.000007823,0,0,0,0,0,0
"71",-31.5,79.000007823,0,0,0,0,0,0
"72",-28.5,79.000007823,0,0,0,0,0,0
"73",-25.5,79.000007823,0,0,0,0,0,0
"74",-22.5,79.000007823,0,0,0,0,0,0
"75",-19.5,79.000007823,0,0,0,0,0,0
"76",-16.5,79.000007823,0,0,0,0,0,0
"77",10.5,79.000007823,0,0,0,0,0,0
"78",13.5,79.000007823,0,0,0,0,0,0
"79",16.5,79.000007823,0,0,0,0,0,0
"80",19.5,79.000007823,0,0,0,0,0,0
"81",22.5,79.000007823,0,0,0,0,0,0
"82",25.5,79.000007823,0,0,0,0,0,0
"83",28.5,79.000007823,0,0,0,0,0,0
"84",31.5,79.000007823,0,0,0,0,0,0
"85",34.5,79.000007823,0,0,0,0,0,0
"86",46.5,79.000007823,0,0,0,0,0,0
"87",49.5,79.000007823,0,0,0,0,0,0
"88",52.5,79.000007823,0,0,0,0,0,0
"89",55.5,79.000007823,0,0,0,0,0,0
"90",58.5,79.000007823,0,0,0,0,0,0
"91",61.5,79.000007823,0,0,0,0,0,0
"92",91.5,79.000007823,0,0,0,0,0,0
"93",94.5,79.000007823,0,0,0,0,0,0
"94",97.5,79.000007823,0,0,0,0,0,0
"95",100.5,79.000007823,0,0,0,0,0,0
"96",103.5,79.000007823,0,0,0,0,0,0
"97",106.5,79.000007823,0,0,0,0,0,0
"98",-121.5,76.000007823,0,0,0,0,0,0
"99",-118.5,76.000007823,0,1,0,0,0,0
"100",-115.5,76.000007823,0,1,0,0,0,0
"101",-112.5,76.000007823,0,1,0,0,0,0
"102",-109.5,76.000007823,0,1,0,0,0,0
"103",-106.5,76.000007823,0,1,0,0,0,0
"104",-103.5,76.000007823,0,0,0,0,0,0
"105",-100.5,76.000007823,0,0,0,0,0,0
"106",-97.5,76.000007823,0,0,0,0,0,0
"107",-94.5,76.000007823,0,0,0,0,0,0
"108",-91.5,76.000007823,0,0,0,0,0,0
"109",-88.5,76.000007823,0,1,0,0,0,0
"110",-85.5,76.000007823,0,1,0,0,0,0
"111",-82.5,76.000007823,0,1,0,0,0,0
"112",-79.5,76.000007823,0,1,0,0,0,0
"113",-76.5,76.000007823,0,0,0,0,0,0
"114",-73.5,76.000007823,0,0,0,0,0,0
"115",-70.5,76.000007823,0,0,0,0,0,0
"116",-67.5,76.000007823,0,0,0,0,0,0
"117",-64.5,76.000007823,0,0,0,0,0,0
"118",-61.5,76.000007823,0,0,0,0,0,0
"119",-58.5,76.000007823,0,0,0,0,0,0
"120",-55.5,76.000007823,0,0,0,0,0,0
"121",-52.5,76.000007823,0,0,0,0,0,0
"122",-49.5,76.000007823,0,0,0,0,0,0
"123",-46.5,76.000007823,0,0,0,0,0,0
"124",-43.5,76.000007823,0,0,0,0,0,0
"125",-40.5,76.000007823,0,0,0,0,0,0
"126",-37.5,76.000007823,0,0,0,0,0,0
"127",-34.5,76.000007823,0,0,0,0,0,0
"128",-31.5,76.000007823,0,0,0,0,0,0
"129",-28.5,76.000007823,0,0,0,0,0,0
"130",-25.5,76.000007823,0,0,0,0,0,0
"131",-22.5,76.000007823,0,0,0,0,0,0
"132",-19.5,76.000007823,0,0,0,0,0,0
"133",-16.5,76.000007823,0,0,0,0,0,0
"134",13.5,76.000007823,0,0,0,0,0,0
"135",16.5,76.000007823,0,0,0,0,0,0
"136",22.5,76.000007823,0,0,0,0,0,0
"137",55.5,76.000007823,0,0,0,0,0,0
"138",58.5,76.000007823,0,0,0,0,0,0
"139",61.5,76.000007823,0,0,0,0,0,0
"140",64.5,76.000007823,0,0,0,0,0,0
"141",67.5,76.000007823,0,0,0,0,0,0
"142",82.5,76.000007823,0,0,0,0,0,0
"143",85.5,76.000007823,0,0,0,0,0,0
"144",88.5,76.000007823,0,1,0,0,0,0
"145",91.5,76.000007823,0,1,0,0,0,0
"146",94.5,76.000007823,0,1,0,0,0,0
"147",97.5,76.000007823,0,1,0,0,0,0
"148",100.5,76.000007823,0,1,0,0,0,0
"149",103.5,76.000007823,0,1,0,0,0,0
"150",106.5,76.000007823,0,1,0,0,0,0
"151",109.5,76.000007823,0,1,0,0,0,0
"152",112.5,76.000007823,0,1,0,0,0,0
"153",136.5,76.000007823,0,0,0,0,0,0
"154",139.5,76.000007823,0,0,0,0,0,0
"155",142.5,76.000007823,0,0,0,0,0,0
"156",145.5,76.000007823,0,0,0,0,0,0
"157",148.5,76.000007823,0,0,0,0,0,0
"158",151.5,76.000007823,0,0,0,0,0,0
"159",-124.5,73.000007823,0,1,0,0,0,0
"160",-121.5,73.000007823,0,1,0,0,0,0
"161",-118.5,73.000007823,0,1,0,0,0,0
"162",-115.5,73.000007823,0,1,0,0,0,0
"163",-112.5,73.000007823,0,1,0,0,0,0
"164",-109.5,73.000007823,0,1,0,0,0,0
"165",-106.5,73.000007823,0,1,0,0,0,0
"166",-103.5,73.000007823,0,1,0,0,0,0
"167",-100.5,73.000007823,0,0,0,0,0,0
"168",-97.5,73.000007823,0,0,0,0,0,0
"169",-94.5,73.000007823,0,1,0,0,0,1
"170",-91.5,73.000007823,0,0,0,0,0,0
"171",-88.5,73.000007823,0,1,0,0,0,1
"172",-85.5,73.000007823,0,1,0,0,0,1
"173",-82.5,73.000007823,0,1,0,0,0,1
"174",-79.5,73.000007823,0,1,0,0,0,1
"175",-76.5,73.000007823,0,1,0,0,0,1
"176",-73.5,73.000007823,0,1,0,0,0,1
"177",-58.5,73.000007823,0,0,0,0,0,0
"178",-55.5,73.000007823,0,0,0,0,0,0
"179",-52.5,73.000007823,0,0,0,0,0,0
"180",-49.5,73.000007823,0,0,0,0,0,0
"181",-46.5,73.000007823,0,0,0,0,0,0
"182",-43.5,73.000007823,0,0,0,0,0,0
"183",-40.5,73.000007823,0,0,0,0,0,0
"184",-37.5,73.000007823,0,0,0,0,0,0
"185",-34.5,73.000007823,0,0,0,0,0,0
"186",-31.5,73.000007823,0,0,0,0,0,0
"187",-28.5,73.000007823,0,0,0,0,0,0
"188",-25.5,73.000007823,0,0,0,0,0,0
"189",-22.5,73.000007823,0,0,0,0,0,0
"190",-19.5,73.000007823,0,0,0,0,0,0
"191",19.5,73.000007823,0,0,0,0,0,0
"192",52.5,73.000007823,0,0,0,0,0,0
"193",55.5,73.000007823,0,0,0,0,0,0
"194",58.5,73.000007823,0,0,0,0,0,0
"195",67.5,73.000007823,0,1,0,0,0,0
"196",70.5,73.000007823,0,1,0,0,0,0
"197",73.5,73.000007823,0,1,0,0,0,0
"198",76.5,73.000007823,0,1,0,0,0,0
"199",79.5,73.000007823,0,1,0,0,0,0
"200",82.5,73.000007823,0,1,0,0,0,0
"201",85.5,73.000007823,0,1,0,0,0,0
"202",88.5,73.000007823,0,1,0,0,0,0
"203",91.5,73.000007823,0,1,0,0,0,0
"204",94.5,73.000007823,0,1,0,0,0,0
"205",97.5,73.000007823,0,1,0,0,0,0
"206",100.5,73.000007823,0,1,0,0,0,1
"207",103.5,73.000007823,0,1,0,0,0,1
"208",106.5,73.000007823,0,1,0,0,0,1
"209",109.5,73.000007823,0,1,0,0,0,1
"210",112.5,73.000007823,0,1,0,0,0,1
"211",115.5,73.000007823,0,1,0,0,0,1
"212",118.5,73.000007823,0,1,0,0,0,1
"213",121.5,73.000007823,0,1,0,0,0,1
"214",124.5,73.000007823,0,1,0,0,0,1
"215",127.5,73.000007823,0,1,0,0,0,1
"216",130.5,73.000007823,0,1,0,0,0,1
"217",133.5,73.000007823,0,1,0,0,0,1
"218",136.5,73.000007823,0,0,0,0,0,0
"219",139.5,73.000007823,0,1,0,0,0,1
"220",142.5,73.000007823,0,1,0,0,0,1
"221",145.5,73.000007823,0,1,0,0,0,1
"222",148.5,73.000007823,0,1,0,0,0,1
"223",151.5,73.000007823,0,0,0,0,0,0
"224",-178.5,70.000007823,0,1,0,0,0,1
"225",-166.5,70.000007823,0,1,0,0,0,1
"226",-163.5,70.000007823,0,1,0,0,0,1
"227",-160.5,70.000007823,0,1,0,0,0,1
"228",-157.5,70.000007823,0,1,0,0,0,1
"229",-154.5,70.000007823,0,1,0,0,0,1
"230",-151.5,70.000007823,0,1,0,0,0,1
"231",-148.5,70.000007823,0,1,0,0,0,1
"232",-145.5,70.000007823,0,1,0,0,0,1
"233",-142.5,70.000007823,0,1,0,0,0,1
"234",-139.5,70.000007823,0,1,0,0,0,1
"235",-136.5,70.000007823,0,1,0,0,0,1
"236",-133.5,70.000007823,0,1,0,0,0,1
"237",-130.5,70.000007823,0,1,0,0,0,1
"238",-127.5,70.000007823,0,1,0,0,0,1
"239",-124.5,70.000007823,0,1,0,0,0,1
"240",-121.5,70.000007823,0,1,0,0,0,1
"241",-118.5,70.000007823,0,1,0,0,0,1
"242",-115.5,70.000007823,0,1,0,0,0,1
"243",-112.5,70.000007823,0,1,0,0,0,0
"244",-109.5,70.000007823,0,1,0,0,0,0
"245",-106.5,70.000007823,0,1,0,0,0,1
"246",-103.5,70.000007823,0,1,0,0,0,0
"247",-100.5,70.000007823,0,1,0,0,0,0
"248",-97.5,70.000007823,0,1,0,0,0,1
"249",-94.5,70.000007823,0,1,0,0,0,1
"250",-91.5,70.000007823,0,1,0,0,0,1
"251",-88.5,70.000007823,0,1,0,0,0,1
"252",-85.5,70.000007823,0,1,0,0,0,1
"253",-82.5,70.000007823,0,1,0,0,0,1
"254",-79.5,70.000007823,0,1,0,0,0,1
"255",-76.5,70.000007823,0,1,0,0,0,1
"256",-73.5,70.000007823,0,1,0,0,0,1
"257",-70.5,70.000007823,0,1,0,0,0,1
"258",-67.5,70.000007823,0,1,0,0,0,1
"259",-55.5,70.000007823,0,0,0,0,0,0
"260",-52.5,70.000007823,0,0,0,0,0,0
"261",-49.5,70.000007823,0,0,0,0,0,0
"262",-46.5,70.000007823,0,0,0,0,0,0
"263",-43.5,70.000007823,0,0,0,0,0,0
"264",-40.5,70.000007823,0,0,0,0,0,0
"265",-37.5,70.000007823,0,0,0,0,0,0
"266",-34.5,70.000007823,0,0,0,0,0,0
"267",-31.5,70.000007823,0,0,0,0,0,0
"268",-28.5,70.000007823,0,0,0,0,0,0
"269",-25.5,70.000007823,0,0,0,0,0,0
"270",-22.5,70.000007823,0,0,0,0,0,0
"271",-7.5,70.000007823,0,0,0,0,0,0
"272",13.5,70.000007823,0,0,0,0,0,0
"273",16.5,70.000007823,0,1,0,0,0,1
"274",19.5,70.000007823,0,1,0,0,0,1
"275",22.5,70.000007823,0,1,0,0,0,1
"276",25.5,70.000007823,0,1,0,0,0,1
"277",28.5,70.000007823,0,1,0,0,0,1
"278",31.5,70.000007823,0,1,0,0,0,1
"279",34.5,70.000007823,0,1,0,0,0,1
"280",37.5,70.000007823,0,1,0,0,0,1
"281",43.5,70.000007823,0,0,0,0,0,0
"282",49.5,70.000007823,0,0,0,0,0,0
"283",52.5,70.000007823,0,1,0,0,0,1
"284",55.5,70.000007823,0,0,0,0,0,0
"285",58.5,70.000007823,0,1,0,0,0,1
"286",61.5,70.000007823,0,1,0,0,0,1
"287",64.5,70.000007823,0,1,0,0,0,1
"288",67.5,70.000007823,0,1,0,0,0,1
"289",70.5,70.000007823,0,1,0,0,0,0
"290",73.5,70.000007823,0,1,0,0,0,0
"291",76.5,70.000007823,0,1,0,0,0,0
"292",79.5,70.000007823,0,1,0,0,0,0
"293",82.5,70.000007823,0,1,0,0,0,1
"294",85.5,70.000007823,0,1,0,0,0,1
"295",88.5,70.000007823,0,1,0,0,0,1
"296",91.5,70.000007823,0,1,0,0,0,1
"297",94.5,70.000007823,0,1,0,0,0,1
"298",97.5,70.000007823,0,1,0,0,0,1
"299",100.5,70.000007823,0,1,0,0,0,1
"300",103.5,70.000007823,0,1,0,0,0,1
"301",106.5,70.000007823,0,1,0,0,0,1
"302",109.5,70.000007823,0,1,0,0,0,1
"303",112.5,70.000007823,0,1,0,0,0,1
"304",115.5,70.000007823,0,1,0,0,0,1
"305",118.5,70.000007823,0,1,0,0,0,1
"306",121.5,70.000007823,0,1,0,0,0,1
"307",124.5,70.000007823,0,1,0,0,0,1
"308",127.5,70.000007823,0,1,0,0,0,1
"309",130.5,70.000007823,0,1,0,0,0,1
"310",133.5,70.000007823,0,1,0,0,0,1
"311",136.5,70.000007823,0,1,0,0,0,1
"312",139.5,70.000007823,0,1,0,0,0,1
"313",142.5,70.000007823,0,1,0,0,0,1
"314",145.5,70.000007823,0,1,0,0,0,1
"315",148.5,70.000007823,0,1,0,0,0,1
"316",151.5,70.000007823,0,1,0,0,0,1
"317",154.5,70.000007823,0,1,0,0,0,1
"318",157.5,70.000007823,0,1,0,0,0,1
"319",160.5,70.000007823,0,1,0,0,0,1
"320",163.5,70.000007823,0,1,0,0,0,1
"321",166.5,70.000007823,0,1,0,0,0,1
"322",169.5,70.000007823,0,1,0,0,0,1
"323",172.5,70.000007823,0,1,0,0,0,1
"324",175.5,70.000007823,0,1,0,0,0,1
"325",178.5,70.000007823,0,1,0,0,0,1
"326",-178.5,67.000007823,0,1,0,0,0,1
"327",-175.5,67.000007823,0,1,0,0,0,1
"328",-172.5,67.000007823,0,1,0,0,0,1
"329",-169.5,67.000007823,0,1,0,0,0,1
"330",-166.5,67.000007823,0,1,0,0,0,1
"331",-163.5,67.000007823,0,1,0,0,0,1
"332",-160.5,67.000007823,0,1,0,0,0,1
"333",-157.5,67.000007823,0,1,0,0,0,1
"334",-154.5,67.000007823,0,1,0,0,0,1
"335",-151.5,67.000007823,0,1,0,0,0,1
"336",-148.5,67.000007823,0,1,0,0,0,1
"337",-145.5,67.000007823,0,1,0,0,0,1
"338",-142.5,67.000007823,0,1,0,0,0,1
"339",-139.5,67.000007823,0,1,0,0,0,1
"340",-136.5,67.000007823,0,1,0,0,0,1
"341",-133.5,67.000007823,0,1,0,0,0,1
"342",-130.5,67.000007823,0,1,0,0,0,1
"343",-127.5,67.000007823,0,1,0,0,0,1
"344",-124.5,67.000007823,0,1,0,0,0,1
"345",-121.5,67.000007823,0,1,0,0,0,1
"346",-118.5,67.000007823,0,1,0,0,0,1
"347",-115.5,67.000007823,0,1,0,0,0,1
"348",-112.5,67.000007823,0,1,0,0,0,1
"349",-109.5,67.000007823,0,1,0,0,0,1
"350",-106.5,67.000007823,0,1,0,0,0,1
"351",-103.5,67.000007823,0,1,0,0,0,1
"352",-100.5,67.000007823,0,1,0,0,0,1
"353",-97.5,67.000007823,0,1,0,0,0,1
"354",-94.5,67.000007823,0,1,0,0,0,1
"355",-91.5,67.000007823,0,1,0,0,0,1
"356",-88.5,67.000007823,0,1,0,0,0,1
"357",-85.5,67.000007823,0,1,0,0,0,1
"358",-82.5,67.000007823,0,1,0,0,0,1
"359",-79.5,67.000007823,0,0,0,0,0,0
"360",-76.5,67.000007823,0,0,0,0,0,0
"361",-73.5,67.000007823,0,1,0,0,0,1
"362",-70.5,67.000007823,0,1,0,0,0,1
"363",-67.5,67.000007823,0,1,0,0,0,1
"364",-64.5,67.000007823,0,1,0,0,0,1
"365",-61.5,67.000007823,0,1,0,0,0,1
"366",-52.5,67.000007823,0,0,0,0,0,0
"367",-49.5,67.000007823,0,0,0,0,0,0
"368",-46.5,67.000007823,0,0,0,0,0,0
"369",-43.5,67.000007823,0,0,0,0,0,0
"370",-40.5,67.000007823,0,0,0,0,0,0
"371",-37.5,67.000007823,0,0,0,0,0,0
"372",-34.5,67.000007823,0,0,0,0,0,0
"373",-31.5,67.000007823,0,0,0,0,0,0
"374",-28.5,67.000007823,0,0,0,0,0,0
"375",-22.5,67.000007823,0,0,0,0,0,0
"376",-19.5,67.000007823,0,0,0,0,0,0
"377",-16.5,67.000007823,0,0,0,0,0,0
"378",-13.5,67.000007823,0,0,0,0,0,0
"379",10.5,67.000007823,0,0,0,0,0,0
"380",13.5,67.000007823,0,1,0,0,0,1
"381",16.5,67.000007823,0,1,0,0,0,1
"382",19.5,67.000007823,0,1,0,0,0,1
"383",22.5,67.000007823,0,1,0,0,0,1
"384",25.5,67.000007823,0,1,0,0,0,1
"385",28.5,67.000007823,0,1,0,0,0,1
"386",31.5,67.000007823,0,1,0,0,0,1
"387",34.5,67.000007823,0,1,0,0,0,1
"388",37.5,67.000007823,0,1,0,0,0,1
"389",40.5,67.000007823,0,1,0,0,0,1
"390",43.5,67.000007823,0,1,0,0,0,1
"391",46.5,67.000007823,0,1,0,0,0,1
"392",49.5,67.000007823,0,1,0,0,0,1
"393",52.5,67.000007823,0,1,0,0,0,1
"394",55.5,67.000007823,0,1,0,0,0,1
"395",58.5,67.000007823,0,1,0,0,0,1
"396",61.5,67.000007823,0,1,0,0,0,1
"397",64.5,67.000007823,0,1,0,0,0,1
"398",67.5,67.000007823,0,1,0,0,0,1
"399",70.5,67.000007823,0,1,0,0,0,1
"400",73.5,67.000007823,0,1,0,0,0,1
"401",76.5,67.000007823,0,1,0,0,0,1
"402",79.5,67.000007823,0,1,0,0,0,1
"403",82.5,67.000007823,0,1,0,0,0,1
"404",85.5,67.000007823,0,1,0,0,0,1
"405",88.5,67.000007823,0,1,0,0,0,1
"406",91.5,67.000007823,0,1,0,0,0,1
"407",94.5,67.000007823,0,1,0,0,0,1
"408",97.5,67.000007823,0,1,0,0,0,1
"409",100.5,67.000007823,0,1,0,0,0,1
"410",103.5,67.000007823,0,1,0,0,0,1
"411",106.5,67.000007823,0,1,0,0,0,1
"412",109.5,67.000007823,0,1,0,0,0,1
"413",112.5,67.000007823,0,1,0,0,0,1
"414",115.5,67.000007823,0,1,0,0,0,1
"415",118.5,67.000007823,0,1,0,0,0,1
"416",121.5,67.000007823,0,1,0,0,0,1
"417",124.5,67.000007823,0,1,0,0,0,1
"418",127.5,67.000007823,0,1,0,0,0,1
"419",130.5,67.000007823,0,1,0,0,0,1
"420",133.5,67.000007823,0,1,0,0,0,1
"421",136.5,67.000007823,0,1,0,0,0,1
"422",139.5,67.000007823,0,1,0,0,0,1
"423",142.5,67.000007823,0,1,0,0,0,1
"424",145.5,67.000007823,0,1,0,0,0,1
"425",148.5,67.000007823,0,1,0,0,0,1
"426",151.5,67.000007823,0,1,0,0,0,1
"427",154.5,67.000007823,0,1,0,0,0,1
"428",157.5,67.000007823,0,1,0,0,0,1
"429",160.5,67.000007823,0,1,0,0,0,1
"430",163.5,67.000007823,0,1,0,0,0,1
"431",166.5,67.000007823,0,1,0,0,0,1
"432",169.5,67.000007823,0,1,0,0,0,1
"433",172.5,67.000007823,0,1,0,0,0,1
"434",175.5,67.000007823,0,1,0,0,0,1
"435",178.5,67.000007823,0,1,0,0,0,1
"436",-178.5,64.000007823,0,1,0,0,0,1
"437",-175.5,64.000007823,0,1,0,0,0,1
"438",-172.5,64.000007823,0,1,0,0,0,1
"439",-169.5,64.000007823,0,0,0,0,0,0
"440",-166.5,64.000007823,0,1,0,0,0,1
"441",-163.5,64.000007823,0,1,0,0,0,1
"442",-160.5,64.000007823,0,1,0,0,0,1
"443",-157.5,64.000007823,0,1,0,0,0,1
"444",-154.5,64.000007823,0,1,0,0,0,1
"445",-151.5,64.000007823,0,1,0,0,0,1
"446",-148.5,64.000007823,0,1,0,0,0,1
"447",-145.5,64.000007823,0,1,0,0,0,1
"448",-142.5,64.000007823,0,1,0,0,0,1
"449",-139.5,64.000007823,0,1,0,0,0,1
"450",-136.5,64.000007823,0,1,0,0,0,1
"451",-133.5,64.000007823,0,1,0,0,0,1
"452",-130.5,64.000007823,0,1,0,0,0,1
"453",-127.5,64.000007823,0,1,0,0,0,1
"454",-124.5,64.000007823,0,1,0,0,0,1
"455",-121.5,64.000007823,0,1,0,0,0,1
"456",-118.5,64.000007823,0,1,0,0,0,1
"457",-115.5,64.000007823,0,1,0,0,0,1
"458",-112.5,64.000007823,0,1,0,0,0,1
"459",-109.5,64.000007823,0,1,0,0,0,1
"460",-106.5,64.000007823,0,1,0,0,0,1
"461",-103.5,64.000007823,0,1,0,0,0,1
"462",-100.5,64.000007823,0,1,0,0,0,1
"463",-97.5,64.000007823,0,1,0,0,0,1
"464",-94.5,64.000007823,0,1,0,0,0,1
"465",-91.5,64.000007823,0,1,0,0,0,1
"466",-88.5,64.000007823,0,1,0,0,0,1
"467",-85.5,64.000007823,0,0,0,0,0,0
"468",-82.5,64.000007823,0,0,0,0,0,0
"469",-79.5,64.000007823,0,0,0,0,0,0
"470",-76.5,64.000007823,0,1,0,0,0,1
"471",-73.5,64.000007823,0,1,0,0,0,1
"472",-70.5,64.000007823,0,1,0,0,0,1
"473",-67.5,64.000007823,0,1,0,0,0,1
"474",-64.5,64.000007823,0,1,0,0,0,1
"475",-61.5,64.000007823,0,0,0,0,0,0
"476",-52.5,64.000007823,0,0,0,0,0,0
"477",-49.5,64.000007823,0,0,0,0,0,0
"478",-46.5,64.000007823,0,0,0,0,0,0
"479",-43.5,64.000007823,0,0,0,0,0,0
"480",-40.5,64.000007823,0,0,0,0,0,0
"481",-25.5,64.000007823,0,0,0,0,0,0
"482",-22.5,64.000007823,0,0,0,0,0,0
"483",-19.5,64.000007823,0,0,0,0,0,0
"484",-16.5,64.000007823,0,0,0,0,0,0
"485",-13.5,64.000007823,0,0,0,0,0,0
"486",7.5,64.000007823,0,1,0,0,0,1
"487",10.5,64.000007823,0,1,0,0,0,1
"488",13.5,64.000007823,0,1,0,0,0,1
"489",16.5,64.000007823,0,1,0,0,0,1
"490",19.5,64.000007823,0,1,0,0,0,1
"491",22.5,64.000007823,0,1,0,0,0,1
"492",25.5,64.000007823,0,1,0,0,0,1
"493",28.5,64.000007823,0,1,0,0,0,1
"494",31.5,64.000007823,0,1,0,0,0,1
"495",34.5,64.000007823,0,1,0,0,0,1
"496",37.5,64.000007823,0,1,0,0,0,1
"497",40.5,64.000007823,0,1,0,0,0,1
"498",43.5,64.000007823,0,1,0,0,0,1
"499",46.5,64.000007823,0,1,0,0,0,1
"500",49.5,64.000007823,0,1,0,0,0,1
"501",52.5,64.000007823,0,1,0,0,0,1
"502",55.5,64.000007823,0,1,0,0,0,1
"503",58.5,64.000007823,0,1,0,0,0,1
"504",61.5,64.000007823,0,1,0,0,0,1
"505",64.5,64.000007823,0,1,0,0,0,1
"506",67.5,64.000007823,0,1,0,0,0,1
"507",70.5,64.000007823,0,1,0,0,0,1
"508",73.5,64.000007823,0,1,0,0,0,1
"509",76.5,64.000007823,0,1,0,0,0,1
"510",79.5,64.000007823,0,1,0,0,0,1
"511",82.5,64.000007823,0,1,0,0,0,1
"512",85.5,64.000007823,0,1,0,0,0,1
"513",88.5,64.000007823,0,1,0,0,0,1
"514",91.5,64.000007823,0,1,0,0,0,1
"515",94.5,64.000007823,0,1,0,0,0,1
"516",97.5,64.000007823,0,1,0,0,0,1
"517",100.5,64.000007823,0,1,0,0,0,1
"518",103.5,64.000007823,0,1,0,0,0,1
"519",106.5,64.000007823,0,1,0,0,0,1
"520",109.5,64.000007823,0,1,0,0,0,1
"521",112.5,64.000007823,0,1,0,0,0,1
"522",115.5,64.000007823,0,1,0,0,0,1
"523",118.5,64.000007823,0,1,0,0,0,1
"524",121.5,64.000007823,0,1,0,0,0,1
"525",124.5,64.000007823,0,1,0,0,0,1
"526",127.5,64.000007823,0,1,0,0,0,1
"527",130.5,64.000007823,0,1,0,0,0,1
"528",133.5,64.000007823,0,1,0,0,0,1
"529",136.5,64.000007823,0,1,0,0,0,1
"530",139.5,64.000007823,0,1,0,0,0,1
"531",142.5,64.000007823,0,1,0,0,0,1
"532",145.5,64.000007823,0,1,0,0,0,1
"533",148.5,64.000007823,0,1,0,0,0,1
"534",151.5,64.000007823,0,1,0,0,0,1
"535",154.5,64.000007823,0,1,0,0,0,1
"536",157.5,64.000007823,0,1,0,0,0,1
"537",160.5,64.000007823,0,1,0,0,0,1
"538",163.5,64.000007823,0,1,0,0,0,1
"539",166.5,64.000007823,0,1,0,0,0,1
"540",169.5,64.000007823,0,1,0,0,0,1
"541",172.5,64.000007823,0,1,0,0,0,1
"542",175.5,64.000007823,0,1,0,0,0,1
"543",178.5,64.000007823,0,1,0,0,0,1
"544",-172.5,61.000007823,0,0,0,0,0,0
"545",-166.5,61.000007823,0,1,0,0,0,1
"546",-163.5,61.000007823,0,1,0,0,0,1
"547",-160.5,61.000007823,0,1,0,0,0,1
"548",-157.5,61.000007823,0,1,0,0,0,1
"549",-154.5,61.000007823,0,1,0,0,0,1
"550",-151.5,61.000007823,0,1,0,0,0,1
"551",-148.5,61.000007823,0,1,0,0,0,1
"552",-145.5,61.000007823,0,1,0,0,0,1
"553",-142.5,61.000007823,0,1,0,0,0,1
"554",-139.5,61.000007823,0,1,0,0,0,1
"555",-136.5,61.000007823,0,1,0,0,0,1
"556",-133.5,61.000007823,0,1,0,0,0,1
"557",-130.5,61.000007823,0,1,0,0,0,1
"558",-127.5,61.000007823,0,1,0,0,0,1
"559",-124.5,61.000007823,0,1,0,0,0,1
"560",-121.5,61.000007823,0,1,0,0,0,1
"561",-118.5,61.000007823,0,1,0,0,0,1
"562",-115.5,61.000007823,0,1,0,0,0,1
"563",-112.5,61.000007823,0,1,0,0,0,1
"564",-109.5,61.000007823,0,1,0,0,0,1
"565",-106.5,61.000007823,0,1,0,0,0,1
"566",-103.5,61.000007823,0,1,0,0,0,1
"567",-100.5,61.000007823,0,1,0,0,0,1
"568",-97.5,61.000007823,0,1,0,0,0,1
"569",-94.5,61.000007823,0,1,0,0,0,1
"570",-91.5,61.000007823,0,0,0,0,0,0
"571",-82.5,61.000007823,0,0,0,0,0,0
"572",-79.5,61.000007823,0,0,0,0,0,0
"573",-76.5,61.000007823,0,1,0,0,0,1
"574",-73.5,61.000007823,0,1,0,0,0,1
"575",-70.5,61.000007823,0,1,0,0,0,1
"576",-67.5,61.000007823,0,1,0,0,0,1
"577",-64.5,61.000007823,0,1,0,0,0,1
"578",-49.5,61.000007823,0,0,0,0,0,0
"579",-46.5,61.000007823,0,0,0,0,0,0
"580",-43.5,61.000007823,0,0,0,0,0,0
"581",-7.5,61.000007823,0,0,0,0,0,0
"582",-1.5,61.000007823,0,0,0,0,0,0
"583",4.5,61.000007823,0,0,0,0,0,1
"584",7.5,61.000007823,0,1,0,0,0,1
"585",10.5,61.000007823,0,1,0,0,0,1
"586",13.5,61.000007823,0,1,0,0,0,1
"587",16.5,61.000007823,0,1,0,0,0,1
"588",19.5,61.000007823,0,0,0,0,0,1
"589",22.5,61.000007823,0,1,0,0,0,1
"590",25.5,61.000007823,0,1,0,0,0,1
"591",28.5,61.000007823,0,1,0,0,0,1
"592",31.5,61.000007823,0,1,0,0,0,1
"593",34.5,61.000007823,0,1,0,0,0,1
"594",37.5,61.000007823,0,1,0,0,0,1
"595",40.5,61.000007823,0,1,0,0,0,1
"596",43.5,61.000007823,0,1,0,0,0,1
"597",46.5,61.000007823,0,1,0,0,0,1
"598",49.5,61.000007823,0,1,0,0,0,1
"599",52.5,61.000007823,0,1,0,0,0,1
"600",55.5,61.000007823,0,1,0,0,0,1
"601",58.5,61.000007823,0,1,0,0,0,1
"602",61.5,61.000007823,0,1,0,0,0,1
"603",64.5,61.000007823,0,1,0,0,0,1
"604",67.5,61.000007823,0,1,0,0,0,1
"605",70.5,61.000007823,0,1,0,0,0,1
"606",73.5,61.000007823,0,1,0,0,0,1
"607",76.5,61.000007823,0,1,0,0,0,1
"608",79.5,61.000007823,0,1,0,0,0,1
"609",82.5,61.000007823,0,1,0,0,0,1
"610",85.5,61.000007823,0,1,0,0,0,1
"611",88.5,61.000007823,0,1,0,0,0,1
"612",91.5,61.000007823,0,1,0,0,0,1
"613",94.5,61.000007823,0,1,0,0,0,1
"614",97.5,61.000007823,0,1,0,0,0,1
"615",100.5,61.000007823,0,1,0,0,0,1
"616",103.5,61.000007823,0,1,0,0,0,1
"617",106.5,61.000007823,0,1,0,0,0,1
"618",109.5,61.000007823,0,1,0,0,0,1
"619",112.5,61.000007823,0,1,0,0,0,1
"620",115.5,61.000007823,0,1,0,0,0,1
"621",118.5,61.000007823,0,1,0,0,0,1
"622",121.5,61.000007823,0,1,0,0,0,1
"623",124.5,61.000007823,0,1,0,0,0,1
"624",127.5,61.000007823,0,1,0,0,0,1
"625",130.5,61.000007823,0,1,0,0,0,1
"626",133.5,61.000007823,0,1,0,0,0,1
"627",136.5,61.000007823,0,1,0,0,0,1
"628",139.5,61.000007823,0,1,0,0,0,1
"629",142.5,61.000007823,0,1,0,0,0,1
"630",145.5,61.000007823,0,1,0,0,0,1
"631",148.5,61.000007823,0,1,0,0,0,1
"632",151.5,61.000007823,0,1,0,0,0,1
"633",154.5,61.000007823,0,1,0,0,0,1
"634",157.5,61.000007823,0,1,0,0,0,1
"635",160.5,61.000007823,0,1,0,0,0,1
"636",163.5,61.000007823,0,1,0,0,0,1
"637",166.5,61.000007823,0,1,0,0,0,1
"638",169.5,61.000007823,0,1,0,0,0,1
"639",172.5,61.000007823,0,1,0,0,0,1
"640",175.5,61.000007823,0,1,0,0,0,1
"641",178.5,61.000007823,0,0,0,0,0,0
"642",-169.5,58.000007823,0,0,0,0,0,0
"643",-160.5,58.000007823,0,1,0,0,0,1
"644",-157.5,58.000007823,0,1,0,0,0,1
"645",-154.5,58.000007823,0,1,0,0,0,1
"646",-151.5,58.000007823,0,1,0,0,0,1
"647",-145.5,58.000007823,0,0,0,0,0,0
"648",-139.5,58.000007823,0,1,0,0,0,1
"649",-136.5,58.000007823,0,1,0,0,0,1
"650",-133.5,58.000007823,0,1,0,0,0,1
"651",-130.5,58.000007823,0,1,0,0,0,1
"652",-127.5,58.000007823,0,1,0,0,0,1
"653",-124.5,58.000007823,0,1,0,0,0,1
"654",-121.5,58.000007823,0,1,0,0,0,1
"655",-118.5,58.000007823,0,1,0,0,0,1
"656",-115.5,58.000007823,0,1,0,0,0,1
"657",-112.5,58.000007823,0,1,0,0,0,1
"658",-109.5,58.000007823,0,1,0,0,0,1
"659",-106.5,58.000007823,0,1,0,0,0,1
"660",-103.5,58.000007823,0,1,0,0,0,1
"661",-100.5,58.000007823,0,1,0,0,0,1
"662",-97.5,58.000007823,0,1,0,0,0,1
"663",-94.5,58.000007823,0,1,0,0,0,1
"664",-91.5,58.000007823,0,1,0,0,0,1
"665",-88.5,58.000007823,0,1,0,0,0,1
"666",-79.5,58.000007823,0,1,0,0,0,1
"667",-76.5,58.000007823,0,1,0,0,0,1
"668",-73.5,58.000007823,0,1,0,0,0,1
"669",-70.5,58.000007823,0,1,0,0,0,1
"670",-67.5,58.000007823,0,1,0,0,0,1
"671",-64.5,58.000007823,0,1,0,0,0,1
"672",-61.5,58.000007823,0,1,0,0,0,1
"673",-7.5,58.000007823,0,0,0,0,0,0
"674",-4.5,58.000007823,0,0,0,0,0,1
"675",-1.5,58.000007823,0,0,0,0,0,1
"676",4.5,58.000007823,0,0,0,0,0,1
"677",7.5,58.000007823,0,1,0,0,0,1
"678",10.5,58.000007823,0,0,0,0,0,1
"679",13.5,58.000007823,0,0,0,0,0,1
"680",16.5,58.000007823,0,0,0,0,0,1
"681",19.5,58.000007823,0,0,0,0,0,1
"682",22.5,58.000007823,0,0,0,0,0,1
"683",25.5,58.000007823,0,0,0,0,0,1
"684",28.5,58.000007823,0,0,0,0,0,1
"685",31.5,58.000007823,0,0,0,0,0,1
"686",34.5,58.000007823,0,0,0,0,0,1
"687",37.5,58.000007823,0,0,0,0,0,1
"688",40.5,58.000007823,0,0,0,0,0,1
"689",43.5,58.000007823,0,0,0,0,0,1
"690",46.5,58.000007823,0,0,0,0,0,1
"691",49.5,58.000007823,0,0,0,0,0,1
"692",52.5,58.000007823,0,1,0,0,0,1
"693",55.5,58.000007823,0,1,0,0,0,1
"694",58.5,58.000007823,0,1,0,0,0,1
"695",61.5,58.000007823,0,1,0,0,0,1
"696",64.5,58.000007823,0,1,0,0,0,1
"697",67.5,58.000007823,0,1,0,0,0,1
"698",70.5,58.000007823,0,1,0,0,0,1
"699",73.5,58.000007823,0,1,0,0,0,1
"700",76.5,58.000007823,0,1,0,0,0,1
"701",79.5,58.000007823,0,1,0,0,0,1
"702",82.5,58.000007823,0,1,0,0,0,1
"703",85.5,58.000007823,0,1,0,0,0,1
"704",88.5,58.000007823,0,1,0,0,0,1
"705",91.5,58.000007823,0,1,0,0,0,1
"706",94.5,58.000007823,0,1,0,0,0,1
"707",97.5,58.000007823,0,1,0,0,0,1
"708",100.5,58.000007823,0,1,0,0,0,1
"709",103.5,58.000007823,0,1,0,0,0,1
"710",106.5,58.000007823,0,1,0,0,0,1
"711",109.5,58.000007823,0,1,0,0,0,1
"712",112.5,58.000007823,0,1,0,0,0,1
"713",115.5,58.000007823,0,1,0,0,0,1
"714",118.5,58.000007823,0,1,0,0,0,1
"715",121.5,58.000007823,0,1,0,0,0,1
"716",124.5,58.000007823,0,1,0,0,0,1
"717",127.5,58.000007823,0,1,0,0,0,1
"718",130.5,58.000007823,0,1,0,0,0,1
"719",133.5,58.000007823,0,1,0,0,0,1
"720",136.5,58.000007823,0,1,0,0,0,1
"721",139.5,58.000007823,0,1,0,0,0,1
"722",142.5,58.000007823,0,1,0,0,0,1
"723",145.5,58.000007823,0,1,0,0,0,1
"724",148.5,58.000007823,0,1,0,0,0,1
"725",151.5,58.000007823,0,1,0,0,0,1
"726",154.5,58.000007823,0,1,0,0,0,1
"727",157.5,58.000007823,0,1,0,0,0,1
"728",160.5,58.000007823,0,1,0,0,0,1
"729",163.5,58.000007823,0,1,0,0,0,1
"730",-166.5,55.000007823,0,0,0,0,0,0
"731",-163.5,55.000007823,0,1,0,0,0,1
"732",-160.5,55.000007823,0,1,0,0,0,1
"733",-157.5,55.000007823,0,1,0,0,0,1
"734",-154.5,55.000007823,0,0,0,0,0,0
"735",-133.5,55.000007823,0,1,0,0,0,0
"736",-130.5,55.000007823,0,1,0,0,0,1
"737",-127.5,55.000007823,0,1,0,0,0,1
"738",-124.5,55.000007823,0,1,0,0,0,1
"739",-121.5,55.000007823,0,1,0,0,0,1
"740",-118.5,55.000007823,0,1,0,0,0,1
"741",-115.5,55.000007823,0,1,0,0,0,1
"742",-112.5,55.000007823,0,1,0,0,0,1
"743",-109.5,55.000007823,0,1,0,0,0,1
"744",-106.5,55.000007823,0,1,0,0,0,1
"745",-103.5,55.000007823,0,1,0,0,0,1
"746",-100.5,55.000007823,0,1,0,0,0,1
"747",-97.5,55.000007823,0,1,0,0,0,1
"748",-94.5,55.000007823,0,1,0,0,0,1
"749",-91.5,55.000007823,0,1,0,0,0,1
"750",-88.5,55.000007823,0,1,0,0,0,1
"751",-85.5,55.000007823,0,1,0,0,0,1
"752",-82.5,55.000007823,0,0,0,0,0,1
"753",-79.5,55.000007823,0,1,0,0,0,1
"754",-76.5,55.000007823,0,1,0,0,0,1
"755",-73.5,55.000007823,0,1,0,0,0,1
"756",-70.5,55.000007823,0,1,0,0,0,1
"757",-67.5,55.000007823,0,1,0,0,0,1
"758",-64.5,55.000007823,0,1,0,0,0,1
"759",-61.5,55.000007823,0,1,0,0,0,1
"760",-58.5,55.000007823,0,1,0,0,0,1
"761",-55.5,55.000007823,0,0,0,0,0,0
"762",-10.5,55.000007823,0,0,0,0,0,1
"763",-7.5,55.000007823,0,0,0,0,0,1
"764",-4.5,55.000007823,0,0,0,0,0,1
"765",-1.5,55.000007823,0,0,0,0,0,1
"766",7.5,55.000007823,0,0,0,0,0,1
"767",10.5,55.000007823,0,0,0,0,0,1
"768",13.5,55.000007823,0,0,0,0,0,1
"769",16.5,55.000007823,0,0,0,0,0,1
"770",19.5,55.000007823,0,0,0,0,0,1
"771",22.5,55.000007823,0,0,0,0,0,1
"772",25.5,55.000007823,0,0,0,0,0,1
"773",28.5,55.000007823,0,0,0,0,0,1
"774",31.5,55.000007823,0,0,0,0,0,1
"775",34.5,55.000007823,0,0,0,0,0,1
"776",37.5,55.000007823,0,0,0,0,0,1
"777",40.5,55.000007823,0,0,0,0,0,1
"778",43.5,55.000007823,0,0,0,0,0,1
"779",46.5,55.000007823,0,0,0,0,0,1
"780",49.5,55.000007823,0,0,0,0,0,1
"781",52.5,55.000007823,0,0,0,0,0,1
"782",55.5,55.000007823,0,0,0,0,0,1
"783",58.5,55.000007823,0,0,0,0,0,1
"784",61.5,55.000007823,0,1,0,0,0,1
"785",64.5,55.000007823,0,1,0,0,0,1
"786",67.5,55.000007823,0,1,0,0,0,1
"787",70.5,55.000007823,0,1,0,0,0,1
"788",73.5,55.000007823,0,1,0,0,0,1
"789",76.5,55.000007823,0,1,0,0,0,1
"790",79.5,55.000007823,0,1,0,0,0,1
"791",82.5,55.000007823,0,1,0,0,0,1
"792",85.5,55.000007823,0,1,0,0,0,1
"793",88.5,55.000007823,0,1,0,0,0,1
"794",91.5,55.000007823,0,1,0,0,0,1
"795",94.5,55.000007823,0,1,0,0,0,1
"796",97.5,55.000007823,0,1,0,0,0,1
"797",100.5,55.000007823,0,1,0,0,0,1
"798",103.5,55.000007823,0,1,0,0,0,1
"799",106.5,55.000007823,0,1,0,0,0,1
"800",109.5,55.000007823,0,1,0,0,0,1
"801",112.5,55.000007823,0,1,0,0,0,1
"802",115.5,55.000007823,0,1,0,0,0,1
"803",118.5,55.000007823,0,1,0,0,0,1
"804",121.5,55.000007823,0,1,0,0,0,1
"805",124.5,55.000007823,0,1,0,0,0,1
"806",127.5,55.000007823,0,1,0,0,0,1
"807",130.5,55.000007823,0,1,0,0,0,1
"808",133.5,55.000007823,0,1,0,0,0,1
"809",136.5,55.000007823,0,1,0,0,0,1
"810",139.5,55.000007823,0,1,0,0,0,1
"811",142.5,55.000007823,0,1,0,0,0,0
"812",154.5,55.000007823,0,1,0,0,0,1
"813",157.5,55.000007823,0,1,0,0,0,1
"814",160.5,55.000007823,0,1,0,0,0,1
"815",163.5,55.000007823,0,1,0,0,0,1
"816",166.5,55.000007823,0,0,0,0,0,0
"817",-178.5,52.000007823,0,0,0,0,0,0
"818",-175.5,52.000007823,0,0,0,0,0,0
"819",-172.5,52.000007823,0,0,0,0,0,0
"820",-169.5,52.000007823,0,0,0,0,0,0
"821",-166.5,52.000007823,0,0,0,0,0,0
"822",-133.5,52.000007823,0,0,0,0,0,0
"823",-130.5,52.000007823,0,0,0,0,0,0
"824",-127.5,52.000007823,0,1,0,0,0,1
"825",-124.5,52.000007823,0,1,0,0,0,1
"826",-121.5,52.000007823,0,1,0,0,0,1
"827",-118.5,52.000007823,0,1,0,0,0,1
"828",-115.5,52.000007823,0,0,0,0,0,1
"829",-112.5,52.000007823,0,0,0,0,0,1
"830",-109.5,52.000007823,0,0,0,0,0,1
"831",-106.5,52.000007823,0,0,0,0,0,1
"832",-103.5,52.000007823,0,0,0,0,0,1
"833",-100.5,52.000007823,0,0,0,0,0,1
"834",-97.5,52.000007823,0,0,0,0,0,1
"835",-94.5,52.000007823,0,0,0,0,0,1
"836",-91.5,52.000007823,0,1,0,0,0,1
"837",-88.5,52.000007823,0,1,0,0,0,1
"838",-85.5,52.000007823,0,0,0,0,0,1
"839",-82.5,52.000007823,0,0,0,0,0,1
"840",-79.5,52.000007823,0,1,0,0,0,1
"841",-76.5,52.000007823,0,1,0,0,0,1
"842",-73.5,52.000007823,0,1,0,0,0,1
"843",-70.5,52.000007823,0,1,0,0,0,1
"844",-67.5,52.000007823,0,1,0,0,0,1
"845",-64.5,52.000007823,0,1,0,0,0,1
"846",-61.5,52.000007823,0,1,0,0,0,1
"847",-58.5,52.000007823,0,1,0,0,0,1
"848",-55.5,52.000007823,0,1,0,0,0,1
"849",-10.5,52.000007823,0,0,0,0,0,1
"850",-7.5,52.000007823,0,0,0,0,0,1
"851",-4.5,52.000007823,0,0,0,0,0,1
"852",-1.5,52.000007823,0,0,0,0,0,1
"853",1.5,52.000007823,0,0,0,0,0,1
"854",4.5,52.000007823,0,0,0,0,0,1
"855",7.5,52.000007823,0,0,0,0,0,1
"856",10.5,52.000007823,0,0,0,0,0,1
"857",13.5,52.000007823,0,0,0,0,0,1
"858",16.5,52.000007823,0,0,0,0,0,1
"859",19.5,52.000007823,0,0,0,0,0,1
"860",22.5,52.000007823,0,0,0,0,0,1
"861",25.5,52.000007823,0,0,0,0,0,1
"862",28.5,52.000007823,0,0,0,0,0,1
"863",31.5,52.000007823,0,0,0,0,0,1
"864",34.5,52.000007823,0,0,0,0,0,1
"865",37.5,52.000007823,0,0,0,0,0,1
"866",40.5,52.000007823,0,0,0,0,0,1
"867",43.5,52.000007823,0,0,0,0,0,1
"868",46.5,52.000007823,0,0,0,0,0,1
"869",49.5,52.000007823,0,0,0,0,0,1
"870",52.5,52.000007823,0,0,0,0,0,1
"871",55.5,52.000007823,0,0,0,0,0,1
"872",58.5,52.000007823,0,0,0,0,0,1
"873",61.5,52.000007823,0,0,0,0,0,1
"874",64.5,52.000007823,0,1,0,0,0,1
"875",67.5,52.000007823,0,1,0,0,0,1
"876",70.5,52.000007823,0,1,0,0,0,1
"877",73.5,52.000007823,0,1,0,0,0,1
"878",76.5,52.000007823,0,1,0,0,0,1
"879",79.5,52.000007823,0,1,0,0,0,1
"880",82.5,52.000007823,0,1,0,0,0,1
"881",85.5,52.000007823,0,1,0,0,0,1
"882",88.5,52.000007823,0,1,0,0,0,1
"883",91.5,52.000007823,0,1,0,0,0,1
"884",94.5,52.000007823,0,1,0,0,0,1
"885",97.5,52.000007823,0,1,0,0,0,1
"886",100.5,52.000007823,0,1,0,0,0,1
"887",103.5,52.000007823,0,1,0,0,0,1
"888",106.5,52.000007823,0,1,0,0,0,1
"889",109.5,52.000007823,0,1,0,0,0,1
"890",112.5,52.000007823,0,1,0,0,0,1
"891",115.5,52.000007823,0,1,0,0,0,1
"892",118.5,52.000007823,0,1,0,0,0,1
"893",121.5,52.000007823,0,1,0,0,0,1
"894",124.5,52.000007823,0,1,0,0,0,1
"895",127.5,52.000007823,0,1,0,0,0,1
"896",130.5,52.000007823,0,1,0,0,0,1
"897",133.5,52.000007823,0,1,0,0,0,1
"898",136.5,52.000007823,0,1,0,0,0,1
"899",139.5,52.000007823,0,1,0,0,0,1
"900",142.5,52.000007823,0,1,0,0,0,1
"901",154.5,52.000007823,0,0,0,0,0,0
"902",157.5,52.000007823,0,1,0,0,0,1
"903",160.5,52.000007823,0,1,0,0,0,1
"904",172.5,52.000007823,0,0,0,0,0,0
"905",178.5,52.000007823,0,0,0,0,0,0
"906",-127.5,49.000007823,0,1,0,0,0,0
"907",-124.5,49.000007823,0,1,0,0,0,1
"908",-121.5,49.000007823,0,1,0,0,0,1
"909",-118.5,49.000007823,0,1,0,0,0,1
"910",-115.5,49.000007823,0,0,0,0,0,1
"911",-112.5,49.000007823,0,0,0,0,0,1
"912",-109.5,49.000007823,0,0,0,0,0,1
"913",-106.5,49.000007823,0,0,0,0,0,1
"914",-103.5,49.000007823,0,0,0,0,0,1
"915",-100.5,49.000007823,0,0,0,0,0,1
"916",-97.5,49.000007823,0,0,0,0,0,1
"917",-94.5,49.000007823,0,0,0,0,0,1
"918",-91.5,49.000007823,0,0,0,0,0,1
"919",-88.5,49.000007823,0,0,0,0,0,1
"920",-85.5,49.000007823,0,0,0,0,0,1
"921",-82.5,49.000007823,0,0,0,0,0,1
"922",-79.5,49.000007823,0,0,0,0,0,1
"923",-76.5,49.000007823,0,0,0,0,0,1
"924",-73.5,49.000007823,0,0,0,0,0,1
"925",-70.5,49.000007823,0,0,0,0,0,1
"926",-67.5,49.000007823,0,0,0,0,0,1
"927",-64.5,49.000007823,0,0,0,0,0,1
"928",-61.5,49.000007823,0,0,0,0,0,1
"929",-58.5,49.000007823,0,0,0,0,0,1
"930",-55.5,49.000007823,0,0,0,0,0,1
"931",-52.5,49.000007823,0,0,0,0,0,1
"932",-7.5,49.000007823,0,0,0,0,0,0
"933",-4.5,49.000007823,0,0,0,0,0,1
"934",-1.5,49.000007823,0,0,0,0,0,1
"935",1.5,49.000007823,0,0,0,0,0,1
"936",4.5,49.000007823,0,0,0,0,0,1
"937",7.5,49.000007823,0,0,0,0,0,1
"938",10.5,49.000007823,0,0,0,0,0,1
"939",13.5,49.000007823,0,0,0,0,0,1
"940",16.5,49.000007823,0,0,0,0,0,1
"941",19.5,49.000007823,0,0,0,0,0,1
"942",22.5,49.000007823,0,0,0,0,0,1
"943",25.5,49.000007823,0,0,0,0,0,1
"944",28.5,49.000007823,0,0,0,0,0,1
"945",31.5,49.000007823,0,0,0,0,0,1
"946",34.5,49.000007823,0,0,0,0,0,1
"947",37.5,49.000007823,0,0,0,0,0,1
"948",40.5,49.000007823,0,0,0,0,0,1
"949",43.5,49.000007823,0,0,0,0,0,1
"950",46.5,49.000007823,0,0,0,0,0,1
"951",49.5,49.000007823,0,0,0,0,0,1
"952",52.5,49.000007823,0,0,0,0,0,1
"953",55.5,49.000007823,0,0,0,0,0,1
"954",58.5,49.000007823,0,0,0,0,0,1
"955",61.5,49.000007823,0,0,0,0,0,1
"956",64.5,49.000007823,0,0,0,0,0,1
"957",67.5,49.000007823,0,1,0,0,0,1
"958",70.5,49.000007823,0,1,0,0,0,1
"959",73.5,49.000007823,0,1,0,0,0,1
"960",76.5,49.000007823,0,1,0,0,0,1
"961",79.5,49.000007823,0,1,0,0,0,1
"962",82.5,49.000007823,0,1,0,0,0,1
"963",85.5,49.000007823,0,1,0,0,0,1
"964",88.5,49.000007823,0,1,0,0,0,1
"965",91.5,49.000007823,0,1,0,0,0,1
"966",94.5,49.000007823,0,1,0,0,0,1
"967",97.5,49.000007823,0,1,0,0,0,1
"968",100.5,49.000007823,0,1,0,0,0,1
"969",103.5,49.000007823,0,1,0,0,0,1
"970",106.5,49.000007823,0,1,0,0,0,1
"971",109.5,49.000007823,0,1,0,0,0,1
"972",112.5,49.000007823,0,1,0,0,0,1
"973",115.5,49.000007823,0,1,0,0,0,1
"974",118.5,49.000007823,0,1,0,0,0,1
"975",121.5,49.000007823,0,1,0,0,0,1
"976",124.5,49.000007823,0,1,0,0,0,1
"977",127.5,49.000007823,0,1,0,0,0,1
"978",130.5,49.000007823,0,1,0,0,0,1
"979",133.5,49.000007823,0,1,0,0,0,1
"980",136.5,49.000007823,0,1,0,0,0,1
"981",139.5,49.000007823,0,1,0,0,0,1
"982",142.5,49.000007823,0,1,0,0,0,0
"983",145.5,49.000007823,0,1,0,0,0,0
"984",154.5,49.000007823,0,0,0,0,0,1
"985",-124.5,46.000007823,0,0,0,0,0,1
"986",-121.5,46.000007823,0,1,0,0,0,1
"987",-118.5,46.000007823,0,1,0,0,0,1
"988",-115.5,46.000007823,0,1,0,0,0,1
"989",-112.5,46.000007823,0,0,0,0,0,1
"990",-109.5,46.000007823,0,0,0,0,0,1
"991",-106.5,46.000007823,0,0,0,0,0,1
"992",-103.5,46.000007823,0,0,0,0,0,1
"993",-100.5,46.000007823,0,0,0,0,0,1
"994",-97.5,46.000007823,0,0,0,0,0,1
"995",-94.5,46.000007823,0,0,0,0,0,1
"996",-91.5,46.000007823,0,0,0,0,0,1
"997",-88.5,46.000007823,0,0,0,0,0,1
"998",-85.5,46.000007823,0,0,0,0,0,1
"999",-82.5,46.000007823,0,0,0,0,0,1
"1000",-79.5,46.000007823,0,0,0,0,0,1
"1001",-76.5,46.000007823,0,0,0,0,0,1
"1002",-73.5,46.000007823,0,0,0,0,0,1
"1003",-70.5,46.000007823,0,0,0,0,0,1
"1004",-67.5,46.000007823,0,0,0,0,0,1
"1005",-64.5,46.000007823,0,0,0,0,0,1
"1006",-61.5,46.000007823,0,0,0,0,0,1
"1007",-58.5,46.000007823,0,0,0,0,0,0
"1008",-55.5,46.000007823,0,0,0,0,0,1
"1009",-52.5,46.000007823,0,0,0,0,0,1
"1010",-4.5,46.000007823,0,0,0,0,0,0
"1011",-1.5,46.000007823,0,0,0,0,0,1
"1012",1.5,46.000007823,0,0,0,0,0,1
"1013",4.5,46.000007823,0,0,0,0,0,1
"1014",7.5,46.000007823,0,0,0,0,0,1
"1015",10.5,46.000007823,0,0,0,0,0,1
"1016",13.5,46.000007823,0,0,0,0,0,1
"1017",16.5,46.000007823,0,0,0,0,0,1
"1018",19.5,46.000007823,0,0,0,0,0,1
"1019",22.5,46.000007823,0,0,0,0,0,1
"1020",25.5,46.000007823,0,0,0,0,0,1
"1021",28.5,46.000007823,0,0,0,0,0,1
"1022",31.5,46.000007823,0,0,0,0,0,1
"1023",34.5,46.000007823,0,0,0,0,0,1
"1024",37.5,46.000007823,0,0,0,0,0,1
"1025",40.5,46.000007823,0,0,0,0,0,1
"1026",43.5,46.000007823,0,0,0,0,0,1
"1027",46.5,46.000007823,0,0,0,0,0,1
"1028",49.5,46.000007823,0,0,0,0,0,1
"1029",52.5,46.000007823,0,0,0,0,0,1
"1030",55.5,46.000007823,0,0,0,0,0,1
"1031",58.5,46.000007823,0,0,0,0,0,1
"1032",61.5,46.000007823,0,0,0,0,0,1
"1033",64.5,46.000007823,0,0,0,0,0,1
"1034",67.5,46.000007823,0,0,0,0,0,1
"1035",70.5,46.000007823,0,0,0,0,0,1
"1036",73.5,46.000007823,0,0,0,0,0,1
"1037",76.5,46.000007823,0,0,0,0,0,1
"1038",79.5,46.000007823,0,0,0,0,0,1
"1039",82.5,46.000007823,0,0,0,0,0,1
"1040",85.5,46.000007823,0,1,0,0,0,1
"1041",88.5,46.000007823,0,1,0,0,0,1
"1042",91.5,46.000007823,0,1,0,0,0,1
"1043",94.5,46.000007823,0,0,0,0,0,1
"1044",97.5,46.000007823,0,0,0,0,0,1
"1045",100.5,46.000007823,0,1,0,0,0,1
"1046",103.5,46.000007823,0,1,0,0,0,1
"1047",106.5,46.000007823,0,0,0,0,0,1
"1048",109.5,46.000007823,0,0,0,0,0,1
"1049",112.5,46.000007823,0,0,0,0,0,1
"1050",115.5,46.000007823,0,0,0,0,0,1
"1051",118.5,46.000007823,0,0,0,0,0,1
"1052",121.5,46.000007823,0,1,0,0,0,1
"1053",124.5,46.000007823,0,1,0,0,0,1
"1054",127.5,46.000007823,0,1,0,0,0,1
"1055",130.5,46.000007823,0,1,0,0,0,1
"1056",133.5,46.000007823,0,1,0,0,0,1
"1057",136.5,46.000007823,0,1,0,0,0,1
"1058",139.5,46.000007823,0,1,0,0,0,1
"1059",142.5,46.000007823,0,1,0,0,0,1
"1060",148.5,46.000007823,0,0,0,0,0,1
"1061",151.5,46.000007823,0,0,0,0,0,0
"1062",-124.5,43.000007823,0,0,0,0,0,1
"1063",-121.5,43.000007823,0,1,0,0,0,1
"1064",-118.5,43.000007823,0,1,0,0,0,0
"1065",-115.5,43.000007823,0,1,0,0,0,1
"1066",-112.5,43.000007823,0,1,0,0,0,1
"1067",-109.5,43.000007823,0,0,0,0,0,1
"1068",-106.5,43.000007823,0,0,0,0,0,1
"1069",-103.5,43.000007823,0,0,0,0,0,1
"1070",-100.5,43.000007823,0,0,0,0,0,1
"1071",-97.5,43.000007823,0,0,0,0,0,1
"1072",-94.5,43.000007823,0,0,0,0,0,1
"1073",-91.5,43.000007823,0,0,0,0,0,1
"1074",-88.5,43.000007823,0,0,0,0,0,1
"1075",-85.5,43.000007823,0,0,0,0,0,1
"1076",-82.5,43.000007823,0,0,0,0,0,1
"1077",-79.5,43.000007823,0,0,0,0,0,1
"1078",-76.5,43.000007823,0,0,0,0,0,1
"1079",-73.5,43.000007823,0,0,0,0,0,1
"1080",-70.5,43.000007823,0,0,0,0,0,1
"1081",-67.5,43.000007823,0,0,0,0,0,0
"1082",-64.5,43.000007823,0,0,0,0,0,1
"1083",-58.5,43.000007823,0,0,0,0,0,0
"1084",-10.5,43.000007823,0,0,0,0,0,0
"1085",-7.5,43.000007823,0,0,0,0,0,1
"1086",-4.5,43.000007823,0,0,0,0,0,1
"1087",-1.5,43.000007823,0,0,0,0,0,1
"1088",1.5,43.000007823,0,0,0,0,0,1
"1089",4.5,43.000007823,0,0,0,0,0,1
"1090",7.5,43.000007823,0,0,0,0,0,1
"1091",10.5,43.000007823,0,0,0,0,0,1
"1092",13.5,43.000007823,0,0,0,0,0,1
"1093",16.5,43.000007823,0,0,0,0,0,1
"1094",19.5,43.000007823,0,0,0,0,0,1
"1095",22.5,43.000007823,0,0,0,0,0,1
"1096",25.5,43.000007823,0,0,0,0,0,1
"1097",28.5,43.000007823,0,0,0,0,0,1
"1098",31.5,43.000007823,0,0,0,0,0,1
"1099",34.5,43.000007823,0,0,0,0,0,1
"1100",37.5,43.000007823,0,0,0,0,0,0
"1101",40.5,43.000007823,0,0,0,0,0,1
"1102",43.5,43.000007823,0,0,0,0,0,1
"1103",46.5,43.000007823,0,0,0,0,0,1
"1104",49.5,43.000007823,0,0,0,0,0,1
"1105",52.5,43.000007823,0,0,0,0,0,1
"1106",55.5,43.000007823,0,0,0,0,0,1
"1107",58.5,43.000007823,0,0,0,0,0,1
"1108",61.5,43.000007823,0,0,0,0,0,1
"1109",64.5,43.000007823,0,0,0,0,0,1
"1110",67.5,43.000007823,0,0,0,0,0,1
"1111",70.5,43.000007823,0,0,0,0,0,1
"1112",73.5,43.000007823,0,0,0,0,0,1
"1113",76.5,43.000007823,0,0,0,0,0,1
"1114",79.5,43.000007823,0,0,0,0,0,1
"1115",82.5,43.000007823,0,0,0,0,0,1
"1116",85.5,43.000007823,0,0,0,0,0,1
"1117",88.5,43.000007823,0,0,0,0,0,1
"1118",91.5,43.000007823,0,0,0,0,0,1
"1119",94.5,43.000007823,0,0,0,0,0,1
"1120",97.5,43.000007823,0,0,0,0,0,1
"1121",100.5,43.000007823,0,0,0,0,0,1
"1122",103.5,43.000007823,0,0,0,0,0,1
"1123",106.5,43.000007823,0,0,0,0,0,1
"1124",109.5,43.000007823,0,0,0,0,0,1
"1125",112.5,43.000007823,0,0,0,0,0,1
"1126",115.5,43.000007823,0,0,0,0,0,1
"1127",118.5,43.000007823,0,0,0,0,0,1
"1128",121.5,43.000007823,0,0,0,0,0,1
"1129",124.5,43.000007823,0,0,0,0,0,1
"1130",127.5,43.000007823,0,0,0,0,0,1
"1131",130.5,43.000007823,0,0,0,0,0,1
"1132",133.5,43.000007823,0,0,0,0,0,1
"1133",136.5,43.000007823,0,0,0,0,0,1
"1134",139.5,43.000007823,0,0,0,0,0,1
"1135",142.5,43.000007823,0,0,0,0,0,1
"1136",145.5,43.000007823,0,0,0,0,0,1
"1137",-124.5,40.000007823,0,0,0,0,0,0
"1138",-121.5,40.000007823,0,1,0,0,0,1
"1139",-118.5,40.000007823,0,0,0,0,0,0
"1140",-115.5,40.000007823,0,1,0,0,0,0
"1141",-112.5,40.000007823,0,0,0,0,0,1
"1142",-109.5,40.000007823,0,0,0,0,0,1
"1143",-106.5,40.000007823,0,0,0,0,0,1
"1144",-103.5,40.000007823,0,0,0,0,0,1
"1145",-100.5,40.000007823,0,0,0,0,0,1
"1146",-97.5,40.000007823,0,0,0,0,0,1
"1147",-94.5,40.000007823,0,0,0,0,0,1
"1148",-91.5,40.000007823,0,0,0,0,0,1
"1149",-88.5,40.000007823,0,0,0,0,0,1
"1150",-85.5,40.000007823,0,0,0,0,0,1
"1151",-82.5,40.000007823,0,0,0,0,0,1
"1152",-79.5,40.000007823,0,0,0,0,0,1
"1153",-76.5,40.000007823,0,0,0,0,0,1
"1154",-73.5,40.000007823,0,0,0,0,0,1
"1155",-70.5,40.000007823,0,0,0,0,0,0
"1156",-28.5,40.000007823,0,0,0,0,0,0
"1157",-10.5,40.000007823,0,0,0,0,0,1
"1158",-7.5,40.000007823,0,0,0,0,0,1
"1159",-4.5,40.000007823,0,0,0,0,0,1
"1160",-1.5,40.000007823,0,0,0,0,0,1
"1161",1.5,40.000007823,0,0,0,0,0,1
"1162",4.5,40.000007823,0,0,0,0,0,0
"1163",7.5,40.000007823,0,0,0,0,0,1
"1164",10.5,40.000007823,0,0,0,0,0,1
"1165",13.5,40.000007823,0,0,0,0,0,1
"1166",16.5,40.000007823,0,0,0,0,0,1
"1167",19.5,40.000007823,0,0,0,0,0,1
"1168",22.5,40.000007823,0,0,0,0,0,1
"1169",25.5,40.000007823,0,0,0,0,0,1
"1170",28.5,40.000007823,0,0,0,0,0,1
"1171",31.5,40.000007823,0,0,0,0,0,1
"1172",34.5,40.000007823,0,0,0,0,0,1
"1173",37.5,40.000007823,0,0,0,0,0,1
"1174",40.5,40.000007823,0,0,0,0,0,1
"1175",43.5,40.000007823,0,0,0,0,0,1
"1176",46.5,40.000007823,0,0,0,0,0,1
"1177",49.5,40.000007823,0,0,0,0,0,1
"1178",52.5,40.000007823,0,0,0,0,0,1
"1179",55.5,40.000007823,0,0,0,0,0,1
"1180",58.5,40.000007823,0,0,0,0,0,1
"1181",61.5,40.000007823,0,0,0,0,0,1
"1182",64.5,40.000007823,0,0,0,0,0,1
"1183",67.5,40.000007823,0,0,0,0,0,1
"1184",70.5,40.000007823,0,0,0,0,0,1
"1185",73.5,40.000007823,0,0,0,0,0,1
"1186",76.5,40.000007823,0,0,0,0,0,1
"1187",79.5,40.000007823,0,0,0,0,0,1
"1188",82.5,40.000007823,0,0,0,0,0,1
"1189",85.5,40.000007823,0,0,0,0,0,1
"1190",88.5,40.000007823,0,0,0,0,0,1
"1191",91.5,40.000007823,0,0,0,0,0,1
"1192",94.5,40.000007823,0,0,0,0,0,1
"1193",97.5,40.000007823,0,0,0,0,0,1
"1194",100.5,40.000007823,0,0,0,0,0,1
"1195",103.5,40.000007823,0,0,0,0,0,1
"1196",106.5,40.000007823,0,0,0,0,0,1
"1197",109.5,40.000007823,0,0,0,0,0,1
"1198",112.5,40.000007823,0,0,0,0,0,1
"1199",115.5,40.000007823,0,0,0,0,0,1
"1200",118.5,40.000007823,0,0,0,0,0,1
"1201",121.5,40.000007823,0,0,0,0,0,1
"1202",124.5,40.000007823,0,0,0,0,0,1
"1203",127.5,40.000007823,0,0,0,0,0,1
"1204",130.5,40.000007823,0,0,0,0,0,1
"1205",139.5,40.000007823,0,0,0,0,0,1
"1206",142.5,40.000007823,0,0,0,0,0,1
"1207",-121.5,37.000007823,0,0,0,0,0,1
"1208",-118.5,37.000007823,0,0,0,0,0,1
"1209",-115.5,37.000007823,0,0,0,0,0,0
"1210",-112.5,37.000007823,0,0,0,0,0,1
"1211",-109.5,37.000007823,0,0,0,0,0,1
"1212",-106.5,37.000007823,0,0,0,0,0,1
"1213",-103.5,37.000007823,0,0,0,0,0,1
"1214",-100.5,37.000007823,0,0,0,0,0,1
"1215",-97.5,37.000007823,0,0,0,0,0,1
"1216",-94.5,37.000007823,0,0,0,0,0,1
"1217",-91.5,37.000007823,0,0,0,0,0,1
"1218",-88.5,37.000007823,0,0,0,0,0,1
"1219",-85.5,37.000007823,0,0,0,0,0,1
"1220",-82.5,37.000007823,0,0,0,0,0,1
"1221",-79.5,37.000007823,0,0,0,0,0,1
"1222",-76.5,37.000007823,0,0,0,0,0,1
"1223",-28.5,37.000007823,0,0,0,0,0,0
"1224",-25.5,37.000007823,0,0,0,0,0,0
"1225",-7.5,37.000007823,0,0,0,0,0,1
"1226",-4.5,37.000007823,0,0,0,0,0,1
"1227",-1.5,37.000007823,0,0,0,0,0,1
"1228",1.5,37.000007823,0,0,0,0,0,1
"1229",4.5,37.000007823,0,0,0,0,0,1
"1230",7.5,37.000007823,0,0,0,0,0,1
"1231",10.5,37.000007823,0,0,0,0,0,1
"1232",13.5,37.000007823,0,0,0,0,0,1
"1233",16.5,37.000007823,0,0,0,0,0,1
"1234",19.5,37.000007823,0,0,0,0,0,0
"1235",22.5,37.000007823,0,0,0,0,0,1
"1236",25.5,37.000007823,0,0,0,0,0,1
"1237",28.5,37.000007823,0,0,0,0,0,1
"1238",31.5,37.000007823,0,0,0,0,0,1
"1239",34.5,37.000007823,0,0,0,0,0,1
"1240",37.5,37.000007823,0,0,0,0,0,1
"1241",40.5,37.000007823,0,0,0,0,0,1
"1242",43.5,37.000007823,0,0,0,0,0,1
"1243",46.5,37.000007823,0,0,0,0,0,1
"1244",49.5,37.000007823,0,0,0,0,0,1
"1245",52.5,37.000007823,0,0,0,0,0,1
"1246",55.5,37.000007823,0,0,0,0,0,1
"1247",58.5,37.000007823,0,0,0,0,0,1
"1248",61.5,37.000007823,0,0,0,0,0,1
"1249",64.5,37.000007823,0,0,0,0,0,1
"1250",67.5,37.000007823,0,0,0,0,0,1
"1251",70.5,37.000007823,0,0,0,0,0,1
"1252",73.5,37.000007823,0,0,0,0,0,1
"1253",76.5,37.000007823,0,0,0,0,0,1
"1254",79.5,37.000007823,0,0,0,0,0,1
"1255",82.5,37.000007823,0,0,0,0,0,1
"1256",85.5,37.000007823,0,0,0,0,0,1
"1257",88.5,37.000007823,0,0,0,0,0,1
"1258",91.5,37.000007823,0,0,0,0,0,1
"1259",94.5,37.000007823,0,0,0,0,0,1
"1260",97.5,37.000007823,0,0,0,0,0,1
"1261",100.5,37.000007823,0,0,0,0,0,1
"1262",103.5,37.000007823,0,0,0,1,0,1
"1263",106.5,37.000007823,0,0,0,0,0,1
"1264",109.5,37.000007823,0,0,0,0,0,1
"1265",112.5,37.000007823,0,0,0,0,0,1
"1266",115.5,37.000007823,0,0,0,0,0,1
"1267",118.5,37.000007823,0,0,0,0,0,1
"1268",121.5,37.000007823,0,0,0,0,0,1
"1269",124.5,37.000007823,0,0,0,0,0,1
"1270",127.5,37.000007823,0,0,0,0,0,1
"1271",130.5,37.000007823,0,0,0,0,0,1
"1272",133.5,37.000007823,0,0,0,0,0,0
"1273",136.5,37.000007823,0,0,0,0,0,1
"1274",139.5,37.000007823,0,0,0,0,0,1
"1275",142.5,37.000007823,0,0,0,0,0,0
"1276",-121.5,34.000007823,0,0,0,0,0,1
"1277",-118.5,34.000007823,0,0,0,0,0,1
"1278",-115.5,34.000007823,0,0,0,0,0,0
"1279",-112.5,34.000007823,0,0,0,0,0,0
"1280",-109.5,34.000007823,0,0,0,0,0,0
"1281",-106.5,34.000007823,0,0,0,0,0,1
"1282",-103.5,34.000007823,0,0,0,0,0,0
"1283",-100.5,34.000007823,0,0,0,0,0,1
"1284",-97.5,34.000007823,0,0,0,0,0,1
"1285",-94.5,34.000007823,0,0,0,0,0,1
"1286",-91.5,34.000007823,0,0,0,0,0,1
"1287",-88.5,34.000007823,0,0,0,0,0,1
"1288",-85.5,34.000007823,0,0,0,0,0,1
"1289",-82.5,34.000007823,0,0,0,0,0,1
"1290",-79.5,34.000007823,0,0,0,0,0,1
"1291",-76.5,34.000007823,0,0,0,0,0,1
"1292",-16.5,34.000007823,0,0,0,0,0,0
"1293",-7.5,34.000007823,0,0,0,0,0,1
"1294",-4.5,34.000007823,0,0,0,0,0,1
"1295",-1.5,34.000007823,0,0,0,0,0,1
"1296",1.5,34.000007823,0,0,0,0,0,1
"1297",4.5,34.000007823,0,0,0,0,0,1
"1298",7.5,34.000007823,0,0,0,0,0,1
"1299",10.5,34.000007823,0,0,0,0,0,1
"1300",13.5,34.000007823,0,0,0,0,0,0
"1301",22.5,34.000007823,0,0,0,0,0,1
"1302",25.5,34.000007823,0,0,0,0,0,0
"1303",28.5,34.000007823,0,0,0,0,0,0
"1304",31.5,34.000007823,0,0,0,0,0,0
"1305",34.5,34.000007823,0,0,0,0,0,1
"1306",37.5,34.000007823,0,0,0,0,0,1
"1307",40.5,34.000007823,0,0,0,0,0,1
"1308",43.5,34.000007823,0,0,0,0,0,1
"1309",46.5,34.000007823,0,0,0,0,0,1
"1310",49.5,34.000007823,0,0,0,0,0,1
"1311",52.5,34.000007823,0,0,0,0,0,1
"1312",55.5,34.000007823,0,0,0,0,0,1
"1313",58.5,34.000007823,0,0,0,0,0,1
"1314",61.5,34.000007823,0,0,0,0,0,1
"1315",64.5,34.000007823,0,0,0,0,0,1
"1316",67.5,34.000007823,0,0,0,0,0,1
"1317",70.5,34.000007823,0,0,0,1,0,1
"1318",73.5,34.000007823,0,0,0,1,0,1
"1319",76.5,34.000007823,0,0,0,1,0,1
"1320",79.5,34.000007823,0,0,0,0,0,1
"1321",82.5,34.000007823,0,0,0,0,0,1
"1322",85.5,34.000007823,0,0,0,0,0,1
"1323",88.5,34.000007823,0,0,0,0,0,1
"1324",91.5,34.000007823,0,0,0,0,0,1
"1325",94.5,34.000007823,0,0,0,0,0,1
"1326",97.5,34.000007823,0,0,0,0,0,1
"1327",100.5,34.000007823,0,0,0,0,0,1
"1328",103.5,34.000007823,0,0,0,0,0,1
"1329",106.5,34.000007823,0,0,0,0,0,1
"1330",109.5,34.000007823,0,0,0,0,0,1
"1331",112.5,34.000007823,0,0,0,0,0,1
"1332",115.5,34.000007823,0,0,0,0,0,1
"1333",118.5,34.000007823,0,0,0,0,0,1
"1334",121.5,34.000007823,0,0,0,0,0,1
"1335",124.5,34.000007823,0,0,0,0,0,0
"1336",127.5,34.000007823,0,0,0,0,0,1
"1337",130.5,34.000007823,0,0,0,0,0,1
"1338",133.5,34.000007823,0,0,0,0,0,1
"1339",136.5,34.000007823,0,0,0,0,0,1
"1340",139.5,34.000007823,0,0,0,0,0,1
"1341",-115.5,31.000007823,0,0,0,0,0,0
"1342",-112.5,31.000007823,0,0,0,0,0,0
"1343",-109.5,31.000007823,0,0,0,0,0,0
"1344",-106.5,31.000007823,0,0,0,0,0,0
"1345",-103.5,31.000007823,0,0,0,0,0,0
"1346",-100.5,31.000007823,0,0,0,0,0,0
"1347",-97.5,31.000007823,0,0,0,0,0,1
"1348",-94.5,31.000007823,0,0,0,0,0,1
"1349",-91.5,31.000007823,0,0,0,0,0,1
"1350",-88.5,31.000007823,0,0,0,0,0,1
"1351",-85.5,31.000007823,0,0,0,0,0,1
"1352",-82.5,31.000007823,0,0,0,0,0,1
"1353",-79.5,31.000007823,0,0,0,0,0,1
"1354",-64.5,31.000007823,0,0,0,0,0,0
"1355",-10.5,31.000007823,0,0,0,0,0,1
"1356",-7.5,31.000007823,0,0,0,0,0,1
"1357",-4.5,31.000007823,0,0,0,0,0,1
"1358",-1.5,31.000007823,0,0,0,0,0,1
"1359",1.5,31.000007823,0,0,0,0,0,0
"1360",4.5,31.000007823,0,0,0,0,0,0
"1361",7.5,31.000007823,0,0,0,0,0,0
"1362",10.5,31.000007823,0,0,0,0,0,0
"1363",13.5,31.000007823,0,0,0,0,0,0
"1364",16.5,31.000007823,0,0,0,0,0,0
"1365",19.5,31.000007823,0,0,0,0,0,1
"1366",22.5,31.000007823,0,0,0,0,0,1
"1367",25.5,31.000007823,0,0,0,0,0,1
"1368",28.5,31.000007823,0,0,0,0,0,0
"1369",31.5,31.000007823,0,0,0,0,0,1
"1370",34.5,31.000007823,0,0,0,0,0,1
"1371",37.5,31.000007823,0,0,0,0,0,1
"1372",40.5,31.000007823,0,0,0,0,0,1
"1373",43.5,31.000007823,0,0,0,0,0,1
"1374",46.5,31.000007823,0,0,0,0,0,1
"1375",49.5,31.000007823,0,0,0,0,0,1
"1376",52.5,31.000007823,0,0,0,0,0,1
"1377",55.5,31.000007823,0,0,0,0,0,1
"1378",58.5,31.000007823,0,0,0,0,0,1
"1379",61.5,31.000007823,0,0,0,0,0,1
"1380",64.5,31.000007823,0,0,0,0,0,1
"1381",67.5,31.000007823,0,0,0,1,0,1
"1382",70.5,31.000007823,0,0,0,1,0,1
"1383",73.5,31.000007823,0,0,0,1,0,1
"1384",76.5,31.000007823,0,0,0,1,0,1
"1385",79.5,31.000007823,0,0,0,1,0,1
"1386",82.5,31.000007823,0,0,0,0,0,1
"1387",85.5,31.000007823,0,0,0,0,0,1
"1388",88.5,31.000007823,0,0,0,0,0,1
"1389",91.5,31.000007823,0,0,0,0,0,1
"1390",94.5,31.000007823,0,0,0,0,0,1
"1391",97.5,31.000007823,0,0,0,0,0,1
"1392",100.5,31.000007823,0,0,0,0,0,1
"1393",103.5,31.000007823,0,0,0,0,0,1
"1394",106.5,31.000007823,0,0,0,0,0,1
"1395",109.5,31.000007823,0,0,0,0,0,1
"1396",112.5,31.000007823,0,0,0,0,0,1
"1397",115.5,31.000007823,0,0,0,0,0,1
"1398",118.5,31.000007823,0,0,0,0,0,1
"1399",121.5,31.000007823,0,0,0,0,0,1
"1400",130.5,31.000007823,0,0,0,0,0,1
"1401",-178.5,28.000007823,0,0,0,0,0,0
"1402",-118.5,28.000007823,0,0,0,0,0,0
"1403",-115.5,28.000007823,0,0,0,0,0,0
"1404",-112.5,28.000007823,0,0,0,0,0,0
"1405",-109.5,28.000007823,0,0,1,0,0,0
"1406",-106.5,28.000007823,0,0,0,0,0,0
"1407",-103.5,28.000007823,0,0,0,0,0,0
"1408",-100.5,28.000007823,0,0,0,0,0,0
"1409",-97.5,28.000007823,0,0,0,0,0,1
"1410",-94.5,28.000007823,0,0,0,0,0,1
"1411",-91.5,28.000007823,0,0,0,0,0,0
"1412",-88.5,28.000007823,0,0,0,0,0,0
"1413",-82.5,28.000007823,0,0,0,0,0,1
"1414",-79.5,28.000007823,0,0,0,0,0,0
"1415",-76.5,28.000007823,0,0,0,0,0,0
"1416",-16.5,28.000007823,0,0,0,0,0,0
"1417",-13.5,28.000007823,0,0,0,0,0,0
"1418",-10.5,28.000007823,0,0,0,0,0,1
"1419",-7.5,28.000007823,0,0,0,0,0,1
"1420",-4.5,28.000007823,0,0,0,0,0,0
"1421",-1.5,28.000007823,0,0,0,0,0,0
"1422",1.5,28.000007823,0,0,0,0,0,0
"1423",4.5,28.000007823,0,0,0,0,0,0
"1424",7.5,28.000007823,0,0,0,0,0,0
"1425",10.5,28.000007823,0,0,0,0,0,0
"1426",13.5,28.000007823,0,0,0,0,0,0
"1427",16.5,28.000007823,0,0,0,0,0,0
"1428",19.5,28.000007823,0,0,0,0,0,0
"1429",22.5,28.000007823,0,0,0,0,0,0
"1430",25.5,28.000007823,0,0,0,0,0,0
"1431",28.5,28.000007823,0,0,0,0,0,0
"1432",31.5,28.000007823,0,0,0,0,0,1
"1433",34.5,28.000007823,0,0,0,0,0,1
"1434",37.5,28.000007823,0,0,0,0,0,1
"1435",40.5,28.000007823,0,0,0,0,0,1
"1436",43.5,28.000007823,0,0,0,0,0,1
"1437",46.5,28.000007823,0,0,0,0,0,1
"1438",49.5,28.000007823,0,0,0,0,0,1
"1439",52.5,28.000007823,0,0,0,0,0,1
"1440",55.5,28.000007823,0,0,0,0,0,1
"1441",58.5,28.000007823,0,0,0,0,0,1
"1442",61.5,28.000007823,0,0,0,0,0,1
"1443",64.5,28.000007823,0,0,0,0,0,1
"1444",67.5,28.000007823,0,0,0,1,0,1
"1445",70.5,28.000007823,0,0,0,1,0,1
"1446",73.5,28.000007823,0,0,0,1,0,1
"1447",76.5,28.000007823,0,0,0,1,0,1
"1448",79.5,28.000007823,0,0,0,1,0,1
"1449",82.5,28.000007823,0,0,0,1,0,1
"1450",85.5,28.000007823,0,0,0,1,0,1
"1451",88.5,28.000007823,0,0,0,1,0,1
"1452",91.5,28.000007823,0,0,0,1,0,1
"1453",94.5,28.000007823,0,0,0,1,0,1
"1454",97.5,28.000007823,0,0,0,1,0,1
"1455",100.5,28.000007823,0,0,0,0,0,1
"1456",103.5,28.000007823,0,0,0,0,0,1
"1457",106.5,28.000007823,0,0,0,0,0,1
"1458",109.5,28.000007823,0,0,0,0,0,1
"1459",112.5,28.000007823,0,0,0,0,0,1
"1460",115.5,28.000007823,0,0,0,0,0,1
"1461",118.5,28.000007823,0,0,0,0,0,1
"1462",121.5,28.000007823,0,0,0,0,0,1
"1463",127.5,28.000007823,0,0,0,0,0,0
"1464",130.5,28.000007823,0,0,0,0,0,0
"1465",142.5,28.000007823,0,0,0,0,0,0
"1466",-172.5,25.000007823,0,0,0,0,0,0
"1467",-112.5,25.000007823,0,0,0,0,0,0
"1468",-109.5,25.000007823,0,0,0,0,0,0
"1469",-106.5,25.000007823,0,0,1,0,0,0
"1470",-103.5,25.000007823,0,0,0,0,0,0
"1471",-100.5,25.000007823,0,0,1,0,0,0
"1472",-97.5,25.000007823,0,0,0,0,0,0
"1473",-82.5,25.000007823,0,0,0,0,0,0
"1474",-79.5,25.000007823,0,0,0,0,0,0
"1475",-76.5,25.000007823,0,0,0,0,0,0
"1476",-73.5,25.000007823,0,0,0,0,0,0
"1477",-16.5,25.000007823,0,0,0,0,0,0
"1478",-13.5,25.000007823,0,0,0,0,0,0
"1479",-10.5,25.000007823,0,0,0,0,0,0
"1480",-7.5,25.000007823,0,0,0,0,0,0
"1481",-4.5,25.000007823,0,0,0,0,0,0
"1482",-1.5,25.000007823,0,0,0,0,0,0
"1483",1.5,25.000007823,0,0,0,0,0,0
"1484",4.5,25.000007823,0,0,0,0,0,0
"1485",7.5,25.000007823,0,0,0,0,0,0
"1486",10.5,25.000007823,0,0,0,0,0,0
"1487",13.5,25.000007823,0,0,0,0,0,0
"1488",16.5,25.000007823,0,0,0,0,0,0
"1489",19.5,25.000007823,0,0,0,0,0,0
"1490",22.5,25.000007823,0,0,0,0,0,0
"1491",25.5,25.000007823,0,0,0,0,0,0
"1492",28.5,25.000007823,0,0,0,0,0,0
"1493",31.5,25.000007823,0,0,0,0,0,1
"1494",34.5,25.000007823,0,0,0,0,0,1
"1495",37.5,25.000007823,0,0,0,0,0,1
"1496",40.5,25.000007823,0,0,0,0,0,1
"1497",43.5,25.000007823,0,0,0,0,0,1
"1498",46.5,25.000007823,0,0,0,0,0,1
"1499",49.5,25.000007823,0,0,0,0,0,1
"1500",52.5,25.000007823,0,0,0,0,0,1
"1501",55.5,25.000007823,0,0,0,0,0,1
"1502",58.5,25.000007823,0,0,0,0,0,1
"1503",61.5,25.000007823,0,0,0,0,0,1
"1504",64.5,25.000007823,0,0,0,0,0,1
"1505",67.5,25.000007823,0,0,0,1,0,1
"1506",70.5,25.000007823,0,0,0,1,0,1
"1507",73.5,25.000007823,0,0,0,1,0,1
"1508",76.5,25.000007823,0,0,0,1,0,1
"1509",79.5,25.000007823,0,0,0,1,0,1
"1510",82.5,25.000007823,0,0,0,1,0,1
"1511",85.5,25.000007823,0,0,0,1,0,1
"1512",88.5,25.000007823,0,0,0,1,0,1
"1513",91.5,25.000007823,0,0,0,1,0,1
"1514",94.5,25.000007823,0,0,0,1,0,1
"1515",97.5,25.000007823,0,0,0,0,0,1
"1516",100.5,25.000007823,0,0,0,0,0,1
"1517",103.5,25.000007823,0,0,0,0,0,1
"1518",106.5,25.000007823,0,0,0,0,0,1
"1519",109.5,25.000007823,0,0,0,0,0,1
"1520",112.5,25.000007823,0,0,0,0,0,1
"1521",115.5,25.000007823,0,0,0,0,0,1
"1522",118.5,25.000007823,0,0,0,0,0,1
"1523",121.5,25.000007823,0,0,0,0,0,0
"1524",124.5,25.000007823,0,0,0,0,0,0
"1525",127.5,25.000007823,0,0,0,0,0,0
"1526",130.5,25.000007823,0,0,0,0,0,0
"1527",142.5,25.000007823,0,0,0,0,0,0
"1528",-160.5,22.000007823,0,0,0,0,0,0
"1529",-157.5,22.000007823,0,0,0,0,0,0
"1530",-109.5,22.000007823,0,0,0,0,0,0
"1531",-106.5,22.000007823,0,0,1,0,0,0
"1532",-103.5,22.000007823,0,0,1,0,0,0
"1533",-100.5,22.000007823,0,0,1,0,0,0
"1534",-97.5,22.000007823,0,0,1,0,0,0
"1535",-91.5,22.000007823,0,0,0,0,0,0
"1536",-88.5,22.000007823,0,0,1,0,0,0
"1537",-85.5,22.000007823,0,0,0,0,0,0
"1538",-82.5,22.000007823,0,0,0,0,0,0
"1539",-79.5,22.000007823,0,0,0,0,0,0
"1540",-76.5,22.000007823,0,0,0,0,0,0
"1541",-73.5,22.000007823,0,0,0,0,0,0
"1542",-70.5,22.000007823,0,0,0,0,0,0
"1543",-16.5,22.000007823,0,0,0,0,0,0
"1544",-13.5,22.000007823,0,0,0,0,0,0
"1545",-10.5,22.000007823,0,0,0,0,0,0
"1546",-7.5,22.000007823,0,0,0,0,0,0
"1547",-4.5,22.000007823,0,0,0,0,0,0
"1548",-1.5,22.000007823,0,0,0,0,0,0
"1549",1.5,22.000007823,0,0,0,0,0,0
"1550",4.5,22.000007823,0,0,0,0,0,0
"1551",7.5,22.000007823,0,0,0,0,0,0
"1552",10.5,22.000007823,0,0,0,0,0,0
"1553",13.5,22.000007823,0,0,0,0,0,0
"1554",16.5,22.000007823,0,0,0,0,0,0
"1555",19.5,22.000007823,0,0,0,0,0,0
"1556",22.5,22.000007823,0,0,0,0,0,0
"1557",25.5,22.000007823,0,0,0,0,0,0
"1558",28.5,22.000007823,0,0,0,0,0,0
"1559",31.5,22.000007823,0,0,0,0,0,1
"1560",34.5,22.000007823,0,0,0,0,0,1
"1561",37.5,22.000007823,0,0,0,0,0,1
"1562",40.5,22.000007823,0,0,0,0,0,1
"1563",43.5,22.000007823,0,0,0,0,0,1
"1564",46.5,22.000007823,0,0,0,0,0,1
"1565",49.5,22.000007823,0,0,0,0,0,1
"1566",52.5,22.000007823,0,0,0,0,0,1
"1567",55.5,22.000007823,0,0,0,0,0,1
"1568",58.5,22.000007823,0,0,0,0,0,1
"1569",67.5,22.000007823,0,0,0,1,0,1
"1570",70.5,22.000007823,0,0,0,1,0,1
"1571",73.5,22.000007823,0,0,0,1,0,1
"1572",76.5,22.000007823,0,0,0,1,0,1
"1573",79.5,22.000007823,0,0,0,1,0,1
"1574",82.5,22.000007823,0,0,0,1,0,1
"1575",85.5,22.000007823,0,0,0,1,0,1
"1576",88.5,22.000007823,0,0,0,1,0,1
"1577",91.5,22.000007823,0,0,0,1,0,1
"1578",94.5,22.000007823,0,0,0,1,0,1
"1579",97.5,22.000007823,0,0,0,1,0,0
"1580",100.5,22.000007823,0,0,0,0,0,1
"1581",103.5,22.000007823,0,0,0,0,0,1
"1582",106.5,22.000007823,0,0,0,0,0,1
"1583",109.5,22.000007823,0,0,0,0,0,1
"1584",112.5,22.000007823,0,0,0,0,0,1
"1585",115.5,22.000007823,0,0,0,0,0,1
"1586",118.5,22.000007823,0,0,0,0,0,0
"1587",121.5,22.000007823,0,0,0,0,0,0
"1588",-154.5,19.000007823,0,0,0,0,0,0
"1589",-109.5,19.000007823,0,0,0,0,0,0
"1590",-106.5,19.000007823,0,0,1,0,0,0
"1591",-103.5,19.000007823,0,0,1,0,0,0
"1592",-100.5,19.000007823,0,0,0,0,0,0
"1593",-97.5,19.000007823,0,0,1,0,0,0
"1594",-94.5,19.000007823,0,0,1,0,0,0
"1595",-91.5,19.000007823,0,0,1,0,0,0
"1596",-88.5,19.000007823,0,0,1,0,0,0
"1597",-85.5,19.000007823,0,0,0,0,0,0
"1598",-82.5,19.000007823,0,0,0,0,0,0
"1599",-79.5,19.000007823,0,0,0,0,0,0
"1600",-76.5,19.000007823,0,0,0,0,0,0
"1601",-73.5,19.000007823,0,0,0,0,0,0
"1602",-70.5,19.000007823,0,0,0,0,0,0
"1603",-67.5,19.000007823,0,0,0,0,0,0
"1604",-64.5,19.000007823,0,0,0,0,0,0
"1605",-61.5,19.000007823,0,0,0,0,0,0
"1606",-16.5,19.000007823,0,0,0,0,0,0
"1607",-13.5,19.000007823,0,0,0,0,0,0
"1608",-10.5,19.000007823,0,0,0,0,0,0
"1609",-7.5,19.000007823,0,0,0,0,0,0
"1610",-4.5,19.000007823,0,0,0,0,0,0
"1611",-1.5,19.000007823,0,0,0,0,0,0
"1612",1.5,19.000007823,0,0,0,0,0,0
"1613",4.5,19.000007823,0,0,0,0,0,0
"1614",7.5,19.000007823,0,0,0,0,0,0
"1615",10.5,19.000007823,0,0,0,0,0,0
"1616",13.5,19.000007823,0,0,0,0,0,0
"1617",16.5,19.000007823,0,0,0,0,0,0
"1618",19.5,19.000007823,0,0,0,0,0,0
"1619",22.5,19.000007823,0,0,0,0,0,0
"1620",25.5,19.000007823,0,0,0,0,0,0
"1621",28.5,19.000007823,0,0,0,0,0,0
"1622",31.5,19.000007823,0,0,0,0,0,1
"1623",34.5,19.000007823,0,0,0,0,0,1
"1624",37.5,19.000007823,0,0,0,0,0,0
"1625",40.5,19.000007823,0,0,0,0,0,1
"1626",43.5,19.000007823,0,0,0,0,0,1
"1627",46.5,19.000007823,0,0,0,0,0,1
"1628",49.5,19.000007823,0,0,0,0,0,1
"1629",52.5,19.000007823,0,0,0,0,0,1
"1630",55.5,19.000007823,0,0,0,0,0,1
"1631",58.5,19.000007823,0,0,0,0,0,1
"1632",73.5,19.000007823,0,0,0,1,0,1
"1633",76.5,19.000007823,0,0,0,1,0,1
"1634",79.5,19.000007823,0,0,0,1,0,1
"1635",82.5,19.000007823,0,0,0,1,0,1
"1636",85.5,19.000007823,0,0,0,1,0,1
"1637",91.5,19.000007823,0,0,0,0,0,0
"1638",94.5,19.000007823,0,0,0,1,0,0
"1639",97.5,19.000007823,0,0,0,1,0,0
"1640",100.5,19.000007823,0,0,0,0,0,0
"1641",103.5,19.000007823,0,0,0,0,0,0
"1642",106.5,19.000007823,0,0,0,0,0,0
"1643",109.5,19.000007823,0,0,0,0,0,0
"1644",112.5,19.000007823,0,0,0,0,0,0
"1645",121.5,19.000007823,0,0,0,0,0,0
"1646",145.5,19.000007823,0,0,0,0,0,0
"1647",-100.5,16.000007823,0,0,1,0,0,0
"1648",-97.5,16.000007823,0,0,1,0,0,0
"1649",-94.5,16.000007823,0,0,1,0,0,0
"1650",-91.5,16.000007823,0,0,1,0,0,0
"1651",-88.5,16.000007823,0,0,1,0,0,0
"1652",-85.5,16.000007823,0,0,1,0,0,0
"1653",-82.5,16.000007823,0,0,1,0,0,0
"1654",-61.5,16.000007823,0,0,0,0,0,0
"1655",-25.5,16.000007823,0,0,0,0,0,0
"1656",-22.5,16.000007823,0,0,0,0,0,0
"1657",-16.5,16.000007823,0,0,0,0,0,0
"1658",-13.5,16.000007823,0,0,0,0,0,0
"1659",-10.5,16.000007823,0,0,0,0,0,0
"1660",-7.5,16.000007823,0,0,0,0,0,0
"1661",-4.5,16.000007823,0,0,0,0,0,0
"1662",-1.5,16.000007823,0,0,0,0,0,0
"1663",1.5,16.000007823,0,0,0,0,0,0
"1664",4.5,16.000007823,0,0,0,0,0,0
"1665",7.5,16.000007823,0,0,0,0,0,0
"1666",10.5,16.000007823,0,0,0,0,0,0
"1667",13.5,16.000007823,0,0,0,0,0,0
"1668",16.5,16.000007823,0,0,0,0,0,0
"1669",19.5,16.000007823,0,0,0,0,0,0
"1670",22.5,16.000007823,0,0,0,0,0,0
"1671",25.5,16.000007823,0,0,0,0,0,0
"1672",28.5,16.000007823,0,0,0,0,0,0
"1673",31.5,16.000007823,0,0,0,0,0,0
"1674",34.5,16.000007823,0,0,0,0,0,1
"1675",37.5,16.000007823,0,0,0,0,0,0
"1676",40.5,16.000007823,0,0,0,0,0,0
"1677",43.5,16.000007823,0,0,0,0,0,1
"1678",46.5,16.000007823,0,0,0,0,0,1
"1679",49.5,16.000007823,0,0,0,0,0,1
"1680",52.5,16.000007823,0,0,0,0,0,1
"1681",55.5,16.000007823,0,0,0,0,0,1
"1682",73.5,16.000007823,0,0,0,1,0,0
"1683",76.5,16.000007823,0,0,0,1,0,0
"1684",79.5,16.000007823,0,0,0,1,0,0
"1685",82.5,16.000007823,0,0,0,1,0,0
"1686",94.5,16.000007823,0,0,0,1,0,0
"1687",97.5,16.000007823,0,0,0,1,0,0
"1688",100.5,16.000007823,0,0,0,0,0,0
"1689",103.5,16.000007823,0,0,0,0,0,0
"1690",106.5,16.000007823,0,0,0,0,0,0
"1691",109.5,16.000007823,0,0,0,0,0,0
"1692",112.5,16.000007823,0,0,0,0,0,0
"1693",118.5,16.000007823,0,0,0,0,0,0
"1694",121.5,16.000007823,0,0,0,0,0,0
"1695",145.5,16.000007823,0,0,0,0,0,0
"1696",-91.5,13.000007823,0,0,0,0,0,0
"1697",-88.5,13.000007823,0,0,0,0,0,0
"1698",-85.5,13.000007823,0,0,1,0,0,0
"1699",-82.5,13.000007823,0,0,1,0,0,0
"1700",-73.5,13.000007823,0,0,0,0,0,0
"1701",-70.5,13.000007823,0,0,0,0,0,0
"1702",-67.5,13.000007823,0,0,0,0,0,0
"1703",-61.5,13.000007823,0,0,0,0,0,0
"1704",-16.5,13.000007823,0,0,0,0,0,0
"1705",-13.5,13.000007823,0,0,0,0,0,0
"1706",-10.5,13.000007823,0,0,0,0,0,0
"1707",-7.5,13.000007823,0,0,0,0,0,0
"1708",-4.5,13.000007823,0,0,0,0,0,0
"1709",-1.5,13.000007823,0,0,0,0,0,0
"1710",1.5,13.000007823,0,0,0,0,0,0
"1711",4.5,13.000007823,0,0,0,0,0,0
"1712",7.5,13.000007823,0,0,0,0,0,0
"1713",10.5,13.000007823,0,0,0,0,0,0
"1714",13.5,13.000007823,0,0,0,0,0,0
"1715",16.5,13.000007823,0,0,0,0,0,0
"1716",19.5,13.000007823,0,0,0,0,0,0
"1717",22.5,13.000007823,0,0,0,0,0,0
"1718",25.5,13.000007823,0,0,0,0,0,0
"1719",28.5,13.000007823,0,0,0,0,0,0
"1720",31.5,13.000007823,0,0,0,0,0,0
"1721",34.5,13.000007823,0,0,0,0,0,0
"1722",37.5,13.000007823,0,0,0,0,0,0
"1723",40.5,13.000007823,0,0,0,0,0,0
"1724",43.5,13.000007823,0,0,0,0,0,1
"1725",46.5,13.000007823,0,0,0,0,0,1
"1726",49.5,13.000007823,0,0,0,0,0,1
"1727",52.5,13.000007823,0,0,0,0,0,0
"1728",55.5,13.000007823,0,0,0,0,0,0
"1729",73.5,13.000007823,0,0,0,1,0,0
"1730",76.5,13.000007823,0,0,0,1,0,0
"1731",79.5,13.000007823,0,0,0,1,0,0
"1732",91.5,13.000007823,0,0,0,0,0,0
"1733",94.5,13.000007823,0,0,0,0,0,0
"1734",97.5,13.000007823,0,0,0,0,0,0
"1735",100.5,13.000007823,0,0,0,0,0,0
"1736",103.5,13.000007823,0,0,0,0,0,0
"1737",106.5,13.000007823,0,0,0,0,0,0
"1738",109.5,13.000007823,0,0,0,0,0,0
"1739",121.5,13.000007823,0,0,0,0,0,0
"1740",124.5,13.000007823,0,0,0,0,0,0
"1741",145.5,13.000007823,0,0,0,0,0,0
"1742",163.5,13.000007823,0,0,0,0,0,0
"1743",-109.5,10.000007823,0,0,0,0,0,0
"1744",-85.5,10.000007823,0,0,1,0,0,0
"1745",-82.5,10.000007823,0,0,1,0,0,0
"1746",-79.5,10.000007823,0,0,1,0,0,0
"1747",-76.5,10.000007823,0,0,1,0,0,0
"1748",-73.5,10.000007823,0,0,1,0,0,0
"1749",-70.5,10.000007823,0,0,1,0,0,0
"1750",-67.5,10.000007823,0,0,1,0,0,0
"1751",-64.5,10.000007823,0,0,1,0,0,0
"1752",-61.5,10.000007823,0,0,1,0,0,0
"1753",-16.5,10.000007823,0,0,0,0,0,0
"1754",-13.5,10.000007823,0,0,0,0,0,0
"1755",-10.5,10.000007823,0,0,0,0,0,0
"1756",-7.5,10.000007823,0,0,0,0,0,0
"1757",-4.5,10.000007823,0,0,0,0,0,0
"1758",-1.5,10.000007823,0,0,0,0,0,0
"1759",1.5,10.000007823,0,0,0,0,0,0
"1760",4.5,10.000007823,0,0,0,0,0,0
"1761",7.5,10.000007823,0,0,0,0,0,0
"1762",10.5,10.000007823,0,0,0,0,0,0
"1763",13.5,10.000007823,0,0,0,0,0,0
"1764",16.5,10.000007823,0,0,0,0,0,0
"1765",19.5,10.000007823,0,0,0,0,0,0
"1766",22.5,10.000007823,0,0,0,0,0,0
"1767",25.5,10.000007823,0,0,0,0,0,0
"1768",28.5,10.000007823,0,0,0,0,0,0
"1769",31.5,10.000007823,0,0,0,0,0,0
"1770",34.5,10.000007823,0,0,0,0,0,0
"1771",37.5,10.000007823,0,0,0,0,0,0
"1772",40.5,10.000007823,0,0,0,0,0,0
"1773",43.5,10.000007823,0,0,0,0,0,0
"1774",46.5,10.000007823,0,0,0,0,0,0
"1775",49.5,10.000007823,0,0,0,0,0,0
"1776",52.5,10.000007823,0,0,0,0,0,0
"1777",73.5,10.000007823,0,0,0,0,0,0
"1778",76.5,10.000007823,0,0,0,1,0,0
"1779",79.5,10.000007823,0,0,0,1,0,0
"1780",82.5,10.000007823,0,0,0,0,0,0
"1781",91.5,10.000007823,0,0,0,0,0,0
"1782",97.5,10.000007823,0,0,0,0,0,0
"1783",100.5,10.000007823,0,0,0,0,0,0
"1784",103.5,10.000007823,0,0,0,0,0,0
"1785",106.5,10.000007823,0,0,0,0,0,0
"1786",109.5,10.000007823,0,0,0,0,0,0
"1787",118.5,10.000007823,0,0,0,0,0,0
"1788",121.5,10.000007823,0,0,0,0,0,0
"1789",124.5,10.000007823,0,0,0,0,0,0
"1790",127.5,10.000007823,0,0,0,0,0,0
"1791",163.5,10.000007823,0,0,0,0,0,0
"1792",166.5,10.000007823,0,0,0,0,0,0
"1793",-82.5,7.000007823,0,0,0,0,0,0
"1794",-79.5,7.000007823,0,0,1,0,0,0
"1795",-76.5,7.000007823,0,0,1,0,0,0
"1796",-73.5,7.000007823,0,0,1,0,0,0
"1797",-70.5,7.000007823,0,0,1,0,0,0
"1798",-67.5,7.000007823,0,0,1,0,0,0
"1799",-64.5,7.000007823,0,0,1,0,0,0
"1800",-61.5,7.000007823,0,0,1,0,0,0
"1801",-58.5,7.000007823,0,0,1,0,0,0
"1802",-55.5,7.000007823,0,0,1,0,0,0
"1803",-52.5,7.000007823,0,0,0,0,0,0
"1804",-13.5,7.000007823,0,0,0,0,0,0
"1805",-10.5,7.000007823,0,0,0,0,0,0
"1806",-7.5,7.000007823,0,0,0,0,0,0
"1807",-4.5,7.000007823,0,0,0,0,0,0
"1808",-1.5,7.000007823,0,0,0,0,0,0
"1809",1.5,7.000007823,0,0,0,0,0,0
"1810",4.5,7.000007823,0,0,0,0,0,0
"1811",7.5,7.000007823,0,0,0,0,0,0
"1812",10.5,7.000007823,0,0,0,0,0,0
"1813",13.5,7.000007823,0,0,0,0,0,0
"1814",16.5,7.000007823,0,0,0,0,0,0
"1815",19.5,7.000007823,0,0,0,0,0,0
"1816",22.5,7.000007823,0,0,0,0,0,0
"1817",25.5,7.000007823,0,0,0,0,0,0
"1818",28.5,7.000007823,0,0,0,0,0,0
"1819",31.5,7.000007823,0,0,0,0,0,0
"1820",34.5,7.000007823,0,0,0,0,0,0
"1821",37.5,7.000007823,0,0,0,0,0,0
"1822",40.5,7.000007823,0,0,0,0,0,0
"1823",43.5,7.000007823,0,0,0,0,0,0
"1824",46.5,7.000007823,0,0,0,0,0,0
"1825",49.5,7.000007823,0,0,0,0,0,0
"1826",73.5,7.000007823,0,0,0,0,0,0
"1827",76.5,7.000007823,0,0,0,1,0,0
"1828",79.5,7.000007823,0,0,0,1,0,0
"1829",82.5,7.000007823,0,0,0,1,0,0
"1830",94.5,7.000007823,0,0,0,0,0,0
"1831",97.5,7.000007823,0,0,0,0,0,0
"1832",100.5,7.000007823,0,0,0,0,0,0
"1833",103.5,7.000007823,0,0,0,0,0,0
"1834",115.5,7.000007823,0,0,0,0,0,0
"1835",118.5,7.000007823,0,0,0,0,0,0
"1836",121.5,7.000007823,0,0,0,0,0,0
"1837",124.5,7.000007823,0,0,0,0,0,0
"1838",127.5,7.000007823,0,0,0,0,0,0
"1839",133.5,7.000007823,0,0,0,0,0,0
"1840",148.5,7.000007823,0,0,0,0,0,0
"1841",151.5,7.000007823,0,0,0,0,0,0
"1842",157.5,7.000007823,0,0,0,0,0,0
"1843",160.5,7.000007823,0,0,0,0,0,0
"1844",169.5,7.000007823,0,0,0,0,0,0
"1845",172.5,7.000007823,0,0,0,0,0,0
"1846",-160.5,4.000007823,0,0,0,0,0,0
"1847",-79.5,4.000007823,0,0,0,0,0,0
"1848",-76.5,4.000007823,0,0,1,0,0,0
"1849",-73.5,4.000007823,0,0,1,0,0,0
"1850",-70.5,4.000007823,0,0,1,0,0,0
"1851",-67.5,4.000007823,0,0,1,0,0,0
"1852",-64.5,4.000007823,0,0,1,0,0,0
"1853",-61.5,4.000007823,0,0,1,0,0,0
"1854",-58.5,4.000007823,0,0,1,0,0,0
"1855",-55.5,4.000007823,0,0,1,0,0,0
"1856",-52.5,4.000007823,0,0,1,0,0,0
"1857",-49.5,4.000007823,0,0,0,0,0,0
"1858",-10.5,4.000007823,0,0,0,0,0,0
"1859",-7.5,4.000007823,0,0,0,0,0,0
"1860",-4.5,4.000007823,0,0,0,0,0,0
"1861",-1.5,4.000007823,0,0,0,0,0,0
"1862",4.5,4.000007823,0,0,0,0,0,0
"1863",7.5,4.000007823,0,0,0,0,0,0
"1864",10.5,4.000007823,0,0,0,0,0,0
"1865",13.5,4.000007823,0,0,0,0,0,0
"1866",16.5,4.000007823,0,0,0,0,0,0
"1867",19.5,4.000007823,0,0,0,0,0,0
"1868",22.5,4.000007823,0,0,0,0,0,0
"1869",25.5,4.000007823,0,0,0,0,0,0
"1870",28.5,4.000007823,0,0,0,0,0,0
"1871",31.5,4.000007823,0,0,0,0,0,0
"1872",34.5,4.000007823,0,0,0,0,0,0
"1873",37.5,4.000007823,0,0,0,0,0,0
"1874",40.5,4.000007823,0,0,0,0,0,0
"1875",43.5,4.000007823,0,0,0,0,0,0
"1876",46.5,4.000007823,0,0,0,0,0,0
"1877",49.5,4.000007823,0,0,0,0,0,0
"1878",73.5,4.000007823,0,0,0,0,0,0
"1879",94.5,4.000007823,0,0,0,0,0,0
"1880",97.5,4.000007823,0,0,0,0,0,0
"1881",100.5,4.000007823,0,0,0,0,0,0
"1882",103.5,4.000007823,0,0,0,0,0,0
"1883",106.5,4.000007823,0,0,0,0,0,0
"1884",109.5,4.000007823,0,0,0,0,0,0
"1885",112.5,4.000007823,0,0,0,0,0,0
"1886",115.5,4.000007823,0,0,0,0,0,0
"1887",118.5,4.000007823,0,0,0,0,0,0
"1888",121.5,4.000007823,0,0,0,0,0,0
"1889",124.5,4.000007823,0,0,0,0,0,0
"1890",127.5,4.000007823,0,0,0,0,0,0
"1891",133.5,4.000007823,0,0,0,0,0,0
"1892",154.5,4.000007823,0,0,0,0,0,0
"1893",163.5,4.000007823,0,0,0,0,0,0
"1894",172.5,4.000007823,0,0,0,0,0,0
"1895",-157.5,1.000007823,0,0,0,0,0,0
"1896",-91.5,1.000007823,0,0,0,0,0,0
"1897",-88.5,1.000007823,0,0,0,0,0,0
"1898",-79.5,1.000007823,0,0,0,0,0,0
"1899",-76.5,1.000007823,0,0,1,0,0,0
"1900",-73.5,1.000007823,0,0,1,0,0,0
"1901",-70.5,1.000007823,0,0,1,0,0,0
"1902",-67.5,1.000007823,0,0,1,0,0,0
"1903",-64.5,1.000007823,0,0,1,0,0,0
"1904",-61.5,1.000007823,0,0,1,0,0,0
"1905",-58.5,1.000007823,0,0,1,0,0,0
"1906",-55.5,1.000007823,0,0,1,0,0,0
"1907",-52.5,1.000007823,0,0,1,0,0,0
"1908",-49.5,1.000007823,0,0,1,0,0,0
"1909",7.5,1.000007823,0,0,0,0,0,0
"1910",10.5,1.000007823,0,0,0,0,0,0
"1911",13.5,1.000007823,0,0,0,0,0,0
"1912",16.5,1.000007823,0,0,0,0,0,0
"1913",19.5,1.000007823,0,0,0,0,0,0
"1914",22.5,1.000007823,0,0,0,0,0,0
"1915",25.5,1.000007823,0,0,0,0,0,0
"1916",28.5,1.000007823,0,0,0,0,0,0
"1917",31.5,1.000007823,0,0,0,0,0,0
"1918",34.5,1.000007823,0,0,0,0,0,0
"1919",37.5,1.000007823,0,0,0,0,0,0
"1920",40.5,1.000007823,0,0,0,0,0,0
"1921",43.5,1.000007823,0,0,0,0,0,0
"1922",46.5,1.000007823,0,0,0,0,0,0
"1923",73.5,1.000007823,0,0,0,0,0,0
"1924",97.5,1.000007823,0,0,0,0,0,0
"1925",100.5,1.000007823,0,0,0,0,0,0
"1926",103.5,1.000007823,0,0,0,0,0,0
"1927",109.5,1.000007823,0,0,0,0,0,0
"1928",112.5,1.000007823,0,0,0,0,0,0
"1929",115.5,1.000007823,0,0,0,0,0,0
"1930",118.5,1.000007823,0,0,0,0,0,0
"1931",121.5,1.000007823,0,0,0,0,0,0
"1932",124.5,1.000007823,0,0,0,0,0,0
"1933",127.5,1.000007823,0,0,0,0,0,0
"1934",130.5,1.000007823,0,0,0,0,0,0
"1935",172.5,1.000007823,0,0,0,0,0,0
"1936",-172.5,-1.999992177,0,0,0,0,0,0
"1937",-91.5,-1.999992177,0,0,0,0,0,0
"1938",-88.5,-1.999992177,0,0,0,0,0,0
"1939",-79.5,-1.999992177,0,0,1,0,0,0
"1940",-76.5,-1.999992177,0,0,1,0,0,0
"1941",-73.5,-1.999992177,0,0,1,0,0,0
"1942",-70.5,-1.999992177,0,0,1,0,0,0
"1943",-67.5,-1.999992177,0,0,1,0,0,0
"1944",-64.5,-1.999992177,0,0,1,0,0,0
"1945",-61.5,-1.999992177,0,0,1,0,0,0
"1946",-58.5,-1.999992177,0,0,1,0,0,0
"1947",-55.5,-1.999992177,0,0,1,0,0,0
"1948",-52.5,-1.999992177,0,0,1,0,0,0
"1949",-49.5,-1.999992177,0,0,1,0,0,0
"1950",-46.5,-1.999992177,0,0,1,0,0,0
"1951",-43.5,-1.999992177,0,0,1,0,0,0
"1952",-40.5,-1.999992177,0,0,1,0,0,0
"1953",7.5,-1.999992177,0,0,0,0,0,0
"1954",10.5,-1.999992177,0,0,0,0,0,0
"1955",13.5,-1.999992177,0,0,0,0,0,0
"1956",16.5,-1.999992177,0,0,0,0,0,0
"1957",19.5,-1.999992177,0,0,0,0,0,0
"1958",22.5,-1.999992177,0,0,0,0,0,0
"1959",25.5,-1.999992177,0,0,0,0,0,0
"1960",28.5,-1.999992177,0,0,0,0,0,0
"1961",31.5,-1.999992177,0,0,0,0,0,0
"1962",34.5,-1.999992177,0,0,0,0,0,0
"1963",37.5,-1.999992177,0,0,0,0,0,0
"1964",40.5,-1.999992177,0,0,0,0,0,0
"1965",43.5,-1.999992177,0,0,0,0,0,0
"1966",73.5,-1.999992177,0,0,0,0,0,0
"1967",97.5,-1.999992177,0,0,0,0,0,0
"1968",100.5,-1.999992177,0,0,0,0,0,0
"1969",103.5,-1.999992177,0,0,0,0,0,0
"1970",106.5,-1.999992177,0,0,0,0,0,0
"1971",109.5,-1.999992177,0,0,0,0,0,0
"1972",112.5,-1.999992177,0,0,0,0,0,0
"1973",115.5,-1.999992177,0,0,0,0,0,0
"1974",118.5,-1.999992177,0,0,0,0,0,0
"1975",121.5,-1.999992177,0,0,0,0,0,0
"1976",124.5,-1.999992177,0,0,0,0,0,0
"1977",127.5,-1.999992177,0,0,0,0,0,0
"1978",130.5,-1.999992177,0,0,0,0,0,0
"1979",133.5,-1.999992177,0,0,0,0,0,0
"1980",136.5,-1.999992177,0,0,0,0,0,0
"1981",139.5,-1.999992177,0,0,0,0,0,0
"1982",142.5,-1.999992177,0,0,0,0,0,0
"1983",145.5,-1.999992177,0,0,0,0,0,0
"1984",148.5,-1.999992177,0,0,0,0,0,0
"1985",151.5,-1.999992177,0,0,0,0,0,0
"1986",154.5,-1.999992177,0,0,0,0,0,0
"1987",175.5,-1.999992177,0,0,0,0,0,0
"1988",-169.5,-4.999992177,0,0,0,0,0,0
"1989",-82.5,-4.999992177,0,0,0,0,0,0
"1990",-79.5,-4.999992177,0,0,1,0,0,0
"1991",-76.5,-4.999992177,0,0,1,0,0,0
"1992",-73.5,-4.999992177,0,0,1,0,0,0
"1993",-70.5,-4.999992177,0,0,1,0,0,0
"1994",-67.5,-4.999992177,0,0,1,0,0,0
"1995",-64.5,-4.999992177,0,0,1,0,0,0
"1996",-61.5,-4.999992177,0,0,1,0,0,0
"1997",-58.5,-4.999992177,0,0,1,0,0,0
"1998",-55.5,-4.999992177,0,0,1,0,0,0
"1999",-52.5,-4.999992177,0,0,1,0,0,0
"2000",-49.5,-4.999992177,0,0,1,0,0,0
"2001",-46.5,-4.999992177,0,0,1,0,0,0
"2002",-43.5,-4.999992177,0,0,1,0,0,0
"2003",-40.5,-4.999992177,0,0,1,0,0,0
"2004",-37.5,-4.999992177,0,0,0,0,0,0
"2005",-34.5,-4.999992177,0,0,0,0,0,0
"2006",10.5,-4.999992177,0,0,0,0,0,0
"2007",13.5,-4.999992177,0,0,0,0,0,0
"2008",16.5,-4.999992177,0,0,0,0,0,0
"2009",19.5,-4.999992177,0,0,0,0,0,0
"2010",22.5,-4.999992177,0,0,0,0,0,0
"2011",25.5,-4.999992177,0,0,0,0,0,0
"2012",28.5,-4.999992177,0,0,0,0,0,0
"2013",31.5,-4.999992177,0,0,0,0,0,0
"2014",34.5,-4.999992177,0,0,0,0,0,0
"2015",37.5,-4.999992177,0,0,0,0,0,0
"2016",40.5,-4.999992177,0,0,0,0,0,0
"2017",52.5,-4.999992177,0,0,0,0,0,0
"2018",55.5,-4.999992177,0,0,0,0,0,0
"2019",70.5,-4.999992177,0,0,0,0,0,0
"2020",73.5,-4.999992177,0,0,0,0,0,0
"2021",103.5,-4.999992177,0,0,0,0,0,0
"2022",106.5,-4.999992177,0,0,0,0,0,0
"2023",109.5,-4.999992177,0,0,0,0,0,0
"2024",112.5,-4.999992177,0,0,0,0,0,0
"2025",115.5,-4.999992177,0,0,0,0,0,0
"2026",118.5,-4.999992177,0,0,0,0,0,0
"2027",121.5,-4.999992177,0,0,0,0,0,0
"2028",124.5,-4.999992177,0,0,0,0,0,0
"2029",127.5,-4.999992177,0,0,0,0,0,0
"2030",130.5,-4.999992177,0,0,0,0,0,0
"2031",133.5,-4.999992177,0,0,0,0,0,0
"2032",136.5,-4.999992177,0,0,0,0,0,0
"2033",139.5,-4.999992177,0,0,0,0,0,0
"2034",142.5,-4.999992177,0,0,0,0,0,0
"2035",145.5,-4.999992177,0,0,0,0,0,0
"2036",148.5,-4.999992177,0,0,0,0,0,0
"2037",151.5,-4.999992177,0,0,0,0,0,0
"2038",154.5,-4.999992177,0,0,0,0,0,0
"2039",175.5,-4.999992177,0,0,0,0,0,0
"2040",-79.5,-7.999992177,0,0,0,0,0,0
"2041",-76.5,-7.999992177,0,0,1,0,0,0
"2042",-73.5,-7.999992177,0,0,1,0,0,0
"2043",-70.5,-7.999992177,0,0,1,0,0,0
"2044",-67.5,-7.999992177,0,0,1,0,0,0
"2045",-64.5,-7.999992177,0,0,1,0,0,0
"2046",-61.5,-7.999992177,0,0,1,0,0,0
"2047",-58.5,-7.999992177,0,0,0,0,0,0
"2048",-55.5,-7.999992177,0,0,0,0,0,0
"2049",-52.5,-7.999992177,0,0,1,0,0,0
"2050",-49.5,-7.999992177,0,0,1,0,0,0
"2051",-46.5,-7.999992177,0,0,1,0,0,0
"2052",-43.5,-7.999992177,0,0,1,0,0,0
"2053",-40.5,-7.999992177,0,0,1,0,0,0
"2054",-37.5,-7.999992177,0,0,0,0,0,0
"2055",-34.5,-7.999992177,0,0,0,0,0,0
"2056",13.5,-7.999992177,0,0,0,0,0,0
"2057",16.5,-7.999992177,0,0,0,0,0,0
"2058",19.5,-7.999992177,0,0,0,0,0,0
"2059",22.5,-7.999992177,0,0,0,0,0,0
"2060",25.5,-7.999992177,0,0,0,0,0,0
"2061",28.5,-7.999992177,0,0,0,0,0,0
"2062",31.5,-7.999992177,0,0,0,0,0,0
"2063",34.5,-7.999992177,0,0,0,0,0,0
"2064",37.5,-7.999992177,0,0,0,0,0,0
"2065",40.5,-7.999992177,0,0,0,0,0,0
"2066",49.5,-7.999992177,0,0,0,0,0,0
"2067",52.5,-7.999992177,0,0,0,0,0,0
"2068",55.5,-7.999992177,0,0,0,0,0,0
"2069",106.5,-7.999992177,0,0,0,0,0,0
"2070",109.5,-7.999992177,0,0,0,0,0,0
"2071",112.5,-7.999992177,0,0,0,0,0,0
"2072",115.5,-7.999992177,0,0,0,0,0,0
"2073",118.5,-7.999992177,0,0,0,0,0,0
"2074",121.5,-7.999992177,0,0,0,0,0,0
"2075",124.5,-7.999992177,0,0,0,0,0,0
"2076",127.5,-7.999992177,0,0,0,0,0,0
"2077",130.5,-7.999992177,0,0,0,0,0,0
"2078",133.5,-7.999992177,0,0,0,0,0,0
"2079",136.5,-7.999992177,0,0,0,0,0,0
"2080",139.5,-7.999992177,0,0,0,0,0,0
"2081",142.5,-7.999992177,0,0,0,0,0,0
"2082",145.5,-7.999992177,0,0,0,0,0,0
"2083",148.5,-7.999992177,0,0,0,0,0,0
"2084",151.5,-7.999992177,0,0,0,0,0,0
"2085",154.5,-7.999992177,0,0,0,0,0,0
"2086",157.5,-7.999992177,0,0,0,0,0,0
"2087",160.5,-7.999992177,0,0,0,0,0,0
"2088",-79.5,-10.999992177,0,0,0,0,0,0
"2089",-76.5,-10.999992177,0,0,1,0,0,0
"2090",-73.5,-10.999992177,0,0,1,0,0,0
"2091",-70.5,-10.999992177,0,0,1,0,0,0
"2092",-67.5,-10.999992177,0,0,1,0,0,0
"2093",-64.5,-10.999992177,0,0,1,0,0,0
"2094",-61.5,-10.999992177,0,0,0,0,0,0
"2095",-58.5,-10.999992177,0,0,0,0,0,0
"2096",-55.5,-10.999992177,0,0,0,0,0,0
"2097",-52.5,-10.999992177,0,0,1,0,0,0
"2098",-49.5,-10.999992177,0,0,1,0,0,0
"2099",-46.5,-10.999992177,0,0,1,0,0,0
"2100",-43.5,-10.999992177,0,0,1,0,0,0
"2101",-40.5,-10.999992177,0,0,1,0,0,0
"2102",-37.5,-10.999992177,0,0,0,0,0,0
"2103",-34.5,-10.999992177,0,0,0,0,0,0
"2104",13.5,-10.999992177,0,0,0,0,0,0
"2105",16.5,-10.999992177,0,0,0,0,0,0
"2106",19.5,-10.999992177,0,0,0,0,0,0
"2107",22.5,-10.999992177,0,0,0,0,0,0
"2108",25.5,-10.999992177,0,0,0,0,0,0
"2109",28.5,-10.999992177,0,0,0,0,0,0
"2110",31.5,-10.999992177,0,0,0,0,0,0
"2111",34.5,-10.999992177,0,0,0,0,0,0
"2112",37.5,-10.999992177,0,0,0,0,0,0
"2113",40.5,-10.999992177,0,0,0,0,0,0
"2114",43.5,-10.999992177,0,0,0,0,0,0
"2115",49.5,-10.999992177,0,0,0,0,1,0
"2116",52.5,-10.999992177,0,0,0,0,0,0
"2117",97.5,-10.999992177,0,0,0,0,0,0
"2118",106.5,-10.999992177,0,0,0,0,0,0
"2119",118.5,-10.999992177,0,0,0,0,0,0
"2120",121.5,-10.999992177,0,0,0,0,0,0
"2121",124.5,-10.999992177,0,0,0,0,0,0
"2122",130.5,-10.999992177,0,0,0,0,0,0
"2123",133.5,-10.999992177,0,0,0,0,0,0
"2124",136.5,-10.999992177,0,0,0,0,0,0
"2125",142.5,-10.999992177,0,0,0,0,0,0
"2126",148.5,-10.999992177,0,0,0,0,0,0
"2127",151.5,-10.999992177,0,0,0,0,0,0
"2128",154.5,-10.999992177,0,0,0,0,0,0
"2129",160.5,-10.999992177,0,0,0,0,0,0
"2130",163.5,-10.999992177,0,0,0,0,0,0
"2131",166.5,-10.999992177,0,0,0,0,0,0
"2132",169.5,-10.999992177,0,0,0,0,0,0
"2133",-178.5,-13.999992177,0,0,0,0,0,0
"2134",-175.5,-13.999992177,0,0,0,0,0,0
"2135",-172.5,-13.999992177,0,0,0,0,0,0
"2136",-169.5,-13.999992177,0,0,0,0,0,0
"2137",-76.5,-13.999992177,0,0,0,0,0,0
"2138",-73.5,-13.999992177,0,0,1,0,0,0
"2139",-70.5,-13.999992177,0,0,1,0,0,0
"2140",-67.5,-13.999992177,0,0,1,0,0,0
"2141",-64.5,-13.999992177,0,0,1,0,0,0
"2142",-61.5,-13.999992177,0,0,1,0,0,0
"2143",-58.5,-13.999992177,0,0,1,0,0,0
"2144",-55.5,-13.999992177,0,0,1,0,0,0
"2145",-52.5,-13.999992177,0,0,1,0,0,0
"2146",-49.5,-13.999992177,0,0,1,0,0,0
"2147",-46.5,-13.999992177,0,0,1,0,0,0
"2148",-43.5,-13.999992177,0,0,1,0,0,0
"2149",-40.5,-13.999992177,0,0,1,0,0,0
"2150",-37.5,-13.999992177,0,0,0,0,0,0
"2151",13.5,-13.999992177,0,0,0,0,0,0
"2152",16.5,-13.999992177,0,0,0,0,0,0
"2153",19.5,-13.999992177,0,0,0,0,0,0
"2154",22.5,-13.999992177,0,0,0,0,0,0
"2155",25.5,-13.999992177,0,0,0,0,0,0
"2156",28.5,-13.999992177,0,0,0,0,0,0
"2157",31.5,-13.999992177,0,0,0,0,0,0
"2158",34.5,-13.999992177,0,0,0,0,0,0
"2159",37.5,-13.999992177,0,0,0,0,0,0
"2160",40.5,-13.999992177,0,0,0,0,0,0
"2161",46.5,-13.999992177,0,0,0,0,1,0
"2162",49.5,-13.999992177,0,0,0,0,1,0
"2163",124.5,-13.999992177,0,0,0,0,0,0
"2164",127.5,-13.999992177,0,0,0,0,0,0
"2165",130.5,-13.999992177,0,0,0,0,0,0
"2166",133.5,-13.999992177,0,0,0,0,0,0
"2167",136.5,-13.999992177,0,0,0,0,0,0
"2168",142.5,-13.999992177,0,0,0,0,0,0
"2169",145.5,-13.999992177,0,0,0,0,0,0
"2170",166.5,-13.999992177,0,0,0,0,0,0
"2171",169.5,-13.999992177,0,0,0,0,0,0
"2172",-178.5,-16.999992177,0,0,0,0,0,0
"2173",-151.5,-16.999992177,0,0,0,0,0,0
"2174",-148.5,-16.999992177,0,0,0,0,0,0
"2175",-73.5,-16.999992177,0,0,0,0,0,0
"2176",-70.5,-16.999992177,0,0,0,0,0,0
"2177",-67.5,-16.999992177,0,0,1,0,0,0
"2178",-64.5,-16.999992177,0,0,1,0,0,0
"2179",-61.5,-16.999992177,0,0,1,0,0,0
"2180",-58.5,-16.999992177,0,0,1,0,0,0
"2181",-55.5,-16.999992177,0,0,1,0,0,0
"2182",-52.5,-16.999992177,0,0,1,0,0,0
"2183",-49.5,-16.999992177,0,0,1,0,0,0
"2184",-46.5,-16.999992177,0,0,1,0,0,0
"2185",-43.5,-16.999992177,0,0,0,0,0,0
"2186",-40.5,-16.999992177,0,0,1,0,0,0
"2187",-37.5,-16.999992177,0,0,0,0,0,0
"2188",10.5,-16.999992177,0,0,0,0,0,0
"2189",13.5,-16.999992177,0,0,0,0,0,0
"2190",16.5,-16.999992177,0,0,0,0,0,0
"2191",19.5,-16.999992177,0,0,0,0,0,0
"2192",22.5,-16.999992177,0,0,0,0,0,0
"2193",25.5,-16.999992177,0,0,0,0,0,0
"2194",28.5,-16.999992177,0,0,0,0,0,0
"2195",31.5,-16.999992177,0,0,0,0,0,0
"2196",34.5,-16.999992177,0,0,0,0,0,0
"2197",37.5,-16.999992177,0,0,0,0,0,0
"2198",40.5,-16.999992177,0,0,0,0,0,0
"2199",43.5,-16.999992177,0,0,0,0,1,0
"2200",46.5,-16.999992177,0,0,0,0,1,0
"2201",49.5,-16.999992177,0,0,0,0,1,0
"2202",121.5,-16.999992177,0,0,0,0,0,0
"2203",124.5,-16.999992177,0,0,0,0,0,0
"2204",127.5,-16.999992177,0,0,0,0,0,0
"2205",130.5,-16.999992177,0,0,0,0,0,0
"2206",133.5,-16.999992177,0,0,0,0,0,0
"2207",136.5,-16.999992177,0,0,0,0,0,0
"2208",139.5,-16.999992177,0,0,0,0,0,0
"2209",142.5,-16.999992177,0,0,0,0,0,0
"2210",145.5,-16.999992177,0,0,0,0,0,0
"2211",151.5,-16.999992177,0,0,0,0,0,0
"2212",166.5,-16.999992177,0,0,0,0,0,0
"2213",169.5,-16.999992177,0,0,0,0,0,0
"2214",178.5,-16.999992177,0,0,0,0,0,0
"2215",-178.5,-19.999992177,0,0,0,0,0,0
"2216",-175.5,-19.999992177,0,0,0,0,0,0
"2217",-172.5,-19.999992177,0,0,0,0,0,0
"2218",-169.5,-19.999992177,0,0,0,0,0,0
"2219",-160.5,-19.999992177,0,0,0,0,0,0
"2220",-157.5,-19.999992177,0,0,0,0,0,0
"2221",-70.5,-19.999992177,0,0,0,0,0,0
"2222",-67.5,-19.999992177,0,0,0,0,0,0
"2223",-64.5,-19.999992177,0,0,1,0,0,0
"2224",-61.5,-19.999992177,0,0,1,0,0,0
"2225",-58.5,-19.999992177,0,0,1,0,0,0
"2226",-55.5,-19.999992177,0,0,1,0,0,0
"2227",-52.5,-19.999992177,0,0,1,0,0,0
"2228",-49.5,-19.999992177,0,0,0,0,0,0
"2229",-46.5,-19.999992177,0,0,0,0,0,0
"2230",-43.5,-19.999992177,0,0,1,0,0,0
"2231",-40.5,-19.999992177,0,0,1,0,0,0
"2232",-28.5,-19.999992177,0,0,0,0,0,0
"2233",13.5,-19.999992177,0,0,0,0,0,0
"2234",16.5,-19.999992177,0,0,0,0,0,0
"2235",19.5,-19.999992177,0,0,0,0,0,0
"2236",22.5,-19.999992177,0,0,0,0,0,0
"2237",25.5,-19.999992177,0,0,0,0,0,0
"2238",28.5,-19.999992177,0,0,0,0,0,0
"2239",31.5,-19.999992177,0,0,0,0,0,0
"2240",34.5,-19.999992177,0,0,0,0,0,0
"2241",37.5,-19.999992177,0,0,0,0,0,0
"2242",43.5,-19.999992177,0,0,0,0,1,0
"2243",46.5,-19.999992177,0,0,0,0,1,0
"2244",49.5,-19.999992177,0,0,0,0,1,0
"2245",55.5,-19.999992177,0,0,0,0,0,0
"2246",58.5,-19.999992177,0,0,0,0,0,0
"2247",64.5,-19.999992177,0,0,0,0,0,0
"2248",115.5,-19.999992177,0,0,0,0,0,0
"2249",118.5,-19.999992177,0,0,0,0,0,0
"2250",121.5,-19.999992177,0,0,0,0,0,0
"2251",124.5,-19.999992177,0,0,0,0,0,0
"2252",127.5,-19.999992177,0,0,0,0,0,0
"2253",130.5,-19.999992177,0,0,0,0,0,0
"2254",133.5,-19.999992177,0,0,0,0,0,0
"2255",136.5,-19.999992177,0,0,0,0,0,0
"2256",139.5,-19.999992177,0,0,0,0,0,0
"2257",142.5,-19.999992177,0,0,0,0,0,0
"2258",145.5,-19.999992177,0,0,0,0,0,0
"2259",148.5,-19.999992177,0,0,0,0,0,0
"2260",163.5,-19.999992177,0,0,0,0,0,0
"2261",166.5,-19.999992177,0,0,0,0,0,0
"2262",169.5,-19.999992177,0,0,0,0,0,0
"2263",178.5,-19.999992177,0,0,0,0,0,0
"2264",-175.5,-22.999992177,0,0,0,0,0,0
"2265",-151.5,-22.999992177,0,0,0,0,0,0
"2266",-70.5,-22.999992177,0,0,0,0,0,0
"2267",-67.5,-22.999992177,0,0,0,0,0,0
"2268",-64.5,-22.999992177,0,0,1,0,0,0
"2269",-61.5,-22.999992177,0,0,1,0,0,0
"2270",-58.5,-22.999992177,0,0,1,0,0,0
"2271",-55.5,-22.999992177,0,0,1,0,0,0
"2272",-52.5,-22.999992177,0,0,1,0,0,0
"2273",-49.5,-22.999992177,0,0,1,0,0,0
"2274",-46.5,-22.999992177,0,0,1,0,0,0
"2275",-43.5,-22.999992177,0,0,1,0,0,0
"2276",-40.5,-22.999992177,0,0,0,0,0,0
"2277",13.5,-22.999992177,0,0,0,0,0,0
"2278",16.5,-22.999992177,0,0,0,0,0,0
"2279",19.5,-22.999992177,0,0,0,0,0,0
"2280",22.5,-22.999992177,0,0,0,0,0,0
"2281",25.5,-22.999992177,0,0,0,0,0,0
"2282",28.5,-22.999992177,0,0,0,0,0,0
"2283",31.5,-22.999992177,0,0,0,0,0,0
"2284",34.5,-22.999992177,0,0,0,0,0,0
"2285",40.5,-22.999992177,0,0,0,0,0,0
"2286",43.5,-22.999992177,0,0,0,0,1,0
"2287",46.5,-22.999992177,0,0,0,0,1,0
"2288",49.5,-22.999992177,0,0,0,0,0,0
"2289",112.5,-22.999992177,0,0,0,0,0,0
"2290",115.5,-22.999992177,0,0,0,0,0,0
"2291",118.5,-22.999992177,0,0,0,0,0,0
"2292",121.5,-22.999992177,0,0,0,0,0,0
"2293",124.5,-22.999992177,0,0,0,0,0,0
"2294",127.5,-22.999992177,0,0,0,0,0,0
"2295",130.5,-22.999992177,0,0,0,0,0,0
"2296",133.5,-22.999992177,0,0,0,0,0,0
"2297",136.5,-22.999992177,0,0,0,0,0,0
"2298",139.5,-22.999992177,0,0,0,0,0,0
"2299",142.5,-22.999992177,0,0,0,0,0,0
"2300",145.5,-22.999992177,0,0,0,0,0,0
"2301",148.5,-22.999992177,0,0,0,0,0,0
"2302",151.5,-22.999992177,0,0,0,0,0,0
"2303",166.5,-22.999992177,0,0,0,0,0,0
"2304",-109.5,-25.999992177,0,0,0,0,0,0
"2305",-70.5,-25.999992177,0,0,0,0,0,0
"2306",-67.5,-25.999992177,0,0,0,0,0,0
"2307",-64.5,-25.999992177,0,0,1,0,0,0
"2308",-61.5,-25.999992177,0,0,1,0,0,0
"2309",-58.5,-25.999992177,0,0,1,0,0,0
"2310",-55.5,-25.999992177,0,0,1,0,0,0
"2311",-52.5,-25.999992177,0,0,1,0,0,0
"2312",-49.5,-25.999992177,0,0,1,0,0,0
"2313",-46.5,-25.999992177,0,0,1,0,0,0
"2314",13.5,-25.999992177,0,0,0,0,0,0
"2315",16.5,-25.999992177,0,0,0,0,0,0
"2316",19.5,-25.999992177,0,0,0,0,0,0
"2317",22.5,-25.999992177,0,0,0,0,0,0
"2318",25.5,-25.999992177,1,0,0,0,0,0
"2319",28.5,-25.999992177,1,0,0,0,0,0
"2320",31.5,-25.999992177,1,0,0,0,0,0
"2321",34.5,-25.999992177,0,0,0,0,0,0
"2322",43.5,-25.999992177,0,0,0,0,1,0
"2323",46.5,-25.999992177,0,0,0,0,1,0
"2324",112.5,-25.999992177,0,0,0,0,0,0
"2325",115.5,-25.999992177,0,0,0,0,0,0
"2326",118.5,-25.999992177,0,0,0,0,0,0
"2327",121.5,-25.999992177,0,0,0,0,0,0
"2328",124.5,-25.999992177,0,0,0,0,0,0
"2329",127.5,-25.999992177,0,0,0,0,0,0
"2330",130.5,-25.999992177,0,0,0,0,0,0
"2331",133.5,-25.999992177,0,0,0,0,0,0
"2332",136.5,-25.999992177,0,0,0,0,0,0
"2333",139.5,-25.999992177,0,0,0,0,0,0
"2334",142.5,-25.999992177,0,0,0,0,0,0
"2335",145.5,-25.999992177,0,0,0,0,0,0
"2336",148.5,-25.999992177,0,0,0,0,0,0
"2337",151.5,-25.999992177,0,0,0,0,0,0
"2338",154.5,-25.999992177,0,0,0,0,0,0
"2339",-70.5,-28.999992177,0,0,0,0,0,0
"2340",-67.5,-28.999992177,0,0,0,0,0,0
"2341",-64.5,-28.999992177,0,0,0,0,0,0
"2342",-61.5,-28.999992177,0,0,0,0,0,0
"2343",-58.5,-28.999992177,0,0,0,0,0,0
"2344",-55.5,-28.999992177,0,0,0,0,0,0
"2345",-52.5,-28.999992177,0,0,0,0,0,0
"2346",-49.5,-28.999992177,0,0,0,0,0,0
"2347",16.5,-28.999992177,0,0,0,0,0,0
"2348",19.5,-28.999992177,0,0,0,0,0,0
"2349",22.5,-28.999992177,1,0,0,0,0,0
"2350",25.5,-28.999992177,1,0,0,0,0,0
"2351",28.5,-28.999992177,1,0,0,0,0,0
"2352",31.5,-28.999992177,0,0,0,0,0,0
"2353",115.5,-28.999992177,0,0,0,0,0,0
"2354",118.5,-28.999992177,0,0,0,0,0,0
"2355",121.5,-28.999992177,0,0,0,0,0,0
"2356",124.5,-28.999992177,0,0,0,0,0,0
"2357",127.5,-28.999992177,0,0,0,0,0,0
"2358",130.5,-28.999992177,0,0,0,0,0,0
"2359",133.5,-28.999992177,0,0,0,0,0,0
"2360",136.5,-28.999992177,0,0,0,0,0,0
"2361",139.5,-28.999992177,0,0,0,0,0,0
"2362",142.5,-28.999992177,0,0,0,0,0,0
"2363",145.5,-28.999992177,0,0,0,0,0,0
"2364",148.5,-28.999992177,0,0,0,0,0,0
"2365",151.5,-28.999992177,0,0,0,0,0,0
"2366",154.5,-28.999992177,0,0,0,0,0,0
"2367",-70.5,-31.999992177,0,0,0,0,0,0
"2368",-67.5,-31.999992177,0,0,0,0,0,0
"2369",-64.5,-31.999992177,0,0,0,0,0,0
"2370",-61.5,-31.999992177,0,0,0,0,0,0
"2371",-58.5,-31.999992177,0,0,0,0,0,0
"2372",-55.5,-31.999992177,0,0,0,0,0,0
"2373",-52.5,-31.999992177,0,0,0,0,0,0
"2374",-49.5,-31.999992177,0,0,0,0,0,0
"2375",16.5,-31.999992177,0,0,0,0,0,0
"2376",19.5,-31.999992177,0,0,0,0,0,0
"2377",22.5,-31.999992177,1,0,0,0,0,0
"2378",25.5,-31.999992177,1,0,0,0,0,0
"2379",28.5,-31.999992177,1,0,0,0,0,0
"2380",31.5,-31.999992177,0,0,0,0,0,0
"2381",115.5,-31.999992177,0,0,0,0,0,0
"2382",118.5,-31.999992177,0,0,0,0,0,0
"2383",121.5,-31.999992177,0,0,0,0,0,0
"2384",124.5,-31.999992177,0,0,0,0,0,0
"2385",127.5,-31.999992177,0,0,0,0,0,0
"2386",130.5,-31.999992177,0,0,0,0,0,0
"2387",133.5,-31.999992177,0,0,0,0,0,0
"2388",136.5,-31.999992177,0,0,0,0,0,0
"2389",139.5,-31.999992177,0,0,0,0,0,0
"2390",142.5,-31.999992177,0,0,0,0,0,0
"2391",145.5,-31.999992177,0,0,0,0,0,0
"2392",148.5,-31.999992177,0,0,0,0,0,0
"2393",151.5,-31.999992177,0,0,0,0,0,0
"2394",-79.5,-34.999992177,0,0,0,0,0,0
"2395",-73.5,-34.999992177,0,0,0,0,0,0
"2396",-70.5,-34.999992177,0,0,0,0,0,0
"2397",-67.5,-34.999992177,0,0,0,0,0,0
"2398",-64.5,-34.999992177,0,0,0,0,0,0
"2399",-61.5,-34.999992177,0,0,0,0,0,0
"2400",-58.5,-34.999992177,0,0,0,0,0,0
"2401",-55.5,-34.999992177,0,0,0,0,0,0
"2402",-52.5,-34.999992177,0,0,0,0,0,0
"2403",19.5,-34.999992177,0,0,0,0,0,0
"2404",22.5,-34.999992177,0,0,0,0,0,0
"2405",25.5,-34.999992177,0,0,0,0,0,0
"2406",115.5,-34.999992177,0,0,0,0,0,0
"2407",118.5,-34.999992177,0,0,0,0,0,0
"2408",121.5,-34.999992177,0,0,0,0,0,0
"2409",124.5,-34.999992177,0,0,0,0,0,0
"2410",133.5,-34.999992177,0,0,0,0,0,0
"2411",136.5,-34.999992177,0,0,0,0,0,0
"2412",139.5,-34.999992177,0,0,0,0,0,0
"2413",142.5,-34.999992177,0,0,0,0,0,0
"2414",145.5,-34.999992177,0,0,0,0,0,0
"2415",148.5,-34.999992177,0,0,0,0,0,0
"2416",151.5,-34.999992177,0,0,0,0,0,0
"2417",172.5,-34.999992177,0,0,0,0,0,0
"2418",175.5,-34.999992177,0,0,0,0,0,0
"2419",-73.5,-37.999992177,0,0,0,0,0,0
"2420",-70.5,-37.999992177,0,0,0,0,0,0
"2421",-67.5,-37.999992177,0,0,0,0,0,0
"2422",-64.5,-37.999992177,0,0,0,0,0,0
"2423",-61.5,-37.999992177,0,0,0,0,0,0
"2424",-58.5,-37.999992177,0,0,0,0,0,0
"2425",-55.5,-37.999992177,0,0,0,0,0,0
"2426",-13.5,-37.999992177,0,0,0,0,0,0
"2427",139.5,-37.999992177,0,0,0,0,0,0
"2428",142.5,-37.999992177,0,0,0,0,0,0
"2429",145.5,-37.999992177,0,0,0,0,0,0
"2430",148.5,-37.999992177,0,0,0,0,0,0
"2431",151.5,-37.999992177,0,0,0,0,0,0
"2432",172.5,-37.999992177,0,0,0,0,0,0
"2433",175.5,-37.999992177,0,0,0,0,0,0
"2434",178.5,-37.999992177,0,0,0,0,0,0
"2435",-73.5,-40.999992177,0,0,0,0,0,0
"2436",-70.5,-40.999992177,0,0,0,0,0,0
"2437",-67.5,-40.999992177,0,0,0,0,0,0
"2438",-64.5,-40.999992177,0,0,0,0,0,0
"2439",-61.5,-40.999992177,0,0,0,0,0,0
"2440",142.5,-40.999992177,0,0,0,0,0,0
"2441",145.5,-40.999992177,0,0,0,0,0,0
"2442",148.5,-40.999992177,0,0,0,0,0,0
"2443",172.5,-40.999992177,0,0,0,0,0,0
"2444",175.5,-40.999992177,0,0,0,0,0,0
"2445",178.5,-40.999992177,0,0,0,0,0,0
"2446",-175.5,-43.999992177,0,0,0,0,0,0
"2447",-73.5,-43.999992177,0,0,0,0,0,0
"2448",-70.5,-43.999992177,0,0,0,0,0,0
"2449",-67.5,-43.999992177,0,0,0,0,0,0
"2450",-64.5,-43.999992177,0,0,0,0,0,0
"2451",145.5,-43.999992177,0,0,0,0,0,0
"2452",148.5,-43.999992177,0,0,0,0,0,0
"2453",166.5,-43.999992177,0,0,0,0,0,0
"2454",169.5,-43.999992177,0,0,0,0,0,0
"2455",172.5,-43.999992177,0,0,0,0,0,0
"2456",-76.5,-46.999992177,0,0,0,0,0,0
"2457",-73.5,-46.999992177,0,0,0,0,0,0
"2458",-70.5,-46.999992177,0,0,0,0,0,0
"2459",-67.5,-46.999992177,0,0,0,0,0,0
"2460",-64.5,-46.999992177,0,0,0,0,0,0
"2461",37.5,-46.999992177,0,0,0,0,0,0
"2462",166.5,-46.999992177,0,0,0,0,0,0
"2463",169.5,-46.999992177,0,0,0,0,0,0
"2464",-76.5,-49.999992177,0,0,0,0,0,0
"2465",-73.5,-49.999992177,0,0,0,0,0,0
"2466",-70.5,-49.999992177,0,0,0,0,0,0
"2467",-67.5,-49.999992177,0,0,0,0,0,0
"2468",-61.5,-49.999992177,0,0,0,0,0,0
"2469",-58.5,-49.999992177,0,0,0,0,0,0
"2470",67.5,-49.999992177,0,0,0,0,0,0
"2471",70.5,-49.999992177,0,0,0,0,0,0
"2472",166.5,-49.999992177,0,0,0,0,0,0
"2473",178.5,-49.999992177,0,0,0,0,0,0
"2474",-73.5,-52.999992177,0,0,0,0,0,0
"2475",-70.5,-52.999992177,0,0,0,0,0,0
"2476",-67.5,-52.999992177,0,0,0,0,0,0
"2477",-61.5,-52.999992177,0,0,0,0,0,0
"2478",-58.5,-52.999992177,0,0,0,0,0,0
"2479",-37.5,-52.999992177,0,0,0,0,0,0
"2480",73.5,-52.999992177,0,0,0,0,0,0
"2481",169.5,-52.999992177,0,0,0,0,0,0
"2482",-70.5,-55.999992177,0,0,0,0,0,0
"2483",-67.5,-55.999992177,0,0,0,0,0,0
"2484",-64.5,-55.999992177,0,0,0,0,0,0
"2485",-37.5,-55.999992177,0,0,0,0,0,0
"2486",-34.5,-55.999992177,0,0,0,0,0,0
"2487",-28.5,-55.999992177,0,0,0,0,0,0
"2488",157.5,-55.999992177,0,0,0,0,0,0
