X_WGS84,Y_WGS84,Clamping
-94.5,82.000007823,0.0
-91.5,82.000007823,0.0
-88.5,82.000007823,0.0
-85.5,82.000007823,0.0
-82.5,82.000007823,0.0
-79.5,82.000007823,0.0
-76.5,82.000007823,0.0
-73.5,82.000007823,0.0
-70.5,82.000007823,0.0
-67.5,82.000007823,0.0
-64.5,82.000007823,0.0
-61.5,82.000007823,0.0
-58.5,82.000007823,0.0
-55.5,82.000007823,0.0
-52.5,82.000007823,0.0
-49.5,82.000007823,0.0
-46.5,82.000007823,0.0
-43.5,82.000007823,0.0
-40.5,82.000007823,0.0
-37.5,82.000007823,0.0
-34.5,82.000007823,0.0
-31.5,82.000007823,0.0
-28.5,82.000007823,0.0
-25.5,82.000007823,0.0
-22.5,82.000007823,0.0
-19.5,82.000007823,0.0
-16.5,82.000007823,0.0
-13.5,82.000007823,0.0
-10.5,82.000007823,0.0
19.5,82.000007823,0.0
22.5,82.000007823,0.0
46.5,82.000007823,0.0
49.5,82.000007823,0.0
52.5,82.000007823,0.0
55.5,82.000007823,0.0
58.5,82.000007823,0.0
61.5,82.000007823,0.0
64.5,82.000007823,0.0
79.5,82.000007823,0.0
91.5,82.000007823,0.0
94.5,82.000007823,0.0
97.5,82.000007823,0.0
-115.5,79.000007823,0.0
-112.5,79.000007823,0.0
-109.5,79.000007823,0.0
-106.5,79.000007823,0.0
-103.5,79.000007823,0.0
-100.5,79.000007823,0.0
-97.5,79.000007823,0.0
-94.5,79.000007823,0.0
-91.5,79.000007823,0.0
-88.5,79.000007823,0.0
-85.5,79.000007823,0.0
-82.5,79.000007823,0.0
-79.5,79.000007823,0.0
-76.5,79.000007823,0.0
-73.5,79.000007823,0.0
-70.5,79.000007823,0.0
-67.5,79.000007823,0.0
-64.5,79.000007823,0.0
-61.5,79.000007823,0.0
-58.5,79.000007823,0.0
-55.5,79.000007823,0.0
-52.5,79.000007823,0.0
-49.5,79.000007823,0.0
-46.5,79.000007823,0.0
-43.5,79.000007823,0.0
-40.5,79.000007823,0.0
-37.5,79.000007823,0.0
-34.5,79.000007823,0.0
-31.5,79.000007823,0.0
-28.5,79.000007823,0.0
-25.5,79.000007823,0.0
-22.5,79.000007823,0.0
-19.5,79.000007823,0.0
-16.5,79.000007823,0.0
10.5,79.000007823,0.0
13.5,79.000007823,0.0
16.5,79.000007823,0.0
19.5,79.000007823,0.0
22.5,79.000007823,0.0
25.5,79.000007823,0.0
28.5,79.000007823,0.0
31.5,79.000007823,0.0
34.5,79.000007823,0.0
46.5,79.000007823,0.0
49.5,79.000007823,0.0
52.5,79.000007823,0.0
55.5,79.000007823,0.0
58.5,79.000007823,0.0
61.5,79.000007823,0.0
91.5,79.000007823,0.0
94.5,79.000007823,0.0
97.5,79.000007823,0.0
100.5,79.000007823,0.0
103.5,79.000007823,0.0
106.5,79.000007823,0.0
-121.5,76.000007823,0.0
-118.5,76.000007823,0.0
-115.5,76.000007823,0.0
-112.5,76.000007823,0.0
-109.5,76.000007823,0.0
-106.5,76.000007823,0.0
-103.5,76.000007823,0.0
-100.5,76.000007823,0.0
-97.5,76.000007823,0.0
-94.5,76.000007823,0.0
-91.5,76.000007823,0.0
-88.5,76.000007823,0.0
-85.5,76.000007823,0.0
-82.5,76.000007823,0.0
-79.5,76.000007823,0.0
-76.5,76.000007823,0.0
-73.5,76.000007823,0.0
-70.5,76.000007823,0.0
-67.5,76.000007823,0.0
-64.5,76.000007823,0.0
-61.5,76.000007823,0.0
-58.5,76.000007823,0.0
-55.5,76.000007823,0.0
-52.5,76.000007823,0.0
-49.5,76.000007823,0.0
-46.5,76.000007823,0.0
-43.5,76.000007823,0.0
-40.5,76.000007823,0.0
-37.5,76.000007823,0.0
-34.5,76.000007823,0.0
-31.5,76.000007823,0.0
-28.5,76.000007823,0.0
-25.5,76.000007823,0.0
-22.5,76.000007823,0.0
-19.5,76.000007823,0.0
-16.5,76.000007823,0.0
13.5,76.000007823,0.0
16.5,76.000007823,0.0
22.5,76.000007823,0.0
55.5,76.000007823,0.0
58.5,76.000007823,0.0
61.5,76.000007823,0.0
64.5,76.000007823,0.0
67.5,76.000007823,0.0
82.5,76.000007823,0.0
85.5,76.000007823,0.0
88.5,76.000007823,0.0
91.5,76.000007823,0.0
94.5,76.000007823,0.0
97.5,76.000007823,0.0
100.5,76.000007823,0.0
103.5,76.000007823,0.0
106.5,76.000007823,0.0
109.5,76.000007823,0.0
112.5,76.000007823,0.0
136.5,76.000007823,0.0
139.5,76.000007823,0.0
142.5,76.000007823,0.0
145.5,76.000007823,0.0
148.5,76.000007823,0.0
151.5,76.000007823,0.0
-124.5,73.000007823,0.0
-121.5,73.000007823,0.0
-118.5,73.000007823,0.0
-115.5,73.000007823,0.0
-112.5,73.000007823,0.0
-109.5,73.000007823,0.0
-106.5,73.000007823,0.0
-103.5,73.000007823,0.0
-100.5,73.000007823,0.0
-97.5,73.000007823,0.0
-94.5,73.000007823,0.0
-91.5,73.000007823,0.0
-88.5,73.000007823,0.0
-85.5,73.000007823,0.0
-82.5,73.000007823,0.0
-79.5,73.000007823,0.0
-76.5,73.000007823,0.0
-73.5,73.000007823,0.0
-58.5,73.000007823,0.0
-55.5,73.000007823,0.0
-52.5,73.000007823,0.0
-49.5,73.000007823,0.0
-46.5,73.000007823,0.0
-43.5,73.000007823,0.0
-40.5,73.000007823,0.0
-37.5,73.000007823,0.0
-34.5,73.000007823,0.0
-31.5,73.000007823,0.0
-28.5,73.000007823,0.0
-25.5,73.000007823,0.0
-22.5,73.000007823,0.0
-19.5,73.000007823,0.0
19.5,73.000007823,0.0
52.5,73.000007823,0.0
55.5,73.000007823,0.0
58.5,73.000007823,0.0
67.5,73.000007823,0.0
70.5,73.000007823,0.0
73.5,73.000007823,0.0
76.5,73.000007823,0.0
79.5,73.000007823,0.0
82.5,73.000007823,0.0
85.5,73.000007823,0.0
88.5,73.000007823,0.0
91.5,73.000007823,0.0
94.5,73.000007823,0.0
97.5,73.000007823,0.0
100.5,73.000007823,0.0
103.5,73.000007823,0.0
106.5,73.000007823,0.0
109.5,73.000007823,0.0
112.5,73.000007823,0.0
115.5,73.000007823,0.0
118.5,73.000007823,0.0
121.5,73.000007823,0.0
124.5,73.000007823,0.0
127.5,73.000007823,0.0
130.5,73.000007823,0.0
133.5,73.000007823,0.0
136.5,73.000007823,0.0
139.5,73.000007823,0.0
142.5,73.000007823,0.0
145.5,73.000007823,0.0
148.5,73.000007823,0.0
151.5,73.000007823,0.0
-178.5,70.000007823,0.0
-166.5,70.000007823,0.0
-163.5,70.000007823,0.0
-160.5,70.000007823,0.0
-157.5,70.000007823,0.0
-154.5,70.000007823,0.0
-151.5,70.000007823,0.0
-148.5,70.000007823,0.0
-145.5,70.000007823,0.0
-142.5,70.000007823,0.0
-139.5,70.000007823,0.0
-136.5,70.000007823,0.0
-133.5,70.000007823,0.0
-130.5,70.000007823,0.0
-127.5,70.000007823,0.0
-124.5,70.000007823,0.0
-121.5,70.000007823,0.0
-118.5,70.000007823,0.0
-115.5,70.000007823,0.0
-112.5,70.000007823,0.0
-109.5,70.000007823,0.0
-106.5,70.000007823,0.0
-103.5,70.000007823,0.0
-100.5,70.000007823,0.0
-97.5,70.000007823,0.0
-94.5,70.000007823,0.0
-91.5,70.000007823,0.0
-88.5,70.000007823,0.0
-85.5,70.000007823,0.0
-82.5,70.000007823,0.0
-79.5,70.000007823,0.0
-76.5,70.000007823,0.0
-73.5,70.000007823,0.0
-70.5,70.000007823,0.0
-67.5,70.000007823,0.0
-55.5,70.000007823,0.0
-52.5,70.000007823,0.0
-49.5,70.000007823,0.0
-46.5,70.000007823,0.0
-43.5,70.000007823,0.0
-40.5,70.000007823,0.0
-37.5,70.000007823,0.0
-34.5,70.000007823,0.0
-31.5,70.000007823,0.0
-28.5,70.000007823,0.0
-25.5,70.000007823,0.0
-22.5,70.000007823,0.0
-7.5,70.000007823,0.0
13.5,70.000007823,0.0
16.5,70.000007823,0.0
19.5,70.000007823,0.0
22.5,70.000007823,0.0
25.5,70.000007823,0.0
28.5,70.000007823,0.0
31.5,70.000007823,0.0
34.5,70.000007823,0.0
37.5,70.000007823,0.0
43.5,70.000007823,0.0
49.5,70.000007823,0.0
52.5,70.000007823,0.0
55.5,70.000007823,0.0
58.5,70.000007823,0.0
61.5,70.000007823,0.0
64.5,70.000007823,0.0
67.5,70.000007823,0.0
70.5,70.000007823,0.0
73.5,70.000007823,0.0
76.5,70.000007823,0.0
79.5,70.000007823,0.0
82.5,70.000007823,0.0
85.5,70.000007823,0.0
88.5,70.000007823,0.0
91.5,70.000007823,0.0
94.5,70.000007823,0.0
97.5,70.000007823,0.0
100.5,70.000007823,0.0
103.5,70.000007823,0.0
106.5,70.000007823,0.0
109.5,70.000007823,0.0
112.5,70.000007823,0.0
115.5,70.000007823,0.0
118.5,70.000007823,0.0
121.5,70.000007823,0.0
124.5,70.000007823,0.0
127.5,70.000007823,0.0
130.5,70.000007823,0.0
133.5,70.000007823,0.0
136.5,70.000007823,0.0
139.5,70.000007823,0.0
142.5,70.000007823,0.0
145.5,70.000007823,0.0
148.5,70.000007823,0.0
151.5,70.000007823,0.0
154.5,70.000007823,0.0
157.5,70.000007823,0.0
160.5,70.000007823,0.0
163.5,70.000007823,0.0
166.5,70.000007823,0.0
169.5,70.000007823,0.0
172.5,70.000007823,0.0
175.5,70.000007823,0.0
178.5,70.000007823,0.0
-178.5,67.000007823,0.0
-175.5,67.000007823,0.0
-172.5,67.000007823,0.0
-169.5,67.000007823,0.0
-166.5,67.000007823,0.0
-163.5,67.000007823,0.0
-160.5,67.000007823,0.0
-157.5,67.000007823,0.0
-154.5,67.000007823,0.0
-151.5,67.000007823,0.0
-148.5,67.000007823,0.0
-145.5,67.000007823,0.0
-142.5,67.000007823,0.0
-139.5,67.000007823,0.0
-136.5,67.000007823,0.0
-133.5,67.000007823,0.0
-130.5,67.000007823,0.0
-127.5,67.000007823,0.0
-124.5,67.000007823,0.0
-121.5,67.000007823,0.0
-118.5,67.000007823,0.0
-115.5,67.000007823,0.0
-112.5,67.000007823,0.0
-109.5,67.000007823,0.0
-106.5,67.000007823,0.0
-103.5,67.000007823,0.0
-100.5,67.000007823,0.0
-97.5,67.000007823,0.0
-94.5,67.000007823,0.0
-91.5,67.000007823,0.0
-88.5,67.000007823,0.0
-85.5,67.000007823,0.0
-82.5,67.000007823,0.0
-79.5,67.000007823,0.0
-76.5,67.000007823,0.0
-73.5,67.000007823,0.0
-70.5,67.000007823,0.0
-67.5,67.000007823,0.0
-64.5,67.000007823,0.0
-61.5,67.000007823,0.0
-52.5,67.000007823,0.0
-49.5,67.000007823,0.0
-46.5,67.000007823,0.0
-43.5,67.000007823,0.0
-40.5,67.000007823,0.0
-37.5,67.000007823,0.0
-34.5,67.000007823,0.0
-31.5,67.000007823,0.0
-28.5,67.000007823,0.0
-22.5,67.000007823,0.0
-19.5,67.000007823,0.0
-16.5,67.000007823,0.0
-13.5,67.000007823,0.0
10.5,67.000007823,0.0
13.5,67.000007823,0.0
16.5,67.000007823,0.0
19.5,67.000007823,0.0
22.5,67.000007823,0.0
25.5,67.000007823,0.0
28.5,67.000007823,0.0
31.5,67.000007823,0.0
34.5,67.000007823,0.0
37.5,67.000007823,0.0
40.5,67.000007823,0.0
43.5,67.000007823,0.0
46.5,67.000007823,0.0
49.5,67.000007823,0.0
52.5,67.000007823,0.0
55.5,67.000007823,0.0
58.5,67.000007823,0.0
61.5,67.000007823,0.0
64.5,67.000007823,0.0
67.5,67.000007823,0.0
70.5,67.000007823,0.0
73.5,67.000007823,0.0
76.5,67.000007823,0.0
79.5,67.000007823,0.0
82.5,67.000007823,0.0
85.5,67.000007823,0.0
88.5,67.000007823,0.0
91.5,67.000007823,0.0
94.5,67.000007823,0.0
97.5,67.000007823,0.0
100.5,67.000007823,0.0
103.5,67.000007823,0.0
106.5,67.000007823,0.0
109.5,67.000007823,0.0
112.5,67.000007823,0.0
115.5,67.000007823,0.0
118.5,67.000007823,0.0
121.5,67.000007823,0.0
124.5,67.000007823,0.0
127.5,67.000007823,0.0
130.5,67.000007823,0.0
133.5,67.000007823,0.0
136.5,67.000007823,0.0
139.5,67.000007823,0.0
142.5,67.000007823,0.0
145.5,67.000007823,0.0
148.5,67.000007823,0.0
151.5,67.000007823,0.0
154.5,67.000007823,0.0
157.5,67.000007823,0.0
160.5,67.000007823,0.0
163.5,67.000007823,0.0
166.5,67.000007823,0.0
169.5,67.000007823,0.0
172.5,67.000007823,0.0
175.5,67.000007823,0.0
178.5,67.000007823,0.0
-178.5,64.000007823,0.0
-175.5,64.000007823,0.0
-172.5,64.000007823,0.0
-169.5,64.000007823,0.0
-166.5,64.000007823,0.0
-163.5,64.000007823,0.0
-160.5,64.000007823,0.0
-157.5,64.000007823,0.0
-154.5,64.000007823,0.0
-151.5,64.000007823,0.0
-148.5,64.000007823,0.0
-145.5,64.000007823,0.0
-142.5,64.000007823,0.0
-139.5,64.000007823,0.0
-136.5,64.000007823,0.0
-133.5,64.000007823,0.0
-130.5,64.000007823,0.0
-127.5,64.000007823,0.0
-124.5,64.000007823,0.0
-121.5,64.000007823,0.0
-118.5,64.000007823,0.0
-115.5,64.000007823,0.0
-112.5,64.000007823,0.0
-109.5,64.000007823,0.0
-106.5,64.000007823,0.0
-103.5,64.000007823,0.0
-100.5,64.000007823,0.0
-97.5,64.000007823,0.0
-94.5,64.000007823,0.0
-91.5,64.000007823,0.0
-88.5,64.000007823,0.0
-85.5,64.000007823,0.0
-82.5,64.000007823,0.0
-79.5,64.000007823,0.0
-76.5,64.000007823,0.0
-73.5,64.000007823,0.0
-70.5,64.000007823,0.0
-67.5,64.000007823,0.0
-64.5,64.000007823,0.0
-61.5,64.000007823,0.0
-52.5,64.000007823,0.0
-49.5,64.000007823,0.0
-46.5,64.000007823,0.0
-43.5,64.000007823,0.0
-40.5,64.000007823,0.0
-25.5,64.000007823,0.0
-22.5,64.000007823,0.0
-19.5,64.000007823,0.0
-16.5,64.000007823,0.0
-13.5,64.000007823,0.0
7.5,64.000007823,0.0
10.5,64.000007823,0.0
13.5,64.000007823,0.0
16.5,64.000007823,0.0
19.5,64.000007823,0.0
22.5,64.000007823,0.0
25.5,64.000007823,0.0
28.5,64.000007823,0.0
31.5,64.000007823,0.0
34.5,64.000007823,0.0
37.5,64.000007823,0.0
40.5,64.000007823,0.0
43.5,64.000007823,0.0
46.5,64.000007823,0.0
49.5,64.000007823,0.0
52.5,64.000007823,0.0
55.5,64.000007823,0.0
58.5,64.000007823,0.0
61.5,64.000007823,0.0
64.5,64.000007823,0.0
67.5,64.000007823,0.0
70.5,64.000007823,0.0
73.5,64.000007823,0.0
76.5,64.000007823,0.0
79.5,64.000007823,0.0
82.5,64.000007823,0.0
85.5,64.000007823,0.0
88.5,64.000007823,0.0
91.5,64.000007823,0.0
94.5,64.000007823,0.0
97.5,64.000007823,0.0
100.5,64.000007823,0.0
103.5,64.000007823,0.0
106.5,64.000007823,0.0
109.5,64.000007823,0.0
112.5,64.000007823,0.0
115.5,64.000007823,0.0
118.5,64.000007823,0.0
121.5,64.000007823,0.0
124.5,64.000007823,0.0
127.5,64.000007823,0.0
130.5,64.000007823,0.0
133.5,64.000007823,0.0
136.5,64.000007823,0.0
139.5,64.000007823,0.0
142.5,64.000007823,0.0
145.5,64.000007823,0.0
148.5,64.000007823,0.0
151.5,64.000007823,0.0
154.5,64.000007823,0.0
157.5,64.000007823,0.0
160.5,64.000007823,0.0
163.5,64.000007823,0.0
166.5,64.000007823,0.0
169.5,64.000007823,0.0
172.5,64.000007823,0.0
175.5,64.000007823,0.0
178.5,64.000007823,0.0
-172.5,61.000007823,0.0
-166.5,61.000007823,0.0
-163.5,61.000007823,0.0
-160.5,61.000007823,0.0
-157.5,61.000007823,0.0
-154.5,61.000007823,0.0
-151.5,61.000007823,0.0
-148.5,61.000007823,0.0
-145.5,61.000007823,0.0
-142.5,61.000007823,0.0
-139.5,61.000007823,0.0
-136.5,61.000007823,0.0
-133.5,61.000007823,0.0
-130.5,61.000007823,0.0
-127.5,61.000007823,0.0
-124.5,61.000007823,0.0
-121.5,61.000007823,0.0
-118.5,61.000007823,0.0
-115.5,61.000007823,0.0
-112.5,61.000007823,0.0
-109.5,61.000007823,0.0
-106.5,61.000007823,0.0
-103.5,61.000007823,0.0
-100.5,61.000007823,0.0
-97.5,61.000007823,0.0
-94.5,61.000007823,0.0
-91.5,61.000007823,0.0
-82.5,61.000007823,0.0
-79.5,61.000007823,0.0
-76.5,61.000007823,0.0
-73.5,61.000007823,0.0
-70.5,61.000007823,0.0
-67.5,61.000007823,0.0
-64.5,61.000007823,0.0
-49.5,61.000007823,0.0
-46.5,61.000007823,0.0
-43.5,61.000007823,0.0
-7.5,61.000007823,0.0
-1.5,61.000007823,0.0
4.5,61.000007823,0.0
7.5,61.000007823,0.0
10.5,61.000007823,0.0
13.5,61.000007823,0.0
16.5,61.000007823,0.0
19.5,61.000007823,0.0
22.5,61.000007823,0.0
25.5,61.000007823,0.0
28.5,61.000007823,0.0
31.5,61.000007823,0.0
34.5,61.000007823,0.0
37.5,61.000007823,0.0
40.5,61.000007823,0.0
43.5,61.000007823,0.0
46.5,61.000007823,0.0
49.5,61.000007823,0.0
52.5,61.000007823,0.0
55.5,61.000007823,0.0
58.5,61.000007823,0.0
61.5,61.000007823,0.0
64.5,61.000007823,0.0
67.5,61.000007823,0.0
70.5,61.000007823,0.0
73.5,61.000007823,0.0
76.5,61.000007823,0.0
79.5,61.000007823,0.0
82.5,61.000007823,0.0
85.5,61.000007823,0.0
88.5,61.000007823,0.0
91.5,61.000007823,0.0
94.5,61.000007823,0.0
97.5,61.000007823,0.0
100.5,61.000007823,0.0
103.5,61.000007823,0.0
106.5,61.000007823,0.0
109.5,61.000007823,0.0
112.5,61.000007823,0.0
115.5,61.000007823,0.0
118.5,61.000007823,0.0
121.5,61.000007823,0.0
124.5,61.000007823,0.0
127.5,61.000007823,0.0
130.5,61.000007823,0.0
133.5,61.000007823,0.0
136.5,61.000007823,0.0
139.5,61.000007823,0.0
142.5,61.000007823,0.0
145.5,61.000007823,0.0
148.5,61.000007823,0.0
151.5,61.000007823,0.0
154.5,61.000007823,0.0
157.5,61.000007823,0.0
160.5,61.000007823,0.0
163.5,61.000007823,0.0
166.5,61.000007823,0.0
169.5,61.000007823,0.0
172.5,61.000007823,0.0
175.5,61.000007823,0.0
178.5,61.000007823,0.0
-169.5,58.000007823,0.0
-160.5,58.000007823,0.0
-157.5,58.000007823,0.0
-154.5,58.000007823,0.0
-151.5,58.000007823,0.0
-145.5,58.000007823,0.0
-139.5,58.000007823,0.0
-136.5,58.000007823,0.0
-133.5,58.000007823,0.0
-130.5,58.000007823,0.0
-127.5,58.000007823,0.0
-124.5,58.000007823,0.0
-121.5,58.000007823,0.0
-118.5,58.000007823,0.0
-115.5,58.000007823,0.0
-112.5,58.000007823,0.0
-109.5,58.000007823,0.0
-106.5,58.000007823,0.0
-103.5,58.000007823,0.0
-100.5,58.000007823,0.0
-97.5,58.000007823,0.0
-94.5,58.000007823,0.0
-91.5,58.000007823,0.0
-88.5,58.000007823,0.0
-79.5,58.000007823,0.0
-76.5,58.000007823,0.0
-73.5,58.000007823,0.0
-70.5,58.000007823,0.0
-67.5,58.000007823,0.0
-64.5,58.000007823,0.0
-61.5,58.000007823,0.0
-7.5,58.000007823,0.0
-4.5,58.000007823,0.0
-1.5,58.000007823,0.0
4.5,58.000007823,0.0
7.5,58.000007823,0.0
10.5,58.000007823,0.0
13.5,58.000007823,0.0
16.5,58.000007823,0.0
19.5,58.000007823,0.0
22.5,58.000007823,0.0
25.5,58.000007823,0.0
28.5,58.000007823,0.0
31.5,58.000007823,0.0
34.5,58.000007823,0.0
37.5,58.000007823,0.0
40.5,58.000007823,0.0
43.5,58.000007823,0.0
46.5,58.000007823,0.0
49.5,58.000007823,0.0
52.5,58.000007823,0.0
55.5,58.000007823,0.0
58.5,58.000007823,0.0
61.5,58.000007823,0.0
64.5,58.000007823,0.0
67.5,58.000007823,0.0
70.5,58.000007823,0.0
73.5,58.000007823,0.0
76.5,58.000007823,0.0
79.5,58.000007823,0.0
82.5,58.000007823,0.0
85.5,58.000007823,0.0
88.5,58.000007823,0.0
91.5,58.000007823,0.0
94.5,58.000007823,0.0
97.5,58.000007823,0.0
100.5,58.000007823,0.0
103.5,58.000007823,0.0
106.5,58.000007823,0.0
109.5,58.000007823,0.0
112.5,58.000007823,0.0
115.5,58.000007823,0.0
118.5,58.000007823,0.0
121.5,58.000007823,0.0
124.5,58.000007823,0.0
127.5,58.000007823,0.0
130.5,58.000007823,0.0
133.5,58.000007823,0.0
136.5,58.000007823,0.0
139.5,58.000007823,0.0
142.5,58.000007823,0.0
145.5,58.000007823,0.0
148.5,58.000007823,0.0
151.5,58.000007823,0.0
154.5,58.000007823,0.0
157.5,58.000007823,0.0
160.5,58.000007823,0.0
163.5,58.000007823,0.0
-166.5,55.000007823,0.0
-163.5,55.000007823,0.0
-160.5,55.000007823,0.0
-157.5,55.000007823,0.0
-154.5,55.000007823,0.0
-133.5,55.000007823,0.0
-130.5,55.000007823,0.0
-127.5,55.000007823,0.0
-124.5,55.000007823,0.0
-121.5,55.000007823,0.0
-118.5,55.000007823,0.0
-115.5,55.000007823,0.0
-112.5,55.000007823,0.0
-109.5,55.000007823,0.0
-106.5,55.000007823,0.0
-103.5,55.000007823,0.0
-100.5,55.000007823,0.0
-97.5,55.000007823,0.0
-94.5,55.000007823,0.0
-91.5,55.000007823,0.0
-88.5,55.000007823,0.0
-85.5,55.000007823,0.0
-82.5,55.000007823,0.0
-79.5,55.000007823,0.0
-76.5,55.000007823,0.0
-73.5,55.000007823,0.0
-70.5,55.000007823,0.0
-67.5,55.000007823,0.0
-64.5,55.000007823,0.0
-61.5,55.000007823,0.0
-58.5,55.000007823,0.0
-55.5,55.000007823,0.0
-10.5,55.000007823,0.0
-7.5,55.000007823,0.0
-4.5,55.000007823,0.0
-1.5,55.000007823,0.0
7.5,55.000007823,0.0
10.5,55.000007823,0.0
13.5,55.000007823,0.0
16.5,55.000007823,0.0
19.5,55.000007823,0.0
22.5,55.000007823,0.0
25.5,55.000007823,0.0
28.5,55.000007823,0.0
31.5,55.000007823,0.0
34.5,55.000007823,0.0
37.5,55.000007823,0.0
40.5,55.000007823,0.0
43.5,55.000007823,0.0
46.5,55.000007823,0.0
49.5,55.000007823,0.0
52.5,55.000007823,0.0
55.5,55.000007823,0.0
58.5,55.000007823,0.0
61.5,55.000007823,0.0
64.5,55.000007823,0.0
67.5,55.000007823,0.0
70.5,55.000007823,0.0
73.5,55.000007823,0.0
76.5,55.000007823,0.0
79.5,55.000007823,0.0
82.5,55.000007823,0.0
85.5,55.000007823,0.0
88.5,55.000007823,0.0
91.5,55.000007823,0.0
94.5,55.000007823,0.0
97.5,55.000007823,0.0
100.5,55.000007823,0.0
103.5,55.000007823,0.0
106.5,55.000007823,0.0
109.5,55.000007823,0.0
112.5,55.000007823,0.0
115.5,55.000007823,0.0
118.5,55.000007823,0.0
121.5,55.000007823,0.0
124.5,55.000007823,0.0
127.5,55.000007823,0.0
130.5,55.000007823,0.0
133.5,55.000007823,0.0
136.5,55.000007823,0.0
139.5,55.000007823,0.0
142.5,55.000007823,0.0
154.5,55.000007823,0.0
157.5,55.000007823,0.0
160.5,55.000007823,0.0
163.5,55.000007823,0.0
166.5,55.000007823,0.0
-178.5,52.000007823,0.0
-175.5,52.000007823,0.0
-172.5,52.000007823,0.0
-169.5,52.000007823,0.0
-166.5,52.000007823,0.0
-133.5,52.000007823,0.0
-130.5,52.000007823,0.0
-127.5,52.000007823,0.0
-124.5,52.000007823,0.0
-121.5,52.000007823,0.0
-118.5,52.000007823,0.0
-115.5,52.000007823,0.0
-112.5,52.000007823,0.0
-109.5,52.000007823,0.0
-106.5,52.000007823,0.0
-103.5,52.000007823,0.0
-100.5,52.000007823,0.0
-97.5,52.000007823,0.0
-94.5,52.000007823,0.0
-91.5,52.000007823,0.0
-88.5,52.000007823,0.0
-85.5,52.000007823,0.0
-82.5,52.000007823,0.0
-79.5,52.000007823,0.0
-76.5,52.000007823,0.0
-73.5,52.000007823,0.0
-70.5,52.000007823,0.0
-67.5,52.000007823,0.0
-64.5,52.000007823,0.0
-61.5,52.000007823,0.0
-58.5,52.000007823,0.0
-55.5,52.000007823,0.0
-10.5,52.000007823,0.0
-7.5,52.000007823,0.0
-4.5,52.000007823,0.0
-1.5,52.000007823,0.0
1.5,52.000007823,0.0
4.5,52.000007823,0.0
7.5,52.000007823,0.0
10.5,52.000007823,0.0
13.5,52.000007823,0.0
16.5,52.000007823,0.0
19.5,52.000007823,0.0
22.5,52.000007823,0.0
25.5,52.000007823,0.0
28.5,52.000007823,0.0
31.5,52.000007823,0.0
34.5,52.000007823,0.0
37.5,52.000007823,0.0
40.5,52.000007823,0.0
43.5,52.000007823,0.0
46.5,52.000007823,0.0
49.5,52.000007823,0.0
52.5,52.000007823,0.0
55.5,52.000007823,0.0
58.5,52.000007823,0.0
61.5,52.000007823,0.0
64.5,52.000007823,0.0
67.5,52.000007823,0.0
70.5,52.000007823,0.0
73.5,52.000007823,0.0
76.5,52.000007823,0.0
79.5,52.000007823,0.0
82.5,52.000007823,0.0
85.5,52.000007823,0.0
88.5,52.000007823,0.0
91.5,52.000007823,0.0
94.5,52.000007823,0.0
97.5,52.000007823,0.0
100.5,52.000007823,0.0
103.5,52.000007823,0.0
106.5,52.000007823,0.0
109.5,52.000007823,0.0
112.5,52.000007823,0.0
115.5,52.000007823,0.0
118.5,52.000007823,0.0
121.5,52.000007823,0.0
124.5,52.000007823,0.0
127.5,52.000007823,0.0
130.5,52.000007823,0.0
133.5,52.000007823,0.0
136.5,52.000007823,0.0
139.5,52.000007823,0.0
142.5,52.000007823,0.0
154.5,52.000007823,0.0
157.5,52.000007823,0.0
160.5,52.000007823,0.0
172.5,52.000007823,0.0
178.5,52.000007823,0.0
-127.5,49.000007823,0.0
-124.5,49.000007823,0.0
-121.5,49.000007823,0.0
-118.5,49.000007823,0.0
-115.5,49.000007823,0.0
-112.5,49.000007823,0.0
-109.5,49.000007823,0.0
-106.5,49.000007823,0.0
-103.5,49.000007823,0.0
-100.5,49.000007823,0.0
-97.5,49.000007823,0.0
-94.5,49.000007823,0.0
-91.5,49.000007823,0.0
-88.5,49.000007823,0.0
-85.5,49.000007823,0.0
-82.5,49.000007823,0.0
-79.5,49.000007823,0.0
-76.5,49.000007823,0.0
-73.5,49.000007823,0.0
-70.5,49.000007823,0.0
-67.5,49.000007823,0.0
-64.5,49.000007823,0.0
-61.5,49.000007823,0.0
-58.5,49.000007823,0.0
-55.5,49.000007823,0.0
-52.5,49.000007823,0.0
-7.5,49.000007823,0.0
-4.5,49.000007823,0.0
-1.5,49.000007823,0.0
1.5,49.000007823,0.0
4.5,49.000007823,0.0
7.5,49.000007823,0.0
10.5,49.000007823,0.0
13.5,49.000007823,0.0
16.5,49.000007823,0.0
19.5,49.000007823,0.0
22.5,49.000007823,0.0
25.5,49.000007823,0.0
28.5,49.000007823,0.0
31.5,49.000007823,0.0
34.5,49.000007823,0.0
37.5,49.000007823,0.0
40.5,49.000007823,0.0
43.5,49.000007823,0.0
46.5,49.000007823,0.0
49.5,49.000007823,0.0
52.5,49.000007823,0.0
55.5,49.000007823,0.0
58.5,49.000007823,0.0
61.5,49.000007823,0.0
64.5,49.000007823,0.0
67.5,49.000007823,0.0
70.5,49.000007823,0.0
73.5,49.000007823,0.0
76.5,49.000007823,0.0
79.5,49.000007823,0.0
82.5,49.000007823,0.0
85.5,49.000007823,0.0
88.5,49.000007823,0.0
91.5,49.000007823,0.0
94.5,49.000007823,0.0
97.5,49.000007823,0.0
100.5,49.000007823,0.0
103.5,49.000007823,0.0
106.5,49.000007823,0.0
109.5,49.000007823,0.0
112.5,49.000007823,0.0
115.5,49.000007823,0.0
118.5,49.000007823,0.0
121.5,49.000007823,0.0
124.5,49.000007823,0.0
127.5,49.000007823,0.0
130.5,49.000007823,0.0
133.5,49.000007823,0.0
136.5,49.000007823,0.0
139.5,49.000007823,0.0
142.5,49.000007823,0.0
145.5,49.000007823,0.0
154.5,49.000007823,0.0
-124.5,46.000007823,0.0
-121.5,46.000007823,0.0
-118.5,46.000007823,0.0
-115.5,46.000007823,0.0
-112.5,46.000007823,0.0
-109.5,46.000007823,0.0
-106.5,46.000007823,0.0
-103.5,46.000007823,0.0
-100.5,46.000007823,0.0
-97.5,46.000007823,0.0
-94.5,46.000007823,0.0
-91.5,46.000007823,0.0
-88.5,46.000007823,0.0
-85.5,46.000007823,0.0
-82.5,46.000007823,0.0
-79.5,46.000007823,0.0
-76.5,46.000007823,0.0
-73.5,46.000007823,0.0
-70.5,46.000007823,0.0
-67.5,46.000007823,0.0
-64.5,46.000007823,0.0
-61.5,46.000007823,0.0
-58.5,46.000007823,0.0
-55.5,46.000007823,0.0
-52.5,46.000007823,0.0
-4.5,46.000007823,0.0
-1.5,46.000007823,0.0
1.5,46.000007823,0.0
4.5,46.000007823,0.0
7.5,46.000007823,0.0
10.5,46.000007823,0.0
13.5,46.000007823,0.0
16.5,46.000007823,0.0
19.5,46.000007823,0.0
22.5,46.000007823,0.0
25.5,46.000007823,0.0
28.5,46.000007823,0.0
31.5,46.000007823,0.0
34.5,46.000007823,0.0
37.5,46.000007823,0.0
40.5,46.000007823,0.0
43.5,46.000007823,0.0
46.5,46.000007823,0.0
49.5,46.000007823,0.0
52.5,46.000007823,0.0
55.5,46.000007823,0.0
58.5,46.000007823,0.0
61.5,46.000007823,0.0
64.5,46.000007823,0.0
67.5,46.000007823,0.0
70.5,46.000007823,0.0
73.5,46.000007823,0.0
76.5,46.000007823,0.0
79.5,46.000007823,0.0
82.5,46.000007823,0.0
85.5,46.000007823,0.0
88.5,46.000007823,0.0
91.5,46.000007823,0.0
94.5,46.000007823,0.0
97.5,46.000007823,0.0
100.5,46.000007823,0.0
103.5,46.000007823,0.0
106.5,46.000007823,0.0
109.5,46.000007823,0.0
112.5,46.000007823,0.0
115.5,46.000007823,0.0
118.5,46.000007823,0.0
121.5,46.000007823,0.0
124.5,46.000007823,0.0
127.5,46.000007823,0.0
130.5,46.000007823,0.0
133.5,46.000007823,0.0
136.5,46.000007823,0.0
139.5,46.000007823,0.0
142.5,46.000007823,0.0
148.5,46.000007823,0.0
151.5,46.000007823,0.0
-124.5,43.000007823,0.0
-121.5,43.000007823,0.0
-118.5,43.000007823,0.0
-115.5,43.000007823,0.0
-112.5,43.000007823,0.0
-109.5,43.000007823,0.0
-106.5,43.000007823,0.0
-103.5,43.000007823,0.0
-100.5,43.000007823,0.0
-97.5,43.000007823,0.0
-94.5,43.000007823,0.0
-91.5,43.000007823,0.0
-88.5,43.000007823,0.0
-85.5,43.000007823,0.0
-82.5,43.000007823,0.0
-79.5,43.000007823,0.0
-76.5,43.000007823,0.0
-73.5,43.000007823,0.0
-70.5,43.000007823,0.0
-67.5,43.000007823,0.0
-64.5,43.000007823,0.0
-58.5,43.000007823,0.0
-10.5,43.000007823,0.0
-7.5,43.000007823,0.0
-4.5,43.000007823,0.0
-1.5,43.000007823,0.0
1.5,43.000007823,0.0
4.5,43.000007823,0.0
7.5,43.000007823,0.0
10.5,43.000007823,0.0
13.5,43.000007823,0.0
16.5,43.000007823,0.0
19.5,43.000007823,0.0
22.5,43.000007823,0.0
25.5,43.000007823,0.0
28.5,43.000007823,0.0
31.5,43.000007823,0.0
34.5,43.000007823,0.0
37.5,43.000007823,0.0
40.5,43.000007823,0.0
43.5,43.000007823,0.0
46.5,43.000007823,0.0
49.5,43.000007823,0.0
52.5,43.000007823,0.0
55.5,43.000007823,0.0
58.5,43.000007823,0.0
61.5,43.000007823,0.0
64.5,43.000007823,0.0
67.5,43.000007823,0.0
70.5,43.000007823,0.0
73.5,43.000007823,0.0
76.5,43.000007823,0.0
79.5,43.000007823,0.0
82.5,43.000007823,0.0
85.5,43.000007823,0.0
88.5,43.000007823,0.0
91.5,43.000007823,0.0
94.5,43.000007823,0.0
97.5,43.000007823,0.0
100.5,43.000007823,0.0
103.5,43.000007823,0.0
106.5,43.000007823,0.0
109.5,43.000007823,0.0
112.5,43.000007823,0.0
115.5,43.000007823,0.0
118.5,43.000007823,0.0
121.5,43.000007823,0.0
124.5,43.000007823,0.0
127.5,43.000007823,0.0
130.5,43.000007823,0.0
133.5,43.000007823,0.0
136.5,43.000007823,0.0
139.5,43.000007823,0.0
142.5,43.000007823,0.0
145.5,43.000007823,0.0
-124.5,40.000007823,0.0
-121.5,40.000007823,0.0
-118.5,40.000007823,0.0
-115.5,40.000007823,0.0
-112.5,40.000007823,0.0
-109.5,40.000007823,0.0
-106.5,40.000007823,0.0
-103.5,40.000007823,0.0
-100.5,40.000007823,0.0
-97.5,40.000007823,0.0
-94.5,40.000007823,0.0
-91.5,40.000007823,0.0
-88.5,40.000007823,0.0
-85.5,40.000007823,0.0
-82.5,40.000007823,0.0
-79.5,40.000007823,0.0
-76.5,40.000007823,0.0
-73.5,40.000007823,0.0
-70.5,40.000007823,0.0
-28.5,40.000007823,0.0
-10.5,40.000007823,0.0
-7.5,40.000007823,0.0
-4.5,40.000007823,0.0
-1.5,40.000007823,0.0
1.5,40.000007823,0.0
4.5,40.000007823,0.0
7.5,40.000007823,0.0
10.5,40.000007823,0.0
13.5,40.000007823,0.0
16.5,40.000007823,0.0
19.5,40.000007823,0.0
22.5,40.000007823,0.0
25.5,40.000007823,0.0
28.5,40.000007823,0.0
31.5,40.000007823,0.0
34.5,40.000007823,0.0
37.5,40.000007823,0.0
40.5,40.000007823,0.0
43.5,40.000007823,0.0
46.5,40.000007823,0.0
49.5,40.000007823,0.0
52.5,40.000007823,0.0
55.5,40.000007823,0.0
58.5,40.000007823,0.0
61.5,40.000007823,0.0
64.5,40.000007823,0.0
67.5,40.000007823,0.0
70.5,40.000007823,0.0
73.5,40.000007823,0.0
76.5,40.000007823,0.0
79.5,40.000007823,0.0
82.5,40.000007823,0.0
85.5,40.000007823,0.0
88.5,40.000007823,0.0
91.5,40.000007823,0.0
94.5,40.000007823,0.0
97.5,40.000007823,0.0
100.5,40.000007823,0.0
103.5,40.000007823,0.0
106.5,40.000007823,0.0
109.5,40.000007823,0.0
112.5,40.000007823,0.0
115.5,40.000007823,0.0
118.5,40.000007823,0.0
121.5,40.000007823,0.0
124.5,40.000007823,0.0
127.5,40.000007823,0.0
130.5,40.000007823,0.0
139.5,40.000007823,0.0
142.5,40.000007823,0.0
-121.5,37.000007823,0.0
-118.5,37.000007823,0.0
-115.5,37.000007823,0.0
-112.5,37.000007823,0.0
-109.5,37.000007823,0.0
-106.5,37.000007823,0.0
-103.5,37.000007823,0.0
-100.5,37.000007823,0.0
-97.5,37.000007823,0.0
-94.5,37.000007823,0.0
-91.5,37.000007823,0.0
-88.5,37.000007823,0.0
-85.5,37.000007823,0.0
-82.5,37.000007823,0.0
-79.5,37.000007823,0.0
-76.5,37.000007823,0.0
-28.5,37.000007823,0.0
-25.5,37.000007823,0.0
-7.5,37.000007823,0.0
-4.5,37.000007823,0.0
-1.5,37.000007823,0.0
1.5,37.000007823,0.0
4.5,37.000007823,0.0
7.5,37.000007823,0.0
10.5,37.000007823,0.0
13.5,37.000007823,0.0
16.5,37.000007823,0.0
19.5,37.000007823,0.0
22.5,37.000007823,0.0
25.5,37.000007823,0.0
28.5,37.000007823,0.0
31.5,37.000007823,0.0
34.5,37.000007823,0.0
37.5,37.000007823,0.0
40.5,37.000007823,0.0
43.5,37.000007823,0.0
46.5,37.000007823,0.0
49.5,37.000007823,0.0
52.5,37.000007823,0.0
55.5,37.000007823,0.0
58.5,37.000007823,0.0
61.5,37.000007823,0.0
64.5,37.000007823,0.0
67.5,37.000007823,0.0
70.5,37.000007823,0.0
73.5,37.000007823,0.0
76.5,37.000007823,0.0
79.5,37.000007823,0.0
82.5,37.000007823,0.0
85.5,37.000007823,0.0
88.5,37.000007823,0.0
91.5,37.000007823,0.0
94.5,37.000007823,0.0
97.5,37.000007823,0.0
100.5,37.000007823,0.0
103.5,37.000007823,0.0
106.5,37.000007823,0.0
109.5,37.000007823,0.0
112.5,37.000007823,0.0
115.5,37.000007823,0.0
118.5,37.000007823,0.0
121.5,37.000007823,0.0
124.5,37.000007823,0.0
127.5,37.000007823,0.0
130.5,37.000007823,0.0
133.5,37.000007823,0.0
136.5,37.000007823,0.0
139.5,37.000007823,0.0
142.5,37.000007823,0.0
-121.5,34.000007823,0.0
-118.5,34.000007823,0.0
-115.5,34.000007823,0.0
-112.5,34.000007823,0.0
-109.5,34.000007823,0.0
-106.5,34.000007823,0.0
-103.5,34.000007823,0.0
-100.5,34.000007823,0.0
-97.5,34.000007823,0.0
-94.5,34.000007823,0.0
-91.5,34.000007823,0.0
-88.5,34.000007823,0.0
-85.5,34.000007823,0.0
-82.5,34.000007823,0.0
-79.5,34.000007823,0.0
-76.5,34.000007823,0.0
-16.5,34.000007823,0.0
-7.5,34.000007823,0.0
-4.5,34.000007823,0.0
-1.5,34.000007823,0.0
1.5,34.000007823,0.0
4.5,34.000007823,0.0
7.5,34.000007823,0.0
10.5,34.000007823,0.0
13.5,34.000007823,0.0
22.5,34.000007823,0.0
25.5,34.000007823,0.0
28.5,34.000007823,0.0
31.5,34.000007823,0.0
34.5,34.000007823,0.0
37.5,34.000007823,0.0
40.5,34.000007823,0.0
43.5,34.000007823,0.0
46.5,34.000007823,0.0
49.5,34.000007823,0.0
52.5,34.000007823,0.0
55.5,34.000007823,0.0
58.5,34.000007823,0.0
61.5,34.000007823,0.0
64.5,34.000007823,0.0
67.5,34.000007823,0.0
70.5,34.000007823,0.0
73.5,34.000007823,0.0
76.5,34.000007823,0.0
79.5,34.000007823,0.0
82.5,34.000007823,0.0
85.5,34.000007823,0.0
88.5,34.000007823,0.0
91.5,34.000007823,0.0
94.5,34.000007823,0.0
97.5,34.000007823,0.0
100.5,34.000007823,0.0
103.5,34.000007823,0.0
106.5,34.000007823,0.0
109.5,34.000007823,0.0
112.5,34.000007823,0.0
115.5,34.000007823,0.0
118.5,34.000007823,0.0
121.5,34.000007823,0.0
124.5,34.000007823,0.0
127.5,34.000007823,0.0
130.5,34.000007823,0.0
133.5,34.000007823,0.0
136.5,34.000007823,0.0
139.5,34.000007823,0.0
-115.5,31.000007823,0.0
-112.5,31.000007823,0.0
-109.5,31.000007823,0.0
-106.5,31.000007823,0.0
-103.5,31.000007823,0.0
-100.5,31.000007823,0.0
-97.5,31.000007823,0.0
-94.5,31.000007823,0.0
-91.5,31.000007823,0.0
-88.5,31.000007823,0.0
-85.5,31.000007823,0.0
-82.5,31.000007823,0.0
-79.5,31.000007823,0.0
-64.5,31.000007823,0.0
-10.5,31.000007823,0.0
-7.5,31.000007823,0.0
-4.5,31.000007823,0.0
-1.5,31.000007823,0.0
1.5,31.000007823,0.0
4.5,31.000007823,0.0
7.5,31.000007823,0.0
10.5,31.000007823,0.0
13.5,31.000007823,0.0
16.5,31.000007823,0.0
19.5,31.000007823,0.0
22.5,31.000007823,0.0
25.5,31.000007823,0.0
28.5,31.000007823,0.0
31.5,31.000007823,0.0
34.5,31.000007823,0.0
37.5,31.000007823,0.0
40.5,31.000007823,0.0
43.5,31.000007823,0.0
46.5,31.000007823,0.0
49.5,31.000007823,0.0
52.5,31.000007823,0.0
55.5,31.000007823,0.0
58.5,31.000007823,0.0
61.5,31.000007823,0.0
64.5,31.000007823,0.0
67.5,31.000007823,0.0
70.5,31.000007823,0.0
73.5,31.000007823,0.0
76.5,31.000007823,0.0
79.5,31.000007823,0.0
82.5,31.000007823,0.0
85.5,31.000007823,0.0
88.5,31.000007823,0.0
91.5,31.000007823,0.0
94.5,31.000007823,0.0
97.5,31.000007823,0.0
100.5,31.000007823,0.0
103.5,31.000007823,0.0
106.5,31.000007823,0.0
109.5,31.000007823,0.0
112.5,31.000007823,0.0
115.5,31.000007823,0.0
118.5,31.000007823,0.0
121.5,31.000007823,0.0
130.5,31.000007823,0.0
-178.5,28.000007823,0.0
-118.5,28.000007823,0.0
-115.5,28.000007823,0.0
-112.5,28.000007823,0.0
-109.5,28.000007823,0.0
-106.5,28.000007823,0.0
-103.5,28.000007823,0.0
-100.5,28.000007823,0.0
-97.5,28.000007823,0.0
-94.5,28.000007823,0.0
-91.5,28.000007823,0.0
-88.5,28.000007823,0.0
-82.5,28.000007823,0.0
-79.5,28.000007823,0.0
-76.5,28.000007823,0.0
-16.5,28.000007823,0.0
-13.5,28.000007823,0.0
-10.5,28.000007823,0.0
-7.5,28.000007823,0.0
-4.5,28.000007823,0.0
-1.5,28.000007823,0.0
1.5,28.000007823,0.0
4.5,28.000007823,0.0
7.5,28.000007823,0.0
10.5,28.000007823,0.0
13.5,28.000007823,0.0
16.5,28.000007823,0.0
19.5,28.000007823,0.0
22.5,28.000007823,0.0
25.5,28.000007823,0.0
28.5,28.000007823,0.0
31.5,28.000007823,0.0
34.5,28.000007823,0.0
37.5,28.000007823,0.0
40.5,28.000007823,0.0
43.5,28.000007823,0.0
46.5,28.000007823,0.0
49.5,28.000007823,0.0
52.5,28.000007823,0.0
55.5,28.000007823,0.0
58.5,28.000007823,0.0
61.5,28.000007823,0.0
64.5,28.000007823,0.0
67.5,28.000007823,0.0
70.5,28.000007823,0.0
73.5,28.000007823,0.0
76.5,28.000007823,0.0
79.5,28.000007823,0.0
82.5,28.000007823,0.0
85.5,28.000007823,0.0
88.5,28.000007823,0.0
91.5,28.000007823,0.0
94.5,28.000007823,0.0
97.5,28.000007823,0.0
100.5,28.000007823,0.0
103.5,28.000007823,0.0
106.5,28.000007823,0.0
109.5,28.000007823,0.0
112.5,28.000007823,0.0
115.5,28.000007823,0.0
118.5,28.000007823,0.0
121.5,28.000007823,0.0
127.5,28.000007823,0.0
130.5,28.000007823,0.0
142.5,28.000007823,0.0
-172.5,25.000007823,0.0
-112.5,25.000007823,0.0
-109.5,25.000007823,0.0
-106.5,25.000007823,0.0
-103.5,25.000007823,0.0
-100.5,25.000007823,0.0
-97.5,25.000007823,0.0
-82.5,25.000007823,0.0
-79.5,25.000007823,0.0
-76.5,25.000007823,0.0
-73.5,25.000007823,0.0
-16.5,25.000007823,0.0
-13.5,25.000007823,0.0
-10.5,25.000007823,0.0
-7.5,25.000007823,0.0
-4.5,25.000007823,0.0
-1.5,25.000007823,0.0
1.5,25.000007823,0.0
4.5,25.000007823,0.0
7.5,25.000007823,0.0
10.5,25.000007823,0.0
13.5,25.000007823,0.0
16.5,25.000007823,0.0
19.5,25.000007823,0.0
22.5,25.000007823,0.0
25.5,25.000007823,0.0
28.5,25.000007823,0.0
31.5,25.000007823,0.0
34.5,25.000007823,0.0
37.5,25.000007823,0.0
40.5,25.000007823,0.0
43.5,25.000007823,0.0
46.5,25.000007823,0.0
49.5,25.000007823,0.0
52.5,25.000007823,0.0
55.5,25.000007823,0.0
58.5,25.000007823,0.0
61.5,25.000007823,0.0
64.5,25.000007823,0.0
67.5,25.000007823,0.0
70.5,25.000007823,0.0
73.5,25.000007823,0.0
76.5,25.000007823,0.0
79.5,25.000007823,0.0
82.5,25.000007823,0.0
85.5,25.000007823,0.0
88.5,25.000007823,0.0
91.5,25.000007823,0.0
94.5,25.000007823,0.0
97.5,25.000007823,0.0
100.5,25.000007823,0.0
103.5,25.000007823,0.0
106.5,25.000007823,0.0
109.5,25.000007823,0.0
112.5,25.000007823,0.0
115.5,25.000007823,0.0
118.5,25.000007823,0.0
121.5,25.000007823,0.0
124.5,25.000007823,0.0
127.5,25.000007823,0.0
130.5,25.000007823,0.0
142.5,25.000007823,0.0
-160.5,22.000007823,0.0
-157.5,22.000007823,0.0
-109.5,22.000007823,0.0
-106.5,22.000007823,0.0
-103.5,22.000007823,0.0
-100.5,22.000007823,0.0
-97.5,22.000007823,0.0
-91.5,22.000007823,0.0
-88.5,22.000007823,0.0
-85.5,22.000007823,0.0
-82.5,22.000007823,0.0
-79.5,22.000007823,0.0
-76.5,22.000007823,0.0
-73.5,22.000007823,0.0
-70.5,22.000007823,0.0
-16.5,22.000007823,0.0
-13.5,22.000007823,0.0
-10.5,22.000007823,0.0
-7.5,22.000007823,0.0
-4.5,22.000007823,0.0
-1.5,22.000007823,0.0
1.5,22.000007823,0.0
4.5,22.000007823,0.0
7.5,22.000007823,0.0
10.5,22.000007823,0.0
13.5,22.000007823,0.0
16.5,22.000007823,0.0
19.5,22.000007823,0.0
22.5,22.000007823,0.0
25.5,22.000007823,0.0
28.5,22.000007823,0.0
31.5,22.000007823,0.0
34.5,22.000007823,0.0
37.5,22.000007823,0.0
40.5,22.000007823,0.0
43.5,22.000007823,0.0
46.5,22.000007823,0.0
49.5,22.000007823,0.0
52.5,22.000007823,0.0
55.5,22.000007823,0.0
58.5,22.000007823,0.0
67.5,22.000007823,0.0
70.5,22.000007823,0.0
73.5,22.000007823,0.0
76.5,22.000007823,0.0
79.5,22.000007823,0.0
82.5,22.000007823,0.0
85.5,22.000007823,0.0
88.5,22.000007823,0.0
91.5,22.000007823,0.0
94.5,22.000007823,0.0
97.5,22.000007823,0.0
100.5,22.000007823,0.0
103.5,22.000007823,0.0
106.5,22.000007823,0.0
109.5,22.000007823,0.0
112.5,22.000007823,0.0
115.5,22.000007823,0.0
118.5,22.000007823,0.0
121.5,22.000007823,0.0
-154.5,19.000007823,0.0
-109.5,19.000007823,0.0
-106.5,19.000007823,0.0
-103.5,19.000007823,0.0
-100.5,19.000007823,0.0
-97.5,19.000007823,0.0
-94.5,19.000007823,0.0
-91.5,19.000007823,0.0
-88.5,19.000007823,0.0
-85.5,19.000007823,0.0
-82.5,19.000007823,0.0
-79.5,19.000007823,0.0
-76.5,19.000007823,0.0
-73.5,19.000007823,0.0
-70.5,19.000007823,0.0
-67.5,19.000007823,0.0
-64.5,19.000007823,0.0
-61.5,19.000007823,0.0
-16.5,19.000007823,0.0
-13.5,19.000007823,0.0
-10.5,19.000007823,0.0
-7.5,19.000007823,0.0
-4.5,19.000007823,0.0
-1.5,19.000007823,0.0
1.5,19.000007823,0.0
4.5,19.000007823,0.0
7.5,19.000007823,0.0
10.5,19.000007823,0.0
13.5,19.000007823,0.0
16.5,19.000007823,0.0
19.5,19.000007823,0.0
22.5,19.000007823,0.0
25.5,19.000007823,0.0
28.5,19.000007823,0.0
31.5,19.000007823,0.0
34.5,19.000007823,0.0
37.5,19.000007823,0.0
40.5,19.000007823,0.0
43.5,19.000007823,0.0
46.5,19.000007823,0.0
49.5,19.000007823,0.0
52.5,19.000007823,0.0
55.5,19.000007823,0.0
58.5,19.000007823,0.0
73.5,19.000007823,0.0
76.5,19.000007823,0.0
79.5,19.000007823,0.0
82.5,19.000007823,0.0
85.5,19.000007823,0.0
91.5,19.000007823,0.0
94.5,19.000007823,0.0
97.5,19.000007823,0.0
100.5,19.000007823,0.0
103.5,19.000007823,0.0
106.5,19.000007823,0.0
109.5,19.000007823,0.0
112.5,19.000007823,0.0
121.5,19.000007823,0.0
145.5,19.000007823,0.0
-100.5,16.000007823,0.0
-97.5,16.000007823,0.0
-94.5,16.000007823,0.0
-91.5,16.000007823,0.0
-88.5,16.000007823,0.0
-85.5,16.000007823,0.0
-82.5,16.000007823,0.0
-61.5,16.000007823,0.0
-25.5,16.000007823,0.0
-22.5,16.000007823,0.0
-16.5,16.000007823,0.0
-13.5,16.000007823,0.0
-10.5,16.000007823,0.0
-7.5,16.000007823,0.0
-4.5,16.000007823,0.0
-1.5,16.000007823,0.0
1.5,16.000007823,0.0
4.5,16.000007823,0.0
7.5,16.000007823,0.0
10.5,16.000007823,0.0
13.5,16.000007823,0.0
16.5,16.000007823,0.0
19.5,16.000007823,0.0
22.5,16.000007823,0.0
25.5,16.000007823,0.0
28.5,16.000007823,0.0
31.5,16.000007823,0.0
34.5,16.000007823,0.0
37.5,16.000007823,0.0
40.5,16.000007823,0.0
43.5,16.000007823,0.0
46.5,16.000007823,0.0
49.5,16.000007823,0.0
52.5,16.000007823,0.0
55.5,16.000007823,0.0
73.5,16.000007823,0.0
76.5,16.000007823,0.0
79.5,16.000007823,0.0
82.5,16.000007823,0.0
94.5,16.000007823,0.0
97.5,16.000007823,0.0
100.5,16.000007823,0.0
103.5,16.000007823,0.0
106.5,16.000007823,0.0
109.5,16.000007823,0.0
112.5,16.000007823,0.0
118.5,16.000007823,0.0
121.5,16.000007823,0.0
145.5,16.000007823,0.0
-91.5,13.000007823,0.0
-88.5,13.000007823,0.0
-85.5,13.000007823,0.0
-82.5,13.000007823,0.0
-73.5,13.000007823,0.0
-70.5,13.000007823,0.0
-67.5,13.000007823,0.0
-61.5,13.000007823,0.0
-16.5,13.000007823,0.0
-13.5,13.000007823,0.0
-10.5,13.000007823,0.0
-7.5,13.000007823,0.0
-4.5,13.000007823,0.0
-1.5,13.000007823,0.0
1.5,13.000007823,0.0
4.5,13.000007823,0.0
7.5,13.000007823,0.0
10.5,13.000007823,0.0
13.5,13.000007823,0.0
16.5,13.000007823,0.0
19.5,13.000007823,0.0
22.5,13.000007823,0.0
25.5,13.000007823,0.0
28.5,13.000007823,0.0
31.5,13.000007823,0.0
34.5,13.000007823,0.0
37.5,13.000007823,0.0
40.5,13.000007823,0.0
43.5,13.000007823,0.0
46.5,13.000007823,0.0
49.5,13.000007823,0.0
52.5,13.000007823,0.0
55.5,13.000007823,0.0
73.5,13.000007823,0.0
76.5,13.000007823,0.0
79.5,13.000007823,0.0
91.5,13.000007823,0.0
94.5,13.000007823,0.0
97.5,13.000007823,0.0
100.5,13.000007823,0.0
103.5,13.000007823,0.0
106.5,13.000007823,0.0
109.5,13.000007823,0.0
121.5,13.000007823,0.0
124.5,13.000007823,0.0
145.5,13.000007823,0.0
163.5,13.000007823,0.0
-109.5,10.000007823,0.0
-85.5,10.000007823,0.0
-82.5,10.000007823,0.0
-79.5,10.000007823,0.0
-76.5,10.000007823,0.0
-73.5,10.000007823,0.0
-70.5,10.000007823,0.0
-67.5,10.000007823,0.0
-64.5,10.000007823,0.0
-61.5,10.000007823,0.0
-16.5,10.000007823,0.0
-13.5,10.000007823,0.0
-10.5,10.000007823,0.0
-7.5,10.000007823,0.0
-4.5,10.000007823,0.0
-1.5,10.000007823,0.0
1.5,10.000007823,0.0
4.5,10.000007823,0.0
7.5,10.000007823,0.0
10.5,10.000007823,0.0
13.5,10.000007823,0.0
16.5,10.000007823,0.0
19.5,10.000007823,0.0
22.5,10.000007823,0.0
25.5,10.000007823,0.0
28.5,10.000007823,0.0
31.5,10.000007823,0.0
34.5,10.000007823,0.0
37.5,10.000007823,0.0
40.5,10.000007823,0.0
43.5,10.000007823,0.0
46.5,10.000007823,0.0
49.5,10.000007823,0.0
52.5,10.000007823,0.0
73.5,10.000007823,0.0
76.5,10.000007823,0.0
79.5,10.000007823,0.0
82.5,10.000007823,0.0
91.5,10.000007823,0.0
97.5,10.000007823,0.0
100.5,10.000007823,0.0
103.5,10.000007823,0.0
106.5,10.000007823,0.0
109.5,10.000007823,0.0
118.5,10.000007823,0.0
121.5,10.000007823,0.0
124.5,10.000007823,0.0
127.5,10.000007823,0.0
163.5,10.000007823,0.0
166.5,10.000007823,0.0
-82.5,7.000007823,0.0
-79.5,7.000007823,0.0
-76.5,7.000007823,0.0
-73.5,7.000007823,0.0
-70.5,7.000007823,0.0
-67.5,7.000007823,0.0
-64.5,7.000007823,0.0
-61.5,7.000007823,0.0
-58.5,7.000007823,0.0
-55.5,7.000007823,0.0
-52.5,7.000007823,0.0
-13.5,7.000007823,0.0
-10.5,7.000007823,0.0
-7.5,7.000007823,0.0
-4.5,7.000007823,0.0
-1.5,7.000007823,0.0
1.5,7.000007823,0.0
4.5,7.000007823,0.0
7.5,7.000007823,0.0
10.5,7.000007823,0.0
13.5,7.000007823,0.0
16.5,7.000007823,0.0
19.5,7.000007823,0.0
22.5,7.000007823,0.0
25.5,7.000007823,0.0
28.5,7.000007823,0.0
31.5,7.000007823,0.0
34.5,7.000007823,0.0
37.5,7.000007823,0.0
40.5,7.000007823,0.0
43.5,7.000007823,0.0
46.5,7.000007823,0.0
49.5,7.000007823,0.0
73.5,7.000007823,0.0
76.5,7.000007823,0.0
79.5,7.000007823,0.0
82.5,7.000007823,0.0
94.5,7.000007823,0.0
97.5,7.000007823,0.0
100.5,7.000007823,0.0
103.5,7.000007823,0.0
115.5,7.000007823,0.0
118.5,7.000007823,0.0
121.5,7.000007823,0.0
124.5,7.000007823,0.0
127.5,7.000007823,0.0
133.5,7.000007823,0.0
148.5,7.000007823,0.0
151.5,7.000007823,0.0
157.5,7.000007823,0.0
160.5,7.000007823,0.0
169.5,7.000007823,0.0
172.5,7.000007823,0.0
-160.5,4.000007823,0.0
-79.5,4.000007823,0.0
-76.5,4.000007823,0.0
-73.5,4.000007823,0.0
-70.5,4.000007823,0.0
-67.5,4.000007823,0.0
-64.5,4.000007823,0.0
-61.5,4.000007823,0.0
-58.5,4.000007823,0.0
-55.5,4.000007823,0.0
-52.5,4.000007823,0.0
-49.5,4.000007823,0.0
-10.5,4.000007823,0.0
-7.5,4.000007823,0.0
-4.5,4.000007823,0.0
-1.5,4.000007823,0.0
4.5,4.000007823,0.0
7.5,4.000007823,0.0
10.5,4.000007823,0.0
13.5,4.000007823,0.0
16.5,4.000007823,0.0
19.5,4.000007823,0.0
22.5,4.000007823,0.0
25.5,4.000007823,0.0
28.5,4.000007823,0.0
31.5,4.000007823,0.0
34.5,4.000007823,0.0
37.5,4.000007823,0.0
40.5,4.000007823,0.0
43.5,4.000007823,0.0
46.5,4.000007823,0.0
49.5,4.000007823,0.0
73.5,4.000007823,0.0
94.5,4.000007823,0.0
97.5,4.000007823,0.0
100.5,4.000007823,0.0
103.5,4.000007823,0.0
106.5,4.000007823,0.0
109.5,4.000007823,0.0
112.5,4.000007823,0.0
115.5,4.000007823,0.0
118.5,4.000007823,0.0
121.5,4.000007823,0.0
124.5,4.000007823,0.0
127.5,4.000007823,0.0
133.5,4.000007823,0.0
154.5,4.000007823,0.0
163.5,4.000007823,0.0
172.5,4.000007823,0.0
-157.5,1.000007823,0.0
-91.5,1.000007823,0.0
-88.5,1.000007823,0.0
-79.5,1.000007823,0.0
-76.5,1.000007823,0.0
-73.5,1.000007823,0.0
-70.5,1.000007823,0.0
-67.5,1.000007823,0.0
-64.5,1.000007823,0.0
-61.5,1.000007823,0.0
-58.5,1.000007823,0.0
-55.5,1.000007823,0.0
-52.5,1.000007823,0.0
-49.5,1.000007823,0.0
7.5,1.000007823,0.0
10.5,1.000007823,0.0
13.5,1.000007823,0.0
16.5,1.000007823,0.0
19.5,1.000007823,0.0
22.5,1.000007823,0.0
25.5,1.000007823,0.0
28.5,1.000007823,0.0
31.5,1.000007823,0.0
34.5,1.000007823,0.0
37.5,1.000007823,0.0
40.5,1.000007823,0.0
43.5,1.000007823,0.0
46.5,1.000007823,0.0
73.5,1.000007823,0.0
97.5,1.000007823,0.0
100.5,1.000007823,0.0
103.5,1.000007823,0.0
109.5,1.000007823,0.0
112.5,1.000007823,0.0
115.5,1.000007823,0.0
118.5,1.000007823,0.0
121.5,1.000007823,0.0
124.5,1.000007823,0.0
127.5,1.000007823,0.0
130.5,1.000007823,0.0
172.5,1.000007823,0.0
-172.5,-1.999992177,0.0
-91.5,-1.999992177,0.0
-88.5,-1.999992177,0.0
-79.5,-1.999992177,0.0
-76.5,-1.999992177,0.0
-73.5,-1.999992177,0.0
-70.5,-1.999992177,0.0
-67.5,-1.999992177,0.0
-64.5,-1.999992177,0.0
-61.5,-1.999992177,0.0
-58.5,-1.999992177,0.0
-55.5,-1.999992177,0.0
-52.5,-1.999992177,0.0
-49.5,-1.999992177,0.0
-46.5,-1.999992177,0.0
-43.5,-1.999992177,0.0
-40.5,-1.999992177,0.0
7.5,-1.999992177,0.0
10.5,-1.999992177,0.0
13.5,-1.999992177,0.0
16.5,-1.999992177,0.0
19.5,-1.999992177,0.0
22.5,-1.999992177,0.0
25.5,-1.999992177,0.0
28.5,-1.999992177,0.0
31.5,-1.999992177,0.0
34.5,-1.999992177,0.0
37.5,-1.999992177,0.0
40.5,-1.999992177,0.0
43.5,-1.999992177,0.0
73.5,-1.999992177,0.0
97.5,-1.999992177,0.0
100.5,-1.999992177,0.0
103.5,-1.999992177,0.0
106.5,-1.999992177,0.0
109.5,-1.999992177,0.0
112.5,-1.999992177,0.0
115.5,-1.999992177,0.0
118.5,-1.999992177,0.0
121.5,-1.999992177,0.0
124.5,-1.999992177,0.0
127.5,-1.999992177,0.0
130.5,-1.999992177,0.0
133.5,-1.999992177,0.0
136.5,-1.999992177,0.0
139.5,-1.999992177,0.0
142.5,-1.999992177,0.0
145.5,-1.999992177,0.0
148.5,-1.999992177,0.0
151.5,-1.999992177,0.0
154.5,-1.999992177,0.0
175.5,-1.999992177,0.0
-169.5,-4.999992177,0.0
-82.5,-4.999992177,0.0
-79.5,-4.999992177,0.0
-76.5,-4.999992177,0.0
-73.5,-4.999992177,0.0
-70.5,-4.999992177,0.0
-67.5,-4.999992177,0.0
-64.5,-4.999992177,0.0
-61.5,-4.999992177,0.0
-58.5,-4.999992177,0.0
-55.5,-4.999992177,0.0
-52.5,-4.999992177,0.0
-49.5,-4.999992177,0.0
-46.5,-4.999992177,0.0
-43.5,-4.999992177,0.0
-40.5,-4.999992177,0.0
-37.5,-4.999992177,0.0
-34.5,-4.999992177,0.0
10.5,-4.999992177,0.0
13.5,-4.999992177,0.0
16.5,-4.999992177,0.0
19.5,-4.999992177,0.0
22.5,-4.999992177,0.0
25.5,-4.999992177,0.0
28.5,-4.999992177,0.0
31.5,-4.999992177,0.0
34.5,-4.999992177,0.0
37.5,-4.999992177,0.0
40.5,-4.999992177,0.0
52.5,-4.999992177,0.0
55.5,-4.999992177,0.0
70.5,-4.999992177,0.0
73.5,-4.999992177,0.0
103.5,-4.999992177,0.0
106.5,-4.999992177,0.0
109.5,-4.999992177,0.0
112.5,-4.999992177,0.0
115.5,-4.999992177,0.0
118.5,-4.999992177,0.0
121.5,-4.999992177,0.0
124.5,-4.999992177,0.0
127.5,-4.999992177,0.0
130.5,-4.999992177,0.0
133.5,-4.999992177,0.0
136.5,-4.999992177,0.0
139.5,-4.999992177,0.0
142.5,-4.999992177,0.0
145.5,-4.999992177,0.0
148.5,-4.999992177,0.0
151.5,-4.999992177,0.0
154.5,-4.999992177,0.0
175.5,-4.999992177,0.0
-79.5,-7.999992177,0.0
-76.5,-7.999992177,0.0
-73.5,-7.999992177,0.0
-70.5,-7.999992177,0.0
-67.5,-7.999992177,0.0
-64.5,-7.999992177,0.0
-61.5,-7.999992177,0.0
-58.5,-7.999992177,0.0
-55.5,-7.999992177,0.0
-52.5,-7.999992177,0.0
-49.5,-7.999992177,0.0
-46.5,-7.999992177,0.0
-43.5,-7.999992177,0.0
-40.5,-7.999992177,0.0
-37.5,-7.999992177,0.0
-34.5,-7.999992177,0.0
13.5,-7.999992177,0.0
16.5,-7.999992177,0.0
19.5,-7.999992177,0.0
22.5,-7.999992177,0.0
25.5,-7.999992177,0.0
28.5,-7.999992177,0.0
31.5,-7.999992177,0.0
34.5,-7.999992177,0.0
37.5,-7.999992177,0.0
40.5,-7.999992177,0.0
49.5,-7.999992177,0.0
52.5,-7.999992177,0.0
55.5,-7.999992177,0.0
106.5,-7.999992177,0.0
109.5,-7.999992177,0.0
112.5,-7.999992177,0.0
115.5,-7.999992177,0.0
118.5,-7.999992177,0.0
121.5,-7.999992177,0.0
124.5,-7.999992177,0.0
127.5,-7.999992177,0.0
130.5,-7.999992177,0.0
133.5,-7.999992177,0.0
136.5,-7.999992177,0.0
139.5,-7.999992177,0.0
142.5,-7.999992177,0.0
145.5,-7.999992177,0.0
148.5,-7.999992177,0.0
151.5,-7.999992177,0.0
154.5,-7.999992177,0.0
157.5,-7.999992177,0.0
160.5,-7.999992177,0.0
-79.5,-10.999992177,0.0
-76.5,-10.999992177,0.0
-73.5,-10.999992177,0.0
-70.5,-10.999992177,0.0
-67.5,-10.999992177,0.0
-64.5,-10.999992177,0.0
-61.5,-10.999992177,0.0
-58.5,-10.999992177,0.0
-55.5,-10.999992177,0.0
-52.5,-10.999992177,0.0
-49.5,-10.999992177,0.0
-46.5,-10.999992177,0.0
-43.5,-10.999992177,0.0
-40.5,-10.999992177,0.0
-37.5,-10.999992177,0.0
-34.5,-10.999992177,0.0
13.5,-10.999992177,0.0
16.5,-10.999992177,0.0
19.5,-10.999992177,0.0
22.5,-10.999992177,0.0
25.5,-10.999992177,0.0
28.5,-10.999992177,0.0
31.5,-10.999992177,0.0
34.5,-10.999992177,0.0
37.5,-10.999992177,0.0
40.5,-10.999992177,0.0
43.5,-10.999992177,0.0
49.5,-10.999992177,0.0
52.5,-10.999992177,0.0
97.5,-10.999992177,0.0
106.5,-10.999992177,0.0
118.5,-10.999992177,0.0
121.5,-10.999992177,0.0
124.5,-10.999992177,0.0
130.5,-10.999992177,0.0
133.5,-10.999992177,0.0
136.5,-10.999992177,0.0
142.5,-10.999992177,0.0
148.5,-10.999992177,0.0
151.5,-10.999992177,0.0
154.5,-10.999992177,0.0
160.5,-10.999992177,0.0
163.5,-10.999992177,0.0
166.5,-10.999992177,0.0
169.5,-10.999992177,0.0
-178.5,-13.999992177,0.0
-175.5,-13.999992177,0.0
-172.5,-13.999992177,0.0
-169.5,-13.999992177,0.0
-76.5,-13.999992177,0.0
-73.5,-13.999992177,0.0
-70.5,-13.999992177,0.0
-67.5,-13.999992177,0.0
-64.5,-13.999992177,0.0
-61.5,-13.999992177,0.0
-58.5,-13.999992177,0.0
-55.5,-13.999992177,0.0
-52.5,-13.999992177,0.0
-49.5,-13.999992177,0.0
-46.5,-13.999992177,0.0
-43.5,-13.999992177,0.0
-40.5,-13.999992177,0.0
-37.5,-13.999992177,0.0
13.5,-13.999992177,0.0
16.5,-13.999992177,0.0
19.5,-13.999992177,0.0
22.5,-13.999992177,0.0
25.5,-13.999992177,0.0
28.5,-13.999992177,0.0
31.5,-13.999992177,0.0
34.5,-13.999992177,0.0
37.5,-13.999992177,0.0
40.5,-13.999992177,0.0
46.5,-13.999992177,0.0
49.5,-13.999992177,0.0
124.5,-13.999992177,0.0
127.5,-13.999992177,0.0
130.5,-13.999992177,0.0
133.5,-13.999992177,0.0
136.5,-13.999992177,0.0
142.5,-13.999992177,0.0
145.5,-13.999992177,0.0
166.5,-13.999992177,0.0
169.5,-13.999992177,0.0
-178.5,-16.999992177,0.0
-151.5,-16.999992177,0.0
-148.5,-16.999992177,0.0
-73.5,-16.999992177,0.0
-70.5,-16.999992177,0.0
-67.5,-16.999992177,0.0
-64.5,-16.999992177,0.0
-61.5,-16.999992177,0.0
-58.5,-16.999992177,0.0
-55.5,-16.999992177,0.0
-52.5,-16.999992177,0.0
-49.5,-16.999992177,0.0
-46.5,-16.999992177,0.0
-43.5,-16.999992177,0.0
-40.5,-16.999992177,0.0
-37.5,-16.999992177,0.0
10.5,-16.999992177,0.0
13.5,-16.999992177,0.0
16.5,-16.999992177,0.0
19.5,-16.999992177,0.0
22.5,-16.999992177,0.0
25.5,-16.999992177,0.0
28.5,-16.999992177,0.0
31.5,-16.999992177,0.0
34.5,-16.999992177,0.0
37.5,-16.999992177,0.0
40.5,-16.999992177,0.0
43.5,-16.999992177,0.0
46.5,-16.999992177,0.0
49.5,-16.999992177,0.0
121.5,-16.999992177,0.0
124.5,-16.999992177,0.0
127.5,-16.999992177,0.0
130.5,-16.999992177,0.0
133.5,-16.999992177,0.0
136.5,-16.999992177,0.0
139.5,-16.999992177,0.0
142.5,-16.999992177,0.0
145.5,-16.999992177,0.0
151.5,-16.999992177,0.0
166.5,-16.999992177,0.0
169.5,-16.999992177,0.0
178.5,-16.999992177,0.0
-178.5,-19.999992177,0.0
-175.5,-19.999992177,0.0
-172.5,-19.999992177,0.0
-169.5,-19.999992177,0.0
-160.5,-19.999992177,0.0
-157.5,-19.999992177,0.0
-70.5,-19.999992177,0.0
-67.5,-19.999992177,0.0
-64.5,-19.999992177,0.0
-61.5,-19.999992177,0.0
-58.5,-19.999992177,0.0
-55.5,-19.999992177,0.0
-52.5,-19.999992177,0.0
-49.5,-19.999992177,0.0
-46.5,-19.999992177,0.0
-43.5,-19.999992177,0.0
-40.5,-19.999992177,0.0
-28.5,-19.999992177,0.0
13.5,-19.999992177,0.0
16.5,-19.999992177,0.0
19.5,-19.999992177,0.0
22.5,-19.999992177,0.0
25.5,-19.999992177,0.0
28.5,-19.999992177,0.0
31.5,-19.999992177,0.0
34.5,-19.999992177,0.0
37.5,-19.999992177,0.0
43.5,-19.999992177,0.0
46.5,-19.999992177,0.0
49.5,-19.999992177,0.0
55.5,-19.999992177,0.0
58.5,-19.999992177,0.0
64.5,-19.999992177,0.0
115.5,-19.999992177,0.0
118.5,-19.999992177,0.0
121.5,-19.999992177,0.0
124.5,-19.999992177,0.0
127.5,-19.999992177,0.0
130.5,-19.999992177,0.0
133.5,-19.999992177,0.0
136.5,-19.999992177,0.0
139.5,-19.999992177,0.0
142.5,-19.999992177,0.0
145.5,-19.999992177,0.0
148.5,-19.999992177,0.0
163.5,-19.999992177,0.0
166.5,-19.999992177,0.0
169.5,-19.999992177,0.0
178.5,-19.999992177,0.0
-175.5,-22.999992177,0.0
-151.5,-22.999992177,0.0
-70.5,-22.999992177,0.0
-67.5,-22.999992177,0.0
-64.5,-22.999992177,0.0
-61.5,-22.999992177,0.0
-58.5,-22.999992177,0.0
-55.5,-22.999992177,0.0
-52.5,-22.999992177,0.0
-49.5,-22.999992177,0.0
-46.5,-22.999992177,0.0
-43.5,-22.999992177,0.0
-40.5,-22.999992177,0.0
13.5,-22.999992177,0.0
16.5,-22.999992177,0.0
19.5,-22.999992177,0.0
22.5,-22.999992177,0.0
25.5,-22.999992177,0.0
28.5,-22.999992177,0.0
31.5,-22.999992177,0.0
34.5,-22.999992177,0.0
40.5,-22.999992177,0.0
43.5,-22.999992177,0.0
46.5,-22.999992177,0.0
49.5,-22.999992177,0.0
112.5,-22.999992177,0.0
115.5,-22.999992177,0.0
118.5,-22.999992177,0.0
121.5,-22.999992177,0.0
124.5,-22.999992177,0.0
127.5,-22.999992177,0.0
130.5,-22.999992177,0.0
133.5,-22.999992177,0.0
136.5,-22.999992177,0.0
139.5,-22.999992177,0.0
142.5,-22.999992177,0.0
145.5,-22.999992177,0.0
148.5,-22.999992177,0.0
151.5,-22.999992177,0.0
166.5,-22.999992177,0.0
-109.5,-25.999992177,0.0
-70.5,-25.999992177,0.0
-67.5,-25.999992177,0.0
-64.5,-25.999992177,0.0
-61.5,-25.999992177,0.0
-58.5,-25.999992177,0.0
-55.5,-25.999992177,0.0
-52.5,-25.999992177,0.0
-49.5,-25.999992177,0.0
-46.5,-25.999992177,0.0
13.5,-25.999992177,0.0
16.5,-25.999992177,0.0
19.5,-25.999992177,0.0
22.5,-25.999992177,0.0
25.5,-25.999992177,0.0
28.5,-25.999992177,0.0
31.5,-25.999992177,0.0
34.5,-25.999992177,0.0
43.5,-25.999992177,0.0
46.5,-25.999992177,0.0
112.5,-25.999992177,0.0
115.5,-25.999992177,0.0
118.5,-25.999992177,0.0
121.5,-25.999992177,0.0
124.5,-25.999992177,0.0
127.5,-25.999992177,0.0
130.5,-25.999992177,0.0
133.5,-25.999992177,0.0
136.5,-25.999992177,0.0
139.5,-25.999992177,0.0
142.5,-25.999992177,0.0
145.5,-25.999992177,0.0
148.5,-25.999992177,0.0
151.5,-25.999992177,0.0
154.5,-25.999992177,0.0
-70.5,-28.999992177,0.0
-67.5,-28.999992177,0.0
-64.5,-28.999992177,0.0
-61.5,-28.999992177,0.0
-58.5,-28.999992177,0.0
-55.5,-28.999992177,0.0
-52.5,-28.999992177,0.0
-49.5,-28.999992177,0.0
16.5,-28.999992177,0.0
19.5,-28.999992177,0.0
22.5,-28.999992177,0.0
25.5,-28.999992177,0.0
28.5,-28.999992177,0.0
31.5,-28.999992177,0.0
115.5,-28.999992177,0.0
118.5,-28.999992177,0.0
121.5,-28.999992177,0.0
124.5,-28.999992177,0.0
127.5,-28.999992177,0.0
130.5,-28.999992177,0.0
133.5,-28.999992177,0.0
136.5,-28.999992177,0.0
139.5,-28.999992177,0.0
142.5,-28.999992177,0.0
145.5,-28.999992177,0.0
148.5,-28.999992177,0.0
151.5,-28.999992177,0.0
154.5,-28.999992177,0.0
-70.5,-31.999992177,0.0
-67.5,-31.999992177,0.0
-64.5,-31.999992177,0.0
-61.5,-31.999992177,0.0
-58.5,-31.999992177,0.0
-55.5,-31.999992177,0.0
-52.5,-31.999992177,0.0
-49.5,-31.999992177,0.0
16.5,-31.999992177,0.0
19.5,-31.999992177,0.0
22.5,-31.999992177,0.0
25.5,-31.999992177,0.0
28.5,-31.999992177,0.0
31.5,-31.999992177,0.0
115.5,-31.999992177,0.0
118.5,-31.999992177,0.0
121.5,-31.999992177,0.0
124.5,-31.999992177,0.0
127.5,-31.999992177,0.0
130.5,-31.999992177,0.0
133.5,-31.999992177,0.0
136.5,-31.999992177,0.0
139.5,-31.999992177,0.0
142.5,-31.999992177,0.0
145.5,-31.999992177,0.0
148.5,-31.999992177,0.0
151.5,-31.999992177,0.0
-79.5,-34.999992177,0.0
-73.5,-34.999992177,0.0
-70.5,-34.999992177,0.0
-67.5,-34.999992177,0.0
-64.5,-34.999992177,0.0
-61.5,-34.999992177,0.0
-58.5,-34.999992177,0.0
-55.5,-34.999992177,0.0
-52.5,-34.999992177,0.0
19.5,-34.999992177,0.0
22.5,-34.999992177,0.0
25.5,-34.999992177,0.0
115.5,-34.999992177,0.0
118.5,-34.999992177,0.0
121.5,-34.999992177,0.0
124.5,-34.999992177,0.0
133.5,-34.999992177,0.0
136.5,-34.999992177,0.0
139.5,-34.999992177,0.0
142.5,-34.999992177,0.0
145.5,-34.999992177,0.0
148.5,-34.999992177,0.0
151.5,-34.999992177,0.0
172.5,-34.999992177,0.0
175.5,-34.999992177,0.0
-73.5,-37.999992177,0.0
-70.5,-37.999992177,0.0
-67.5,-37.999992177,0.0
-64.5,-37.999992177,0.0
-61.5,-37.999992177,0.0
-58.5,-37.999992177,0.0
-55.5,-37.999992177,0.0
-13.5,-37.999992177,0.0
139.5,-37.999992177,0.0
142.5,-37.999992177,0.0
145.5,-37.999992177,0.0
148.5,-37.999992177,0.0
151.5,-37.999992177,0.0
172.5,-37.999992177,0.0
175.5,-37.999992177,0.0
178.5,-37.999992177,0.0
-73.5,-40.999992177,0.0
-70.5,-40.999992177,0.0
-67.5,-40.999992177,0.0
-64.5,-40.999992177,0.0
-61.5,-40.999992177,0.0
142.5,-40.999992177,0.0
145.5,-40.999992177,0.0
148.5,-40.999992177,0.0
172.5,-40.999992177,0.0
175.5,-40.999992177,0.0
178.5,-40.999992177,0.0
-175.5,-43.999992177,0.0
-73.5,-43.999992177,0.0
-70.5,-43.999992177,0.0
-67.5,-43.999992177,0.0
-64.5,-43.999992177,0.0
145.5,-43.999992177,0.0
148.5,-43.999992177,0.0
166.5,-43.999992177,0.0
169.5,-43.999992177,0.0
172.5,-43.999992177,0.0
-76.5,-46.999992177,0.0
-73.5,-46.999992177,0.0
-70.5,-46.999992177,0.0
-67.5,-46.999992177,0.0
-64.5,-46.999992177,0.0
37.5,-46.999992177,0.0
166.5,-46.999992177,0.0
169.5,-46.999992177,0.0
-76.5,-49.999992177,0.0
-73.5,-49.999992177,0.0
-70.5,-49.999992177,0.0
-67.5,-49.999992177,0.0
-61.5,-49.999992177,0.0
-58.5,-49.999992177,0.0
67.5,-49.999992177,0.0
70.5,-49.999992177,0.0
166.5,-49.999992177,0.0
178.5,-49.999992177,0.0
-73.5,-52.999992177,0.0
-70.5,-52.999992177,0.0
-67.5,-52.999992177,0.0
-61.5,-52.999992177,0.0
-58.5,-52.999992177,0.0
-37.5,-52.999992177,0.0
73.5,-52.999992177,0.0
169.5,-52.999992177,0.0
-70.5,-55.999992177,0.0
-67.5,-55.999992177,0.0
-64.5,-55.999992177,0.0
-37.5,-55.999992177,0.0
-34.5,-55.999992177,0.0
-28.5,-55.999992177,0.0
157.5,-55.999992177,0.0
