X_WGS84,Y_WGS84,GuloGulo_AllData_RUN2 logistic values
-58.5,82.000007823,0.016741209
-55.5,82.000007823,0.013995102
-52.5,82.000007823,0.011906379
-46.5,82.000007823,0.010449744
-43.5,82.000007823,0.010078964
-40.5,82.000007823,0.010421324
-34.5,82.000007823,0.009696629
-31.5,82.000007823,0.009799148
-25.5,82.000007823,3.6376304E-19
-22.5,82.000007823,5.3597655E-4
-19.5,82.000007823,0.01561133
-16.5,82.000007823,0.001338304
-10.5,82.000007823,0.011294374
19.5,82.000007823,0.0018935616
46.5,82.000007823,5.697139E-5
49.5,82.000007823,7.1083006E-5
52.5,82.000007823,8.639621E-5
55.5,82.000007823,1.4278029E-4
58.5,82.000007823,2.2824387E-4
61.5,82.000007823,1.8777471E-4
64.5,82.000007823,1.6371974E-4
79.5,82.000007823,3.7668605E-4
94.5,82.000007823,4.6033322E-4
97.5,82.000007823,4.8364897E-4
-115.5,79.000007823,0.0016563777
-112.5,79.000007823,0.0016959535
-109.5,79.000007823,0.0017216404
-106.5,79.000007823,0.025621297
-103.5,79.000007823,0.2686087
-100.5,79.000007823,0.027032282
-97.5,79.000007823,0.02593201
-94.5,79.000007823,0.02697945
-91.5,79.000007823,0.27915028
-67.5,79.000007823,0.011311101
-64.5,79.000007823,0.013268302
-58.5,79.000007823,0.036059946
-52.5,79.000007823,0.13525647
-49.5,79.000007823,0.12933208
-46.5,79.000007823,0.124930196
-43.5,79.000007823,0.11998868
-40.5,79.000007823,0.112564065
-34.5,79.000007823,0.23911357
-28.5,79.000007823,0.2446774
-25.5,79.000007823,0.007768354
-22.5,79.000007823,0.023704413
-16.5,79.000007823,9.497885E-4
10.5,79.000007823,0.0655684
19.5,79.000007823,0.0017894104
22.5,79.000007823,3.1562682E-5
28.5,79.000007823,0.0010202337
31.5,79.000007823,2.5858018E-5
34.5,79.000007823,2.9540704E-5
46.5,79.000007823,5.615294E-5
49.5,79.000007823,6.806047E-5
52.5,79.000007823,8.96915E-5
58.5,79.000007823,2.2593637E-4
61.5,79.000007823,2.0227394E-4
91.5,79.000007823,5.077829E-4
94.5,79.000007823,5.725836E-4
100.5,79.000007823,0.015870292
106.5,79.000007823,0.016851028
-121.5,76.000007823,2.2414733E-4
-100.5,76.000007823,0.020761628
-97.5,76.000007823,0.003612456
-94.5,76.000007823,0.0032503188
-91.5,76.000007823,0.0040818527
-76.5,76.000007823,0.0037103617
-73.5,76.000007823,0.0016288855
-67.5,76.000007823,0.023007885
-64.5,76.000007823,0.026187893
-61.5,76.000007823,0.024254562
-58.5,76.000007823,0.017261207
-52.5,76.000007823,0.01602053
-49.5,76.000007823,0.016946385
-46.5,76.000007823,0.017506262
-37.5,76.000007823,0.09898453
-34.5,76.000007823,0.15186118
-31.5,76.000007823,0.14685462
-28.5,76.000007823,0.14579861
-25.5,76.000007823,0.01271416
-19.5,76.000007823,2.1399667E-4
-16.5,76.000007823,1.3100228E-4
13.5,76.000007823,0.05950016
16.5,76.000007823,0.0016409069
22.5,76.000007823,0.0010621736
55.5,76.000007823,1.3589625E-4
58.5,76.000007823,0.010678822
61.5,76.000007823,2.5958157E-4
64.5,76.000007823,1.9843529E-4
67.5,76.000007823,1.510221E-4
82.5,76.000007823,0.01921776
85.5,76.000007823,0.051289186
136.5,76.000007823,5.8305483E-5
139.5,76.000007823,3.2690663E-5
142.5,76.000007823,2.5715679E-5
148.5,76.000007823,0.0039722375
-100.5,73.000007823,0.004574939
-97.5,73.000007823,0.0046360805
-91.5,73.000007823,0.003698793
-58.5,73.000007823,0.01019175
-55.5,73.000007823,0.0073124724
-52.5,73.000007823,0.2840821
-49.5,73.000007823,0.031091189
-46.5,73.000007823,0.011837358
-43.5,73.000007823,0.010880698
-40.5,73.000007823,0.009343599
-34.5,73.000007823,0.09074906
-31.5,73.000007823,0.07911283
-28.5,73.000007823,0.0043172
-25.5,73.000007823,0.004395277
-22.5,73.000007823,0.0048522265
-19.5,73.000007823,1.1982615E-4
19.5,73.000007823,4.3578667E-4
52.5,73.000007823,0.0034340697
55.5,73.000007823,0.005748597
58.5,73.000007823,2.09924E-4
136.5,73.000007823,0.825704
-55.5,70.000007823,0.08344832
-49.5,70.000007823,0.23291412
-46.5,70.000007823,0.25153512
-43.5,70.000007823,0.22425729
-37.5,70.000007823,0.16113585
-34.5,70.000007823,0.12808156
-31.5,70.000007823,0.104193665
-28.5,70.000007823,0.0017952068
-25.5,70.000007823,0.0017775703
-22.5,70.000007823,0.0024511397
-7.5,70.000007823,1.7698044E-4
13.5,70.000007823,1.3556168E-4
49.5,70.000007823,0.006177736
55.5,70.000007823,0.010143454
-52.5,67.000007823,0.0037750301
-46.5,67.000007823,0.17421626
-43.5,67.000007823,0.14415757
-40.5,67.000007823,0.105406485
-37.5,67.000007823,0.0018180701
-34.5,67.000007823,0.0013274415
-31.5,67.000007823,5.5946177E-4
-28.5,67.000007823,4.669922E-4
-22.5,67.000007823,1.6603478E-4
-19.5,67.000007823,1.4827232E-4
-16.5,67.000007823,1.2386676E-4
10.5,67.000007823,1.0011217E-4
-169.5,64.000007823,0.0037423943
-85.5,64.000007823,0.2434715
-82.5,64.000007823,0.18494034
-79.5,64.000007823,0.03996502
-61.5,64.000007823,0.34506097
-52.5,64.000007823,8.2828244E-4
-49.5,64.000007823,0.0017714354
-46.5,64.000007823,0.101707116
-43.5,64.000007823,0.083103396
-40.5,64.000007823,3.3004346E-4
-25.5,64.000007823,5.3703538E-5
-22.5,64.000007823,9.851581E-5
-19.5,64.000007823,8.8261375E-5
-16.5,64.000007823,1.2637599E-4
-172.5,61.000007823,8.967995E-4
-91.5,61.000007823,0.65539956
-82.5,61.000007823,0.18910874
-49.5,61.000007823,2.3162054E-4
-46.5,61.000007823,3.213314E-4
-43.5,61.000007823,2.6607665E-4
-7.5,61.000007823,3.53693E-5
-1.5,61.000007823,4.518535E-5
4.5,61.000007823,7.933022E-5
19.5,61.000007823,0.0013225253
-169.5,58.000007823,4.412912E-4
-145.5,58.000007823,1.447738E-4
-7.5,58.000007823,4.154332E-5
-4.5,58.000007823,5.4883538E-5
-1.5,58.000007823,4.2159434E-5
10.5,58.000007823,5.373469E-4
13.5,58.000007823,5.2972673E-4
22.5,58.000007823,0.001532547
28.5,58.000007823,0.003085995
31.5,58.000007823,0.0038361778
34.5,58.000007823,0.0048198057
37.5,58.000007823,0.0065493966
40.5,58.000007823,0.00868138
43.5,58.000007823,0.030789161
49.5,58.000007823,0.5311141
-166.5,55.000007823,0.0
-154.5,55.000007823,1.5523321E-4
-82.5,55.000007823,0.18727951
-55.5,55.000007823,0.0020635033
-7.5,55.000007823,3.6851103E-5
-4.5,55.000007823,5.0275925E-5
-1.5,55.000007823,5.3433294E-5
7.5,55.000007823,1.2696833E-4
10.5,55.000007823,1.47078E-4
13.5,55.000007823,2.0462785E-5
16.5,55.000007823,7.801413E-4
19.5,55.000007823,0.0013693415
25.5,55.000007823,0.0
28.5,55.000007823,0.002931331
31.5,55.000007823,0.0035795534
34.5,55.000007823,0.004662703
40.5,55.000007823,0.009040214
43.5,55.000007823,0.011170854
52.5,55.000007823,0.04163186
55.5,55.000007823,0.05365179
58.5,55.000007823,0.06725164
166.5,55.000007823,2.171346E-4
-178.5,52.000007823,5.8199847E-5
-175.5,52.000007823,5.7203477E-5
-172.5,52.000007823,6.28623E-5
-169.5,52.000007823,7.169789E-5
-166.5,52.000007823,0.0
-133.5,52.000007823,5.9856422E-5
-130.5,52.000007823,6.0635408E-5
-115.5,52.000007823,0.002780531
-112.5,52.000007823,0.011273076
-109.5,52.000007823,0.03036049
-100.5,52.000007823,0.18001531
-97.5,52.000007823,0.26228204
-94.5,52.000007823,0.13037546
-85.5,52.000007823,0.09584565
-7.5,52.000007823,3.3999524E-5
-4.5,52.000007823,6.0913357E-5
-1.5,52.000007823,6.2925545E-5
1.5,52.000007823,7.231718E-5
7.5,52.000007823,1.04380764E-4
10.5,52.000007823,1.3348139E-4
16.5,52.000007823,4.4268437E-4
19.5,52.000007823,9.3959435E-4
22.5,52.000007823,0.0011242949
25.5,52.000007823,0.0012259834
28.5,52.000007823,0.0
31.5,52.000007823,0.0036361164
37.5,52.000007823,0.0065841964
40.5,52.000007823,0.009896808
43.5,52.000007823,0.014341339
46.5,52.000007823,0.022087866
49.5,52.000007823,0.051719334
52.5,52.000007823,0.10629207
55.5,52.000007823,0.14207378
61.5,52.000007823,0.0082518775
154.5,52.000007823,8.569205E-4
172.5,52.000007823,7.015514E-5
178.5,52.000007823,6.611766E-5
-115.5,49.000007823,9.19977E-4
-109.5,49.000007823,0.0022541492
-106.5,49.000007823,2.3733599E-4
-103.5,49.000007823,0.029812537
-100.5,49.000007823,0.047531884
-97.5,49.000007823,0.16597709
-94.5,49.000007823,0.14928159
-88.5,49.000007823,0.0
-85.5,49.000007823,0.0028056481
-79.5,49.000007823,0.06777976
-76.5,49.000007823,0.05849658
-73.5,49.000007823,0.053559046
-70.5,49.000007823,0.036901455
-67.5,49.000007823,0.018671885
-64.5,49.000007823,0.004955823
-61.5,49.000007823,0.0034316292
-58.5,49.000007823,0.0019192062
-55.5,49.000007823,0.0010896203
-7.5,49.000007823,4.4425917E-5
-1.5,49.000007823,5.386523E-5
1.5,49.000007823,7.59484E-5
4.5,49.000007823,9.6154225E-5
7.5,49.000007823,1.2845668E-4
10.5,49.000007823,1.610222E-4
13.5,49.000007823,3.1606547E-4
16.5,49.000007823,3.5072278E-4
19.5,49.000007823,7.2354794E-4
22.5,49.000007823,8.570967E-4
28.5,49.000007823,0.0014315031
31.5,49.000007823,0.0035087776
37.5,49.000007823,0.0055851596
40.5,49.000007823,0.008282507
43.5,49.000007823,0.013480149
46.5,49.000007823,4.99873E-4
49.5,49.000007823,0.0011813564
52.5,49.000007823,0.0025199412
55.5,49.000007823,0.0049401526
58.5,49.000007823,0.0033648044
61.5,49.000007823,0.34897858
64.5,49.000007823,0.0057903146
154.5,49.000007823,0.0
-124.5,46.000007823,3.2834345E-5
-112.5,46.000007823,0.0010015194
-109.5,46.000007823,0.0013430599
-103.5,46.000007823,0.0067497906
-100.5,46.000007823,0.0144309215
-97.5,46.000007823,0.03163743
-94.5,46.000007823,0.003521668
-91.5,46.000007823,0.0098732
-88.5,46.000007823,0.0055644
-85.5,46.000007823,0.002949791
-79.5,46.000007823,7.886409E-4
-76.5,46.000007823,0.0
-70.5,46.000007823,0.005335378
-67.5,46.000007823,0.0038768607
-61.5,46.000007823,1.510034E-4
-58.5,46.000007823,0.0
-52.5,46.000007823,4.310475E-4
-4.5,46.000007823,4.639695E-5
-1.5,46.000007823,6.115087E-5
1.5,46.000007823,7.271522E-5
4.5,46.000007823,1.1697083E-4
7.5,46.000007823,2.3568988E-4
13.5,46.000007823,1.823253E-4
16.5,46.000007823,2.4266394E-4
19.5,46.000007823,2.9296137E-4
22.5,46.000007823,4.303927E-4
25.5,46.000007823,8.3548424E-4
28.5,46.000007823,4.7529078E-4
34.5,46.000007823,5.368783E-4
37.5,46.000007823,0.0011814343
40.5,46.000007823,0.0013036415
49.5,46.000007823,0.0
52.5,46.000007823,1.8581582E-5
55.5,46.000007823,6.5012464E-5
58.5,46.000007823,9.855397E-5
64.5,46.000007823,9.5781856E-5
70.5,46.000007823,2.6787095E-5
73.5,46.000007823,3.073134E-5
76.5,46.000007823,8.329614E-4
79.5,46.000007823,0.0037444506
82.5,46.000007823,9.937232E-4
97.5,46.000007823,2.8040558E-5
106.5,46.000007823,1.1513737E-4
109.5,46.000007823,1.5650162E-18
115.5,46.000007823,0.45888054
118.5,46.000007823,0.876453
148.5,46.000007823,0.06570511
151.5,46.000007823,6.866375E-4
-109.5,43.000007823,0.0016694696
-106.5,43.000007823,4.1624724E-5
-103.5,43.000007823,0.0026196607
-100.5,43.000007823,0.005338468
-97.5,43.000007823,0.008831266
-91.5,43.000007823,0.007623405
-88.5,43.000007823,0.0043544183
-85.5,43.000007823,0.0024991408
-82.5,43.000007823,0.002342045
-79.5,43.000007823,0.0021114487
-73.5,43.000007823,0.0025883224
-70.5,43.000007823,0.0020131045
-67.5,43.000007823,0.0013578825
-64.5,43.000007823,5.370453E-4
-10.5,43.000007823,3.021199E-5
-7.5,43.000007823,5.253982E-5
-4.5,43.000007823,7.587558E-5
-1.5,43.000007823,7.261998E-5
1.5,43.000007823,9.134774E-5
7.5,43.000007823,9.835013E-5
10.5,43.000007823,1.2103789E-4
13.5,43.000007823,1.4478958E-4
16.5,43.000007823,1.511261E-4
19.5,43.000007823,1.8239809E-4
22.5,43.000007823,2.4593459E-4
25.5,43.000007823,3.2138356E-4
28.5,43.000007823,2.6356004E-4
37.5,43.000007823,2.3204475E-4
40.5,43.000007823,1.6634318E-4
43.5,43.000007823,7.114556E-4
46.5,43.000007823,0.0014316092
49.5,43.000007823,4.098645E-5
52.5,43.000007823,0.0
58.5,43.000007823,9.032064E-6
61.5,43.000007823,1.0589767E-5
64.5,43.000007823,1.1685512E-5
67.5,43.000007823,1.5930117E-4
70.5,43.000007823,0.0051395386
73.5,43.000007823,0.0051005254
79.5,43.000007823,0.0039776745
85.5,43.000007823,0.0
88.5,43.000007823,1.8395325E-5
94.5,43.000007823,1.4661272E-5
103.5,43.000007823,5.701772E-5
109.5,43.000007823,9.023542E-5
112.5,43.000007823,0.015027702
115.5,43.000007823,4.1850022E-4
118.5,43.000007823,0.033800513
121.5,43.000007823,0.03978643
124.5,43.000007823,0.20421799
127.5,43.000007823,0.0
130.5,43.000007823,0.012245616
133.5,43.000007823,0.022995323
136.5,43.000007823,0.010157427
139.5,43.000007823,0.0029513706
142.5,43.000007823,0.004807708
-124.5,40.000007823,2.3551609E-5
-118.5,40.000007823,5.947885E-6
-112.5,40.000007823,3.819593E-5
-109.5,40.000007823,4.385597E-5
-106.5,40.000007823,9.283038E-4
-103.5,40.000007823,0.0010790648
-97.5,40.000007823,0.0045184037
-94.5,40.000007823,0.0041649085
-91.5,40.000007823,0.0035739944
-88.5,40.000007823,0.002926686
-85.5,40.000007823,0.0013401521
-82.5,40.000007823,9.930385E-4
-79.5,40.000007823,7.6182804E-4
-73.5,40.000007823,4.9756735E-4
-10.5,40.000007823,3.078365E-5
-7.5,40.000007823,7.1240065E-5
-4.5,40.000007823,1.5299856E-4
4.5,40.000007823,7.47206E-5
7.5,40.000007823,8.1123915E-5
13.5,40.000007823,8.8631816E-5
16.5,40.000007823,1.1026889E-4
19.5,40.000007823,1.2265457E-4
22.5,40.000007823,1.9721515E-4
25.5,40.000007823,1.5611225E-4
28.5,40.000007823,1.4178004E-4
31.5,40.000007823,1.865371E-4
34.5,40.000007823,2.201722E-4
37.5,40.000007823,4.5147518E-4
40.5,40.000007823,0.001365055
43.5,40.000007823,0.001630061
49.5,40.000007823,5.345518E-5
52.5,40.000007823,5.7089545E-7
55.5,40.000007823,1.455364E-6
58.5,40.000007823,1.8928747E-6
61.5,40.000007823,1.4904889E-6
64.5,40.000007823,1.024206E-6
67.5,40.000007823,7.202586E-4
70.5,40.000007823,0.0024800042
76.5,40.000007823,5.9711165E-6
79.5,40.000007823,6.5291065E-6
85.5,40.000007823,1.2666841E-5
91.5,40.000007823,7.957874E-6
94.5,40.000007823,5.3358244E-6
100.5,40.000007823,8.1066655E-6
109.5,40.000007823,2.8026997E-4
112.5,40.000007823,0.009388848
115.5,40.000007823,0.008324333
118.5,40.000007823,0.0074670683
124.5,40.000007823,0.018269898
130.5,40.000007823,0.0022592759
142.5,40.000007823,9.9836856E-5
-121.5,37.000007823,3.3053813E-5
-118.5,37.000007823,1.5340814E-4
-115.5,37.000007823,7.4674554E-6
-109.5,37.000007823,1.8714005E-5
-106.5,37.000007823,7.9874473E-4
-103.5,37.000007823,4.1519015E-4
-100.5,37.000007823,8.169401E-4
-97.5,37.000007823,9.6707116E-4
-94.5,37.000007823,6.9269293E-4
-91.5,37.000007823,6.0931704E-4
-85.5,37.000007823,3.7877183E-4
-82.5,37.000007823,2.6544216E-4
-76.5,37.000007823,2.7923947E-4
-28.5,37.000007823,3.9557563E-5
-25.5,37.000007823,2.9787045E-5
-7.5,37.000007823,6.167529E-5
-4.5,37.000007823,9.906518E-5
-1.5,37.000007823,8.8638306E-5
1.5,37.000007823,1.6009233E-4
4.5,37.000007823,1.2531127E-4
7.5,37.000007823,1.1345175E-4
10.5,37.000007823,9.363417E-5
13.5,37.000007823,9.1430076E-5
16.5,37.000007823,8.2493556E-5
19.5,37.000007823,1.11807974E-4
25.5,37.000007823,9.913232E-5
28.5,37.000007823,1.3264088E-4
31.5,37.000007823,1.728087E-4
34.5,37.000007823,1.8876104E-4
37.5,37.000007823,3.862671E-4
43.5,37.000007823,8.1072527E-4
46.5,37.000007823,0.0010395917
49.5,37.000007823,3.2651942E-4
52.5,37.000007823,3.4670572E-4
55.5,37.000007823,9.881294E-6
61.5,37.000007823,1.6140239E-5
64.5,37.000007823,1.3673024E-5
70.5,37.000007823,0.0015119866
73.5,37.000007823,1.8803564E-4
76.5,37.000007823,7.2034995E-6
79.5,37.000007823,4.2596853E-6
82.5,37.000007823,4.600655E-6
85.5,37.000007823,5.0679705E-6
88.5,37.000007823,2.3204602E-6
91.5,37.000007823,2.0638563E-6
94.5,37.000007823,2.78465E-6
100.5,37.000007823,0.0019936827
103.5,37.000007823,5.660127E-5
106.5,37.000007823,0.0013298523
109.5,37.000007823,0.0041888584
112.5,37.000007823,0.0036071518
118.5,37.000007823,0.002180426
121.5,37.000007823,0.0015153841
124.5,37.000007823,0.0027489339
127.5,37.000007823,0.0026962385
130.5,37.000007823,4.902608E-4
133.5,37.000007823,3.0959985E-4
139.5,37.000007823,4.8049883E-4
-121.5,34.000007823,7.501329E-6
-118.5,34.000007823,3.998747E-5
-115.5,34.000007823,3.9455476E-6
-112.5,34.000007823,3.5602134E-6
-109.5,34.000007823,1.5372544E-4
-103.5,34.000007823,2.3539037E-4
-100.5,34.000007823,4.040752E-4
-97.5,34.000007823,4.3988353E-4
-82.5,34.000007823,1.5700982E-4
-79.5,34.000007823,1.6050725E-4
-76.5,34.000007823,1.675407E-4
-16.5,34.000007823,1.8772775E-5
-4.5,34.000007823,9.711378E-5
-1.5,34.000007823,2.8299069E-6
1.5,34.000007823,5.2050095E-6
4.5,34.000007823,2.0938211E-7
7.5,34.000007823,2.0887701E-7
10.5,34.000007823,2.7367646E-6
13.5,34.000007823,1.2173939E-6
22.5,34.000007823,4.0297135E-5
31.5,34.000007823,5.572554E-5
43.5,34.000007823,4.6002305E-7
46.5,34.000007823,5.234623E-4
49.5,34.000007823,1.3682629E-5
52.5,34.000007823,6.477315E-7
55.5,34.000007823,4.8598235E-7
58.5,34.000007823,3.4047582E-7
61.5,34.000007823,9.150024E-6
64.5,34.000007823,4.4167635E-5
67.5,34.000007823,0.0010652278
70.5,34.000007823,3.8319887E-4
73.5,34.000007823,2.996815E-4
76.5,34.000007823,0.0025623995
79.5,34.000007823,2.8262573E-6
85.5,34.000007823,1.3876218E-6
88.5,34.000007823,3.4529414E-5
91.5,34.000007823,3.244158E-5
94.5,34.000007823,0.00143532
100.5,34.000007823,9.873321E-4
103.5,34.000007823,5.355109E-4
109.5,34.000007823,7.1146624E-4
112.5,34.000007823,8.1029255E-4
115.5,34.000007823,9.3063305E-4
118.5,34.000007823,8.488701E-4
121.5,34.000007823,0.0011546237
133.5,34.000007823,3.3602328E-4
136.5,34.000007823,3.442624E-4
139.5,34.000007823,2.5415668E-4
-112.5,31.000007823,1.4570587E-6
-109.5,31.000007823,7.630185E-5
-106.5,31.000007823,2.5550926E-6
-103.5,31.000007823,2.826468E-6
-97.5,31.000007823,1.9462482E-4
-94.5,31.000007823,1.464048E-4
-91.5,31.000007823,1.1616413E-4
-85.5,31.000007823,9.326114E-5
-82.5,31.000007823,7.785359E-5
-79.5,31.000007823,1.3383153E-4
-64.5,31.000007823,4.466791E-5
-7.5,31.000007823,2.380823E-6
-4.5,31.000007823,2.7573202E-7
-1.5,31.000007823,3.634057E-7
1.5,31.000007823,3.6662365E-7
4.5,31.000007823,3.6702434E-7
7.5,31.000007823,3.102946E-7
10.5,31.000007823,1.1091148E-7
13.5,31.000007823,7.64222E-8
16.5,31.000007823,3.985119E-8
19.5,31.000007823,2.9979613E-8
25.5,31.000007823,3.7331144E-8
28.5,31.000007823,3.430985E-8
31.5,31.000007823,3.5156617E-8
34.5,31.000007823,1.2200555E-6
37.5,31.000007823,1.3973512E-7
40.5,31.000007823,3.0704152E-7
46.5,31.000007823,3.34148E-7
49.5,31.000007823,9.815355E-6
52.5,31.000007823,1.0858114E-5
55.5,31.000007823,3.249675E-7
58.5,31.000007823,2.2472415E-7
61.5,31.000007823,3.550479E-7
64.5,31.000007823,3.8443403E-7
67.5,31.000007823,1.0188601E-5
70.5,31.000007823,7.0591213E-6
73.5,31.000007823,2.5848235E-4
76.5,31.000007823,1.4561265E-4
79.5,31.000007823,3.1602132E-4
82.5,31.000007823,2.5135145E-4
85.5,31.000007823,1.0566452E-5
88.5,31.000007823,1.6229309E-5
91.5,31.000007823,1.661776E-5
94.5,31.000007823,3.370193E-4
97.5,31.000007823,2.4153608E-4
103.5,31.000007823,1.5714308E-4
106.5,31.000007823,3.5617297E-5
109.5,31.000007823,3.2355616E-4
112.5,31.000007823,6.56526E-5
115.5,31.000007823,0.0
118.5,31.000007823,0.001114577
121.5,31.000007823,8.376658E-4
130.5,31.000007823,1.7883559E-4
-118.5,28.000007823,3.5477605E-9
-115.5,28.000007823,7.9253075E-9
-112.5,28.000007823,1.4253765E-8
-109.5,28.000007823,2.738188E-5
-106.5,28.000007823,3.4306584E-5
-103.5,28.000007823,1.163726E-6
-100.5,28.000007823,9.526324E-5
-97.5,28.000007823,9.486909E-5
-91.5,28.000007823,8.420903E-5
-82.5,28.000007823,2.6548858E-5
-76.5,28.000007823,2.3304749E-5
-13.5,28.000007823,9.883318E-9
-10.5,28.000007823,2.5155453E-8
-1.5,28.000007823,4.5905512E-7
1.5,28.000007823,3.5420166E-7
4.5,28.000007823,2.926932E-7
7.5,28.000007823,2.529969E-7
13.5,28.000007823,1.13463884E-7
16.5,28.000007823,6.00529E-8
19.5,28.000007823,4.2270383E-8
22.5,28.000007823,6.289459E-8
25.5,28.000007823,6.1597575E-8
28.5,28.000007823,4.5713552E-8
31.5,28.000007823,4.1323798E-8
34.5,28.000007823,4.6839325E-8
37.5,28.000007823,9.247369E-8
40.5,28.000007823,1.5987186E-7
43.5,28.000007823,1.03147476E-22
46.5,28.000007823,8.90163E-26
49.5,28.000007823,1.7847069E-7
52.5,28.000007823,3.4591776E-6
55.5,28.000007823,1.0159496E-7
61.5,28.000007823,1.6031048E-7
64.5,28.000007823,1.6918115E-7
70.5,28.000007823,1.6285873E-7
73.5,28.000007823,3.7215123E-6
76.5,28.000007823,1.4063297E-4
79.5,28.000007823,1.138596E-4
82.5,28.000007823,6.204981E-5
85.5,28.000007823,4.726571E-5
88.5,28.000007823,6.1658495E-5
91.5,28.000007823,5.9888655E-5
94.5,28.000007823,4.343632E-5
97.5,28.000007823,4.5466873E-5
100.5,28.000007823,4.1697363E-5
106.5,28.000007823,2.306503E-4
109.5,28.000007823,3.3916897E-4
112.5,28.000007823,9.3961466E-4
115.5,28.000007823,4.3981217E-4
127.5,28.000007823,7.936003E-5
130.5,28.000007823,9.228581E-5
142.5,28.000007823,5.84609E-5
-172.5,25.000007823,1.4909165E-5
-112.5,25.000007823,9.706003E-9
-109.5,25.000007823,3.047416E-7
-106.5,25.000007823,9.595232E-6
-103.5,25.000007823,1.2208671E-5
-97.5,25.000007823,4.2830576E-5
-82.5,25.000007823,1.719975E-5
-79.5,25.000007823,1.6829259E-5
-76.5,25.000007823,1.3670619E-5
-73.5,25.000007823,9.979684E-6
-16.5,25.000007823,6.000835E-9
-7.5,25.000007823,1.5650325E-7
-1.5,25.000007823,2.3935408E-7
4.5,25.000007823,1.3063622E-7
7.5,25.000007823,1.1922639E-7
10.5,25.000007823,1.2825163E-7
16.5,25.000007823,8.511432E-8
19.5,25.000007823,6.851273E-8
22.5,25.000007823,7.9686906E-8
25.5,25.000007823,7.504971E-8
28.5,25.000007823,6.442169E-8
31.5,25.000007823,5.647086E-8
34.5,25.000007823,3.0945667E-8
37.5,25.000007823,2.5274343E-8
40.5,25.000007823,7.0139976E-8
43.5,25.000007823,1.19131556E-7
49.5,25.000007823,1.1377281E-7
52.5,25.000007823,7.07312E-8
55.5,25.000007823,3.956419E-8
58.5,25.000007823,4.6441183E-8
61.5,25.000007823,4.256967E-8
67.5,25.000007823,1.2460774E-6
73.5,25.000007823,6.6505425E-5
76.5,25.000007823,9.3225644E-5
79.5,25.000007823,1.217835E-4
82.5,25.000007823,1.1928687E-4
85.5,25.000007823,7.714675E-5
88.5,25.000007823,4.216793E-5
97.5,25.000007823,2.7568027E-5
100.5,25.000007823,2.5078132E-5
103.5,25.000007823,3.8528746E-5
106.5,25.000007823,1.01890815E-4
109.5,25.000007823,1.803751E-4
118.5,25.000007823,1.333809E-4
121.5,25.000007823,4.8352053E-5
124.5,25.000007823,5.8984057E-5
127.5,25.000007823,7.6873046E-5
-160.5,22.000007823,2.3322868E-6
-157.5,22.000007823,1.9377603E-6
-109.5,22.000007823,2.497988E-7
-106.5,22.000007823,5.811314E-6
-103.5,22.000007823,5.411813E-6
-97.5,22.000007823,1.5093631E-5
-91.5,22.000007823,4.5515812E-6
-88.5,22.000007823,2.6066168E-6
-85.5,22.000007823,3.5294222E-6
-79.5,22.000007823,3.565099E-6
-73.5,22.000007823,6.38314E-6
-70.5,22.000007823,4.640046E-6
-16.5,22.000007823,5.3451368E-9
-13.5,22.000007823,1.9098088E-8
-7.5,22.000007823,8.434026E-8
-1.5,22.000007823,9.921512E-8
4.5,22.000007823,5.7467243E-8
7.5,22.000007823,5.963627E-8
10.5,22.000007823,7.665232E-8
13.5,22.000007823,8.255589E-8
16.5,22.000007823,6.853863E-8
19.5,22.000007823,5.4480793E-8
22.5,22.000007823,5.018191E-8
25.5,22.000007823,5.2236107E-8
31.5,22.000007823,4.6876714E-8
34.5,22.000007823,2.1973959E-8
37.5,22.000007823,1.4028579E-8
40.5,22.000007823,2.2712877E-8
43.5,22.000007823,6.418582E-8
46.5,22.000007823,9.792267E-8
49.5,22.000007823,6.9552264E-8
52.5,22.000007823,4.6723258E-8
55.5,22.000007823,3.0114887E-8
58.5,22.000007823,2.6719029E-8
67.5,22.000007823,3.7618836E-5
73.5,22.000007823,2.8067945E-5
76.5,22.000007823,4.4593806E-5
79.5,22.000007823,6.631366E-5
82.5,22.000007823,7.4229065E-5
85.5,22.000007823,5.4081105E-5
88.5,22.000007823,3.9100803E-5
91.5,22.000007823,2.5253012E-5
94.5,22.000007823,2.5916159E-5
97.5,22.000007823,2.3628108E-5
103.5,22.000007823,2.2108428E-5
106.5,22.000007823,6.222131E-5
109.5,22.000007823,8.731228E-5
112.5,22.000007823,8.384037E-5
115.5,22.000007823,7.6119744E-5
118.5,22.000007823,5.226437E-5
121.5,22.000007823,1.6727194E-5
-154.5,19.000007823,1.2057154E-6
-109.5,19.000007823,4.529829E-7
-106.5,19.000007823,1.687628E-6
-103.5,19.000007823,2.5889249E-6
-97.5,19.000007823,3.151298E-6
-94.5,19.000007823,5.887952E-6
-91.5,19.000007823,3.8058613E-6
-88.5,19.000007823,2.7317842E-6
-85.5,19.000007823,2.464214E-6
-82.5,19.000007823,2.8786699E-6
-79.5,19.000007823,1.645187E-6
-76.5,19.000007823,1.959721E-6
-73.5,19.000007823,1.2804031E-6
-70.5,19.000007823,9.806803E-7
-67.5,19.000007823,9.04429E-7
-64.5,19.000007823,1.812778E-6
-61.5,19.000007823,2.613191E-6
-16.5,19.000007823,6.1396204E-9
-13.5,19.000007823,1.5751318E-8
-10.5,19.000007823,2.8781141E-8
-7.5,19.000007823,3.4217795E-8
-4.5,19.000007823,4.9899114E-8
-1.5,19.000007823,3.4901102E-8
1.5,19.000007823,3.328556E-8
4.5,19.000007823,3.4269714E-8
7.5,19.000007823,3.427754E-8
13.5,19.000007823,4.4131173E-8
19.5,19.000007823,2.5032778E-8
22.5,19.000007823,1.6191521E-8
25.5,19.000007823,2.2987086E-8
28.5,19.000007823,2.8254199E-8
31.5,19.000007823,2.8305124E-8
34.5,19.000007823,1.5572073E-8
37.5,19.000007823,1.441082E-8
40.5,19.000007823,2.9385714E-7
46.5,19.000007823,4.3163027E-8
49.5,19.000007823,3.2978857E-8
55.5,19.000007823,1.8144023E-8
58.5,19.000007823,1.2450571E-8
73.5,19.000007823,1.2614032E-5
76.5,19.000007823,2.6343541E-5
79.5,19.000007823,4.4268127E-5
82.5,19.000007823,3.319434E-5
85.5,19.000007823,2.4383286E-5
91.5,19.000007823,2.4506206E-5
94.5,19.000007823,1.9445539E-5
97.5,19.000007823,1.601156E-5
103.5,19.000007823,1.2416466E-5
106.5,19.000007823,4.0598876E-5
109.5,19.000007823,2.9749157E-5
112.5,19.000007823,4.6503068E-5
145.5,19.000007823,5.06232E-6
-100.5,16.000007823,5.5079477E-7
-97.5,16.000007823,9.50809E-7
-91.5,16.000007823,1.457135E-6
-88.5,16.000007823,2.66943E-6
-85.5,16.000007823,2.3055445E-6
-82.5,16.000007823,2.6649966E-6
-61.5,16.000007823,1.6022252E-6
-25.5,16.000007823,1.7062987E-7
-16.5,16.000007823,8.450105E-8
-13.5,16.000007823,4.135996E-6
-7.5,16.000007823,3.3219695E-7
-1.5,16.000007823,3.0700065E-7
1.5,16.000007823,2.7835944E-7
10.5,16.000007823,1.442388E-8
16.5,16.000007823,1.3712006E-8
22.5,16.000007823,6.596902E-9
28.5,16.000007823,9.926175E-9
40.5,16.000007823,1.3099586E-7
46.5,16.000007823,1.0152904E-8
49.5,16.000007823,1.1458965E-8
52.5,16.000007823,1.1342491E-8
73.5,16.000007823,7.2506596E-6
76.5,16.000007823,1.0749712E-5
79.5,16.000007823,2.1551205E-5
82.5,16.000007823,2.3219167E-5
94.5,16.000007823,9.7809125E-6
97.5,16.000007823,9.315301E-6
103.5,16.000007823,1.0907192E-5
109.5,16.000007823,1.1005903E-5
112.5,16.000007823,1.8657598E-5
118.5,16.000007823,1.8583555E-6
121.5,16.000007823,2.2997474E-6
145.5,16.000007823,1.5738617E-6
-88.5,13.000007823,9.682441E-7
-85.5,13.000007823,1.1865518E-6
-82.5,13.000007823,1.6074569E-6
-73.5,13.000007823,8.9175643E-7
-70.5,13.000007823,9.94025E-7
-67.5,13.000007823,1.7295671E-6
-61.5,13.000007823,6.295904E-7
-16.5,13.000007823,3.6889508E-6
-13.5,13.000007823,7.370462E-6
-10.5,13.000007823,6.764073E-6
-7.5,13.000007823,7.422629E-6
-4.5,13.000007823,8.83684E-6
-1.5,13.000007823,6.556381E-6
1.5,13.000007823,7.762393E-6
10.5,13.000007823,1.2023305E-5
13.5,13.000007823,1.2207652E-5
16.5,13.000007823,1.0258796E-5
19.5,13.000007823,6.515148E-6
22.5,13.000007823,4.876846E-6
28.5,13.000007823,2.8042402E-6
31.5,13.000007823,6.439314E-6
37.5,13.000007823,1.2720021E-6
40.5,13.000007823,3.799524E-6
46.5,13.000007823,7.3764697E-9
49.5,13.000007823,6.284799E-9
52.5,13.000007823,3.967396E-9
73.5,13.000007823,3.6373283E-6
76.5,13.000007823,6.95902E-6
79.5,13.000007823,1.2099281E-5
91.5,13.000007823,4.011609E-6
94.5,13.000007823,4.878351E-6
100.5,13.000007823,4.818609E-6
103.5,13.000007823,4.9033442E-6
121.5,13.000007823,1.318997E-6
124.5,13.000007823,8.56604E-7
163.5,13.000007823,3.3729054E-7
-85.5,10.000007823,7.1043576E-7
-82.5,10.000007823,5.3568425E-7
-79.5,10.000007823,5.6693386E-7
-76.5,10.000007823,3.2543863E-7
-73.5,10.000007823,3.5550534E-7
-70.5,10.000007823,4.5918813E-7
-64.5,10.000007823,4.285806E-7
-61.5,10.000007823,4.461833E-7
-16.5,10.000007823,2.8169463E-6
-13.5,10.000007823,4.164254E-6
-10.5,10.000007823,3.926117E-6
-7.5,10.000007823,3.6344545E-6
-4.5,10.000007823,3.00721E-6
1.5,10.000007823,2.6230898E-6
4.5,10.000007823,4.7544418E-6
10.5,10.000007823,6.2280565E-6
13.5,10.000007823,5.6753743E-6
16.5,10.000007823,6.4234237E-6
22.5,10.000007823,4.7749754E-6
25.5,10.000007823,4.0510745E-6
28.5,10.000007823,3.4180803E-6
31.5,10.000007823,2.5450067E-6
34.5,10.000007823,2.0592777E-6
37.5,10.000007823,1.0619603E-6
40.5,10.000007823,2.522154E-6
46.5,10.000007823,2.7788452E-9
49.5,10.000007823,3.0099179E-9
52.5,10.000007823,3.0156673E-9
73.5,10.000007823,3.144143E-6
76.5,10.000007823,3.2926393E-6
79.5,10.000007823,5.7414186E-6
82.5,10.000007823,2.9134217E-6
91.5,10.000007823,2.5418717E-6
97.5,10.000007823,1.9222855E-6
103.5,10.000007823,1.910134E-6
106.5,10.000007823,2.643529E-6
109.5,10.000007823,3.946373E-6
124.5,10.000007823,4.5238096E-7
127.5,10.000007823,4.40544E-7
163.5,10.000007823,2.9418243E-7
-82.5,7.000007823,1.0308661E-6
-79.5,7.000007823,6.450931E-7
-76.5,7.000007823,1.8644046E-7
-73.5,7.000007823,2.1811664E-7
-70.5,7.000007823,8.641351E-7
-64.5,7.000007823,3.6776953E-7
-61.5,7.000007823,3.0349543E-7
-58.5,7.000007823,4.496468E-7
-55.5,7.000007823,5.5318384E-7
-52.5,7.000007823,5.8867596E-7
-13.5,7.000007823,1.2334834E-6
-10.5,7.000007823,7.280176E-7
1.5,7.000007823,1.2679158E-6
4.5,7.000007823,1.3788729E-6
10.5,7.000007823,2.1402927E-6
16.5,7.000007823,2.9905768E-6
19.5,7.000007823,2.5342072E-6
25.5,7.000007823,1.6314532E-6
31.5,7.000007823,1.4540723E-6
34.5,7.000007823,6.3981287E-7
40.5,7.000007823,7.420758E-7
43.5,7.000007823,9.411169E-7
46.5,7.000007823,2.3769802E-8
73.5,7.000007823,2.0080097E-6
76.5,7.000007823,2.814719E-6
79.5,7.000007823,1.895428E-6
94.5,7.000007823,2.5590818E-6
97.5,7.000007823,1.2299221E-6
100.5,7.000007823,6.474287E-7
103.5,7.000007823,6.499274E-7
115.5,7.000007823,1.7577835E-7
118.5,7.000007823,2.7960073E-7
121.5,7.000007823,1.2491031E-7
127.5,7.000007823,1.79008E-7
133.5,7.000007823,1.4678169E-7
148.5,7.000007823,1.2583048E-7
157.5,7.000007823,1.9275366E-7
160.5,7.000007823,1.2528325E-7
169.5,7.000007823,8.0660136E-8
172.5,7.000007823,6.937385E-8
-160.5,4.000007823,1.0902078E-7
-79.5,4.000007823,1.4725097E-7
-76.5,4.000007823,1.0021813E-7
-73.5,4.000007823,5.0355214E-7
-70.5,4.000007823,9.778809E-7
-67.5,4.000007823,4.0439747E-7
-64.5,4.000007823,1.5519907E-7
-61.5,4.000007823,1.668206E-7
-58.5,4.000007823,4.5152268E-7
-49.5,4.000007823,8.5667347E-7
-10.5,4.000007823,2.675743E-7
-7.5,4.000007823,1.037136E-6
-4.5,4.000007823,1.4040595E-6
-1.5,4.000007823,1.2614746E-6
4.5,4.000007823,8.255499E-7
7.5,4.000007823,6.0848146E-7
10.5,4.000007823,7.3394364E-7
16.5,4.000007823,7.547938E-7
19.5,4.000007823,5.9899554E-7
22.5,4.000007823,6.195138E-7
28.5,4.000007823,6.669227E-7
31.5,4.000007823,8.6951417E-7
34.5,4.000007823,5.009865E-7
37.5,4.000007823,5.756732E-7
40.5,4.000007823,7.523809E-7
46.5,4.000007823,1.548846E-8
49.5,4.000007823,4.390419E-8
73.5,4.000007823,1.5106357E-6
97.5,4.000007823,1.7273342E-7
100.5,4.000007823,1.5691572E-7
103.5,4.000007823,2.8195527E-7
106.5,4.000007823,5.405263E-7
109.5,4.000007823,3.6819014E-7
112.5,4.000007823,1.146256E-7
115.5,4.000007823,8.2925695E-8
118.5,4.000007823,1.0642646E-7
124.5,4.000007823,9.543094E-8
127.5,4.000007823,1.1924585E-7
133.5,4.000007823,1.10354314E-7
154.5,4.000007823,1.4533065E-7
163.5,4.000007823,1.1675862E-7
172.5,4.000007823,8.057115E-8
-157.5,1.000007823,1.09171204E-7
-91.5,1.000007823,3.893118E-6
-88.5,1.000007823,2.9195828E-6
-79.5,1.000007823,2.1012666E-7
-76.5,1.000007823,1.4922024E-7
-73.5,1.000007823,6.118294E-7
-67.5,1.000007823,1.2220563E-7
-64.5,1.000007823,9.1795556E-8
-61.5,1.000007823,1.4344756E-7
-55.5,1.000007823,4.7794816E-7
-52.5,1.000007823,5.104084E-7
-49.5,1.000007823,5.218521E-7
7.5,1.000007823,1.3964319E-6
10.5,1.000007823,7.8326383E-7
13.5,1.000007823,4.4593247E-7
16.5,1.000007823,2.831578E-7
19.5,1.000007823,2.4049E-7
22.5,1.000007823,2.3554215E-7
25.5,1.000007823,2.2351945E-7
28.5,1.000007823,1.7791066E-7
31.5,1.000007823,3.1725526E-7
34.5,1.000007823,2.472655E-7
37.5,1.000007823,2.6774435E-7
40.5,1.000007823,7.9151533E-7
43.5,1.000007823,8.92169E-7
97.5,1.000007823,1.0696665E-7
100.5,1.000007823,1.0060255E-7
103.5,1.000007823,1.2242504E-7
109.5,1.000007823,1.2317741E-7
115.5,1.000007823,7.930283E-8
118.5,1.000007823,1.4286059E-7
124.5,1.000007823,2.1060484E-7
127.5,1.000007823,2.1479507E-7
130.5,1.000007823,2.1362644E-7
172.5,1.000007823,6.939138E-8
-172.5,-1.999992177,9.3628934E-8
-88.5,-1.999992177,7.2502967E-6
-79.5,-1.999992177,4.2765978E-7
-76.5,-1.999992177,1.7837932E-7
-73.5,-1.999992177,2.2695592E-7
-64.5,-1.999992177,1.4504636E-7
-61.5,-1.999992177,1.8880067E-7
-58.5,-1.999992177,3.2373038E-7
-55.5,-1.999992177,3.9661418E-7
-52.5,-1.999992177,2.8985664E-7
-46.5,-1.999992177,2.73074E-7
-43.5,-1.999992177,3.2899453E-7
-40.5,-1.999992177,3.7419855E-7
10.5,-1.999992177,1.8148861E-6
13.5,-1.999992177,1.0470309E-6
16.5,-1.999992177,3.2731745E-7
19.5,-1.999992177,1.7786475E-7
22.5,-1.999992177,1.4404489E-7
25.5,-1.999992177,1.4362898E-7
28.5,-1.999992177,1.7066529E-7
31.5,-1.999992177,3.1374915E-7
34.5,-1.999992177,5.422672E-7
37.5,-1.999992177,9.627283E-7
40.5,-1.999992177,1.4176362E-6
43.5,-1.999992177,1.9915535E-6
73.5,-1.999992177,8.2461804E-7
97.5,-1.999992177,1.1055302E-7
106.5,-1.999992177,2.1238182E-7
109.5,-1.999992177,1.5876924E-7
112.5,-1.999992177,1.3690322E-7
115.5,-1.999992177,1.6247336E-7
118.5,-1.999992177,4.123814E-7
121.5,-1.999992177,4.1416692E-7
133.5,-1.999992177,2.5537778E-7
139.5,-1.999992177,7.994529E-8
142.5,-1.999992177,9.060119E-8
145.5,-1.999992177,8.764795E-8
148.5,-1.999992177,9.43908E-8
151.5,-1.999992177,1.6595345E-7
154.5,-1.999992177,1.264779E-7
175.5,-1.999992177,8.081162E-8
-169.5,-4.999992177,9.361778E-8
-82.5,-4.999992177,3.801325E-9
-76.5,-4.999992177,2.6679817E-7
-73.5,-4.999992177,2.6834903E-7
-70.5,-4.999992177,2.1502571E-7
-67.5,-4.999992177,2.7421584E-7
-64.5,-4.999992177,3.0111053E-7
-61.5,-4.999992177,3.6685822E-7
-52.5,-4.999992177,3.5794517E-7
-49.5,-4.999992177,2.9168478E-7
-40.5,-4.999992177,6.4600636E-7
13.5,-4.999992177,4.8464E-6
16.5,-4.999992177,1.1067287E-6
19.5,-4.999992177,3.3479773E-7
22.5,-4.999992177,3.1501736E-7
25.5,-4.999992177,4.2358306E-7
28.5,-4.999992177,1.0276742E-6
34.5,-4.999992177,1.767079E-6
40.5,-4.999992177,2.3121179E-6
52.5,-4.999992177,2.2341114E-6
70.5,-4.999992177,9.4056526E-7
103.5,-4.999992177,1.2333957E-7
106.5,-4.999992177,2.3142553E-7
112.5,-4.999992177,2.5924234E-7
115.5,-4.999992177,4.9844874E-7
118.5,-4.999992177,7.264421E-7
121.5,-4.999992177,6.7365704E-7
124.5,-4.999992177,7.0900484E-7
127.5,-4.999992177,7.5561354E-7
133.5,-4.999992177,6.9030557E-7
139.5,-4.999992177,2.2287372E-7
142.5,-4.999992177,1.241148E-7
145.5,-4.999992177,1.1499921E-7
148.5,-4.999992177,2.5807188E-7
151.5,-4.999992177,2.158577E-7
154.5,-4.999992177,1.5249819E-7
175.5,-4.999992177,8.074478E-8
-79.5,-7.999992177,1.1510476E-6
-76.5,-7.999992177,2.79212E-7
-70.5,-7.999992177,4.1959245E-7
-67.5,-7.999992177,4.3597393E-7
-64.5,-7.999992177,7.436324E-7
-61.5,-7.999992177,1.3480245E-6
-58.5,-7.999992177,2.1037927E-6
-55.5,-7.999992177,1.6022948E-6
-52.5,-7.999992177,7.7117176E-7
-49.5,-7.999992177,6.6467516E-7
-46.5,-7.999992177,1.0095303E-6
-40.5,-7.999992177,9.944042E-7
-37.5,-7.999992177,1.6552676E-6
-34.5,-7.999992177,1.4202766E-6
13.5,-7.999992177,4.354226E-6
16.5,-7.999992177,1.2756734E-6
19.5,-7.999992177,7.78272E-7
22.5,-7.999992177,7.849599E-7
28.5,-7.999992177,2.408594E-6
31.5,-7.999992177,2.103677E-6
37.5,-7.999992177,3.2580194E-6
40.5,-7.999992177,2.10168E-6
49.5,-7.999992177,2.4354906E-6
55.5,-7.999992177,1.701943E-6
106.5,-7.999992177,2.6148203E-7
112.5,-7.999992177,6.4953593E-7
115.5,-7.999992177,4.4585477E-7
118.5,-7.999992177,5.978895E-7
121.5,-7.999992177,7.357076E-7
127.5,-7.999992177,1.6629164E-6
130.5,-7.999992177,2.1456087E-6
133.5,-7.999992177,9.769776E-7
136.5,-7.999992177,1.132273E-6
142.5,-7.999992177,7.1798627E-7
145.5,-7.999992177,2.992335E-7
148.5,-7.999992177,3.5441238E-7
151.5,-7.999992177,4.258428E-7
154.5,-7.999992177,2.7979812E-7
157.5,-7.999992177,1.7833818E-7
-79.5,-10.999992177,3.1771552E-9
-76.5,-10.999992177,7.906393E-7
-73.5,-10.999992177,4.2994884E-7
-70.5,-10.999992177,9.0278274E-7
-67.5,-10.999992177,1.3146288E-6
-64.5,-10.999992177,1.0929318E-6
-61.5,-10.999992177,1.5517346E-6
-52.5,-10.999992177,1.3622134E-6
-46.5,-10.999992177,1.2929606E-6
-43.5,-10.999992177,1.0425077E-6
-40.5,-10.999992177,1.2698545E-6
-37.5,-10.999992177,2.1583444E-6
-34.5,-10.999992177,1.5993218E-6
16.5,-10.999992177,2.7102983E-6
28.5,-10.999992177,7.5598755E-6
31.5,-10.999992177,7.653568E-6
34.5,-10.999992177,6.3753614E-6
43.5,-10.999992177,1.6653489E-6
49.5,-10.999992177,2.0651767E-6
52.5,-10.999992177,1.9864929E-6
97.5,-10.999992177,9.4291875E-7
118.5,-10.999992177,7.1022407E-7
124.5,-10.999992177,1.2623383E-6
130.5,-10.999992177,3.5664475E-6
133.5,-10.999992177,4.4514113E-6
136.5,-10.999992177,4.2535517E-6
142.5,-10.999992177,2.6558137E-6
148.5,-10.999992177,1.1989925E-6
154.5,-10.999992177,1.0052188E-6
160.5,-10.999992177,2.3880702E-7
163.5,-10.999992177,2.6128927E-7
169.5,-10.999992177,4.4441734E-7
-178.5,-13.999992177,5.092842E-7
-175.5,-13.999992177,2.959159E-7
-172.5,-13.999992177,2.4086506E-7
-169.5,-13.999992177,5.383518E-7
-76.5,-13.999992177,5.6452677E-8
-73.5,-13.999992177,8.298268E-7
-70.5,-13.999992177,1.4494772E-6
-67.5,-13.999992177,1.5128414E-6
-61.5,-13.999992177,1.5104093E-6
-58.5,-13.999992177,1.4027681E-6
-55.5,-13.999992177,1.2981703E-6
-52.5,-13.999992177,1.5596862E-6
-49.5,-13.999992177,1.5366144E-6
-46.5,-13.999992177,1.3665228E-6
-43.5,-13.999992177,1.3151428E-6
-40.5,-13.999992177,1.9572478E-6
-37.5,-13.999992177,2.5557988E-6
13.5,-13.999992177,3.6119059E-6
16.5,-13.999992177,5.5294286E-6
19.5,-13.999992177,4.424569E-6
25.5,-13.999992177,9.888829E-6
28.5,-13.999992177,1.17905365E-5
31.5,-13.999992177,9.935603E-6
34.5,-13.999992177,7.0752435E-6
37.5,-13.999992177,4.7000553E-6
40.5,-13.999992177,1.308323E-6
46.5,-13.999992177,1.9230317E-6
49.5,-13.999992177,1.895035E-6
124.5,-13.999992177,5.831096E-6
127.5,-13.999992177,8.17982E-6
133.5,-13.999992177,8.458954E-6
136.5,-13.999992177,7.697881E-6
142.5,-13.999992177,4.476972E-6
145.5,-13.999992177,4.6632567E-6
166.5,-13.999992177,1.1872853E-6
169.5,-13.999992177,1.561726E-6
-178.5,-16.999992177,2.225478E-6
-148.5,-16.999992177,1.7708167E-6
-73.5,-16.999992177,1.2550975E-9
-70.5,-16.999992177,1.669584E-6
-64.5,-16.999992177,3.1120612E-6
-61.5,-16.999992177,2.3838427E-6
-55.5,-16.999992177,2.7636854E-6
-52.5,-16.999992177,1.7823247E-6
-49.5,-16.999992177,1.8188059E-6
-46.5,-16.999992177,1.5451615E-6
-43.5,-16.999992177,2.0437317E-6
-37.5,-16.999992177,2.4898031E-6
10.5,-16.999992177,8.8250305E-9
13.5,-16.999992177,1.0725335E-7
16.5,-16.999992177,9.289126E-6
19.5,-16.999992177,1.01292835E-5
22.5,-16.999992177,1.1707764E-5
25.5,-16.999992177,1.52161065E-5
28.5,-16.999992177,1.2206776E-5
31.5,-16.999992177,8.558554E-6
37.5,-16.999992177,5.0538497E-6
40.5,-16.999992177,4.091629E-6
43.5,-16.999992177,2.2991712E-6
46.5,-16.999992177,2.0736234E-6
49.5,-16.999992177,3.3190518E-6
121.5,-16.999992177,1.0305228E-5
124.5,-16.999992177,1.0697402E-5
127.5,-16.999992177,1.523163E-5
130.5,-16.999992177,1.7282622E-5
133.5,-16.999992177,1.7117023E-5
136.5,-16.999992177,1.7463753E-5
139.5,-16.999992177,1.5350528E-5
142.5,-16.999992177,8.043103E-6
145.5,-16.999992177,7.4122927E-6
151.5,-16.999992177,1.0184786E-5
166.5,-16.999992177,2.0570917E-6
178.5,-16.999992177,2.81901E-6
-178.5,-19.999992177,4.558356E-6
-175.5,-19.999992177,5.160746E-6
-172.5,-19.999992177,3.263861E-6
-169.5,-19.999992177,3.813275E-6
-160.5,-19.999992177,3.8053158E-6
-157.5,-19.999992177,3.5502708E-6
-70.5,-19.999992177,4.1879265E-9
-67.5,-19.999992177,9.912252E-23
-64.5,-19.999992177,4.8836496E-6
-61.5,-19.999992177,6.4689557E-6
-55.5,-19.999992177,2.7983199E-6
-52.5,-19.999992177,1.9512897E-6
-49.5,-19.999992177,2.1733538E-6
-43.5,-19.999992177,3.0672613E-6
-40.5,-19.999992177,3.3321098E-6
-28.5,-19.999992177,0.005167149
13.5,-19.999992177,3.4161323E-9
16.5,-19.999992177,7.0725077E-6
19.5,-19.999992177,1.3946622E-5
22.5,-19.999992177,1.5969614E-5
31.5,-19.999992177,9.027569E-6
34.5,-19.999992177,6.2989934E-6
37.5,-19.999992177,6.953096E-6
43.5,-19.999992177,4.1356884E-6
46.5,-19.999992177,3.538198E-6
49.5,-19.999992177,4.7440935E-6
55.5,-19.999992177,1.0435531E-5
115.5,-19.999992177,3.911041E-7
118.5,-19.999992177,5.0536954E-7
121.5,-19.999992177,1.9574049E-5
124.5,-19.999992177,2.6024663E-5
133.5,-19.999992177,3.5090266E-5
139.5,-19.999992177,2.633861E-5
148.5,-19.999992177,1.5572488E-5
163.5,-19.999992177,7.73388E-6
169.5,-19.999992177,6.5613144E-6
178.5,-19.999992177,4.344122E-6
-175.5,-22.999992177,7.293466E-6
-151.5,-22.999992177,7.82666E-6
-70.5,-22.999992177,4.0490704E-9
-67.5,-22.999992177,4.0158867E-9
-64.5,-22.999992177,1.4589799E-5
-61.5,-22.999992177,1.5255929E-5
-52.5,-22.999992177,4.319246E-6
-49.5,-22.999992177,4.726862E-6
-43.5,-22.999992177,5.180961E-6
-40.5,-22.999992177,6.2596387E-6
13.5,-22.999992177,1.5799948E-9
19.5,-22.999992177,4.075459E-7
22.5,-22.999992177,1.8469003E-5
25.5,-22.999992177,1.6520604E-5
28.5,-22.999992177,1.4015395E-5
43.5,-22.999992177,4.056817E-6
112.5,-22.999992177,5.772827E-7
115.5,-22.999992177,7.787905E-7
118.5,-22.999992177,1.2944072E-6
121.5,-22.999992177,1.3487283E-6
124.5,-22.999992177,1.2760264E-6
127.5,-22.999992177,1.23282E-6
130.5,-22.999992177,1.236303E-6
133.5,-22.999992177,1.3245836E-6
136.5,-22.999992177,1.2974348E-6
139.5,-22.999992177,1.2042192E-6
142.5,-22.999992177,1.7750579E-5
145.5,-22.999992177,3.2235926E-5
148.5,-22.999992177,2.2438746E-5
151.5,-22.999992177,1.8413606E-5
166.5,-22.999992177,1.0099247E-5
-109.5,-25.999992177,6.978416E-6
-70.5,-25.999992177,2.5131242E-9
-67.5,-25.999992177,4.139553E-9
-64.5,-25.999992177,2.3058803E-5
-61.5,-25.999992177,1.9822783E-5
-58.5,-25.999992177,1.7496495E-5
-52.5,-25.999992177,7.950317E-6
-49.5,-25.999992177,1.1241657E-5
16.5,-25.999992177,7.998842E-9
19.5,-25.999992177,7.349361E-7
22.5,-25.999992177,7.333352E-7
25.5,-25.999992177,2.446631E-5
28.5,-25.999992177,1.5341686E-5
31.5,-25.999992177,7.464615E-6
34.5,-25.999992177,4.5173997E-6
43.5,-25.999992177,5.2761657E-6
46.5,-25.999992177,4.4186318E-6
115.5,-25.999992177,1.2640121E-6
118.5,-25.999992177,2.1273395E-6
121.5,-25.999992177,2.0278753E-6
124.5,-25.999992177,1.9201761E-6
127.5,-25.999992177,1.7383546E-6
130.5,-25.999992177,1.5283813E-6
133.5,-25.999992177,1.5884099E-6
136.5,-25.999992177,6.385323E-8
139.5,-25.999992177,1.7107418E-6
142.5,-25.999992177,1.6502959E-6
145.5,-25.999992177,5.9451035E-5
148.5,-25.999992177,4.1176245E-5
154.5,-25.999992177,1.739003E-5
-70.5,-28.999992177,4.2284958E-9
-67.5,-28.999992177,6.553473E-7
-64.5,-28.999992177,4.052488E-5
-61.5,-28.999992177,2.9127019E-5
-52.5,-28.999992177,1.4243252E-5
16.5,-28.999992177,6.1554055E-9
19.5,-28.999992177,2.3216934E-8
22.5,-28.999992177,9.521795E-7
25.5,-28.999992177,4.1199226E-5
28.5,-28.999992177,1.8918317E-5
115.5,-28.999992177,4.1502113E-5
118.5,-28.999992177,1.6644697E-6
121.5,-28.999992177,1.6038767E-6
124.5,-28.999992177,1.2073131E-6
127.5,-28.999992177,9.129676E-7
130.5,-28.999992177,7.519177E-7
136.5,-28.999992177,5.7929473E-8
139.5,-28.999992177,1.7215919E-21
145.5,-28.999992177,7.031238E-5
148.5,-28.999992177,5.866925E-5
151.5,-28.999992177,3.1322877E-5
154.5,-28.999992177,1.7883332E-5
-70.5,-31.999992177,2.3099089E-7
-64.5,-31.999992177,3.278939E-5
-61.5,-31.999992177,3.271525E-5
-55.5,-31.999992177,2.8715154E-5
-52.5,-31.999992177,2.281732E-5
-49.5,-31.999992177,2.6422926E-5
16.5,-31.999992177,4.7205706E-9
19.5,-31.999992177,3.909405E-7
22.5,-31.999992177,6.4199924E-7
25.5,-31.999992177,2.0245292E-5
28.5,-31.999992177,9.501203E-6
31.5,-31.999992177,8.637741E-6
115.5,-31.999992177,2.917278E-5
118.5,-31.999992177,8.14642E-7
121.5,-31.999992177,6.2361016E-7
124.5,-31.999992177,4.5262263E-7
127.5,-31.999992177,3.3859277E-7
130.5,-31.999992177,3.1524013E-7
139.5,-31.999992177,1.066922E-6
142.5,-31.999992177,1.3164872E-6
145.5,-31.999992177,6.697759E-5
148.5,-31.999992177,5.631241E-5
151.5,-31.999992177,2.7708451E-5
-79.5,-34.999992177,7.38709E-6
-73.5,-34.999992177,1.5293044E-5
-70.5,-34.999992177,2.1827884E-5
-67.5,-34.999992177,1.046826E-6
-64.5,-34.999992177,5.2662195E-5
-61.5,-34.999992177,4.276594E-5
-58.5,-34.999992177,3.8244052E-5
-55.5,-34.999992177,3.2082982E-5
-52.5,-34.999992177,2.1977197E-5
19.5,-34.999992177,1.35423E-5
22.5,-34.999992177,8.732436E-6
25.5,-34.999992177,7.625807E-6
118.5,-34.999992177,1.4057037E-5
121.5,-34.999992177,1.046126E-5
124.5,-34.999992177,1.0377287E-5
133.5,-34.999992177,1.255514E-5
136.5,-34.999992177,1.7060238E-5
139.5,-34.999992177,2.2137438E-5
151.5,-34.999992177,2.3850052E-5
172.5,-34.999992177,1.7863611E-5
175.5,-34.999992177,1.8618222E-5
-73.5,-37.999992177,1.17277705E-5
-61.5,-37.999992177,4.956112E-5
-58.5,-37.999992177,3.8138787E-5
-55.5,-37.999992177,4.556182E-5
-13.5,-37.999992177,1.76752E-5
139.5,-37.999992177,1.4899936E-5
142.5,-37.999992177,2.027057E-5
145.5,-37.999992177,2.6599677E-5
148.5,-37.999992177,2.2905937E-5
151.5,-37.999992177,2.2197262E-5
172.5,-37.999992177,2.2301243E-5
175.5,-37.999992177,2.187047E-5
-73.5,-40.999992177,1.3691053E-5
-67.5,-40.999992177,9.953399E-7
-61.5,-40.999992177,4.025669E-5
142.5,-40.999992177,1.4935161E-5
145.5,-40.999992177,1.5580648E-5
148.5,-40.999992177,1.5103472E-5
172.5,-40.999992177,2.4198795E-5
175.5,-40.999992177,2.0982125E-5
-175.5,-43.999992177,2.0889102E-5
-73.5,-43.999992177,1.8529703E-5
-70.5,-43.999992177,2.8257871E-5
-67.5,-43.999992177,8.1755604E-7
145.5,-43.999992177,1.4784369E-5
148.5,-43.999992177,1.3331106E-5
166.5,-43.999992177,2.236185E-5
169.5,-43.999992177,3.2421165E-5
172.5,-43.999992177,2.4928395E-5
-76.5,-46.999992177,1.3547811E-5
-67.5,-46.999992177,7.2281927E-7
-64.5,-46.999992177,6.170696E-7
37.5,-46.999992177,6.9305056E-6
166.5,-46.999992177,1.7759952E-5
169.5,-46.999992177,2.1029395E-5
-70.5,-49.999992177,6.824854E-7
-67.5,-49.999992177,6.535854E-7
-61.5,-49.999992177,1.2490548E-5
-58.5,-49.999992177,1.207469E-5
67.5,-49.999992177,1.1196772E-5
70.5,-49.999992177,1.1285555E-5
166.5,-49.999992177,8.253664E-6
-73.5,-52.999992177,1.6531743E-5
-70.5,-52.999992177,1.7137529E-5
-61.5,-52.999992177,1.2184642E-5
-58.5,-52.999992177,1.1603451E-5
73.5,-52.999992177,1.5134501E-5
169.5,-52.999992177,5.939148E-6
-64.5,-55.999992177,1.2231958E-5
-34.5,-55.999992177,3.1847794E-5
-28.5,-55.999992177,5.8919588E-5
157.5,-55.999992177,1.40984575E-5
