X,Y,Test or train,Raw prediction,Cumulative prediction,Logistic prediction
-91.5,82.000007823,train,3.356409564840849E21,100.0,1.0
-88.5,82.000007823,train,2.5252747315476562E20,100.0,1.0
-85.5,82.000007823,train,2.6255929895582522E20,100.0,1.0
-82.5,82.000007823,train,2.2663715734793254E20,100.0,1.0
-79.5,82.000007823,train,1.8853417952627255E20,100.0,1.0
-73.5,82.000007823,train,0.2132168507618439,86.23722261461795,0.8538326212884606
-70.5,82.000007823,train,0.010446936334361072,27.350559809306162,0.22252393699111628
-67.5,82.000007823,train,5.912548054487554E-5,0.42884964895663896,0.0016172327218133952
-64.5,82.000007823,train,5.496209709457001E-5,0.40123054046501144,0.0015035247838063519
-61.5,82.000007823,train,4.895737264873979E-5,0.3629238185389311,0.0013394815736011126
-85.5,79.000007823,train,3.368495153059301E21,100.0,1.0
-82.5,79.000007823,train,2.2057745564617563E20,100.0,1.0
-79.5,79.000007823,train,0.4136914985655753,100.0,0.9189222975372565
-76.5,79.000007823,train,0.019780571466693337,42.70102771594266,0.3514602398961382
-73.5,79.000007823,train,7.880581622609443E-5,0.5411231693477778,0.00215438038829399
-70.5,79.000007823,train,1.946830607140608E-5,0.1559120159263286,5.330860863841492E-4
-118.5,76.000007823,train,4.928932519036081E-5,0.36504148668827674,0.0013485516005038564
-115.5,76.000007823,train,5.0505377019664415E-5,0.37279920474729317,0.001381776698368984
-112.5,76.000007823,train,4.307405033546403E-4,2.5479978192299786,0.011663298599446783
-109.5,76.000007823,train,1.484006527965761E-4,1.001951101429975,0.004049248548555134
-88.5,76.000007823,train,1.7986218516738284E-4,1.21763516436935,0.0049034960081040385
-85.5,76.000007823,train,1.6819846824630706E-4,1.1230786289913646,0.004586972294953883
-82.5,76.000007823,train,0.022626425186146652,43.474600484208366,0.38267526020612075
100.5,76.000007823,train,0.003412285219376516,9.716908131280723,0.08549346127336513
103.5,76.000007823,train,0.002238670357402108,7.382250467512005,0.0577882351916068
109.5,76.000007823,train,0.12285454746211677,65.74200115271823,0.7709484061377887
112.5,76.000007823,train,3.601775517300534E95,100.0,1.0
-124.5,73.000007823,train,7.077858834791331E-5,0.5048989255123338,0.001935358066929769
-118.5,73.000007823,train,1.1096185287019954E-4,0.712280240714758,0.003030792508903003
-112.5,73.000007823,train,1.353059467464889E-4,0.8801245910196723,0.003693267036909058
-109.5,73.000007823,train,1.6369619644168541E-4,1.0903076519928956,0.004464738178410996
-103.5,73.000007823,train,1.668610867068559E-4,1.111771585999386,0.004550666281440947
-85.5,73.000007823,train,8.29465285541745E-5,0.5598088445648103,0.0022673218414857297
-82.5,73.000007823,train,0.0025063181970166487,7.7976848608198335,0.06425327703362406
-76.5,73.000007823,train,0.003303099636411145,9.27325792058016,0.08298487308976873
-73.5,73.000007823,train,0.004864512366373614,13.269275318458073,0.11759958177963778
67.5,73.000007823,train,7.928592868534377E-4,3.8339272247805094,0.021260045772104063
70.5,73.000007823,train,7.254302879627029E-4,3.6644435655992793,0.0194872118554187
73.5,73.000007823,train,9.143400181469075E-4,4.180187581969602,0.024437873915042093
76.5,73.000007823,train,0.001198802982971027,5.291389370678648,0.03179904532037042
82.5,73.000007823,train,0.16501309174303602,72.78577748879951,0.8188681517127855
85.5,73.000007823,train,0.006311218797173184,18.766827760969203,0.14741789619250809
88.5,73.000007823,train,0.010637850882868347,27.60333205956059,0.22567278237900099
94.5,73.000007823,train,0.1294783574479066,66.84881685841819,0.7800892926979027
100.5,73.000007823,train,2.258843579376988E96,100.0,1.0
103.5,73.000007823,train,2.2777217822757857E96,100.0,1.0
106.5,73.000007823,train,2.283537402785205E96,100.0,1.0
109.5,73.000007823,train,2.3315019876778574E96,100.0,1.0
112.5,73.000007823,train,2.376309358539271E96,100.0,1.0
115.5,73.000007823,train,1.2499211625539714E97,100.0,1.0
118.5,73.000007823,train,1.249921272470989E97,100.0,1.0
124.5,73.000007823,train,1.56749988772111E98,100.0,1.0
127.5,73.000007823,train,1.5412110990797334E98,100.0,1.0
130.5,73.000007823,train,1.5101775509052942E98,100.0,1.0
133.5,73.000007823,train,1.469699479312384E98,100.0,1.0
139.5,73.000007823,train,8.339315971118046E-5,0.5618243443340228,0.002279502558891503
142.5,73.000007823,train,2.7903556950334264E-6,0.034361637101943225,7.644113530964612E-5
145.5,73.000007823,train,0.004055633764342081,10.921574653435446,0.1000004143993622
148.5,73.000007823,train,2.793120929573269E19,100.0,1.0
-166.5,70.000007823,train,8.21581545630108E-4,3.918214996354447,0.022013261940658783
-163.5,70.000007823,train,0.0011117110999052382,4.804833972465127,0.029557157338488377
-160.5,70.000007823,train,5.0328281828449E-5,0.3716694382933061,0.0013769382221912288
-157.5,70.000007823,train,9.458379045851054E-5,0.6168151411186376,0.0025846012112913587
-154.5,70.000007823,train,6.233549403461622E-4,3.262969851903822,0.016791207162562903
-151.5,70.000007823,train,7.912665174076058E94,100.0,1.0
-148.5,70.000007823,train,0.2449134990209801,95.77858818063243,0.8702959650328016
-145.5,70.000007823,train,3.889178390622856E-4,2.2838782636226265,0.010542792059594089
-142.5,70.000007823,train,2.1421823854061588E-4,1.425416770956743,0.005834663585945025
-139.5,70.000007823,train,0.009872976746876495,26.81931178094931,0.21290120591564682
-136.5,70.000007823,train,0.01447596003959544,38.73067367547447,0.28397322721060236
-133.5,70.000007823,train,0.2972251513193486,100.0,0.8906271311386242
-130.5,70.000007823,train,5.747092972885141E-4,3.0631023895772533,0.015501159751056726
-127.5,70.000007823,train,4.0396553422290495E-4,2.3990008132493332,0.010946240145746092
-124.5,70.000007823,train,0.006191964277702198,17.700559958387483,0.1450363474689765
-118.5,70.000007823,train,0.008664936280514445,25.5992515134033,0.19184868171581365
-115.5,70.000007823,train,1.2077187731579614E-4,0.7439547050788944,0.003297858130351622
-112.5,70.000007823,train,1.363355587016305E-4,0.895887063268203,0.0037212664070734877
-109.5,70.000007823,train,0.0035624271148753392,9.887963228007544,0.08892071016187822
-106.5,70.000007823,train,0.004495826082527305,12.717767145703165,0.10966402564725027
-100.5,70.000007823,train,0.0036740883858768277,10.032926016479019,0.09145296213712695
-94.5,70.000007823,train,5.277313486704044E19,100.0,1.0
-91.5,70.000007823,train,0.004597892201156135,12.878989996986519,0.11187513545278903
-88.5,70.000007823,train,1.2476306664488485E-4,0.7568417917222265,0.0034064723143835854
-85.5,70.000007823,train,0.006450446265623317,19.486563510426915,0.15018157800395945
-79.5,70.000007823,train,0.0023189373937306705,7.607269685195225,0.05973644673866359
-76.5,70.000007823,train,0.0061618421438609,17.47148411411587,0.14443269312987525
-73.5,70.000007823,train,0.004062306733633478,10.944036386111014,0.10014847280009795
-70.5,70.000007823,train,0.001578368948269978,6.130274631647378,0.04144995655994371
16.5,70.000007823,train,9.78432189119762E-6,0.1025535347099835,2.6798784164662215E-4
19.5,70.000007823,train,3.895615925409748E-5,0.29805565990270694,0.0010661385024729932
22.5,70.000007823,train,2.291158884749376E-4,1.4656376785460667,0.0062378998398163275
25.5,70.000007823,train,2.7053863570772975E-4,1.5903832781843052,0.007357376409371728
28.5,70.000007823,train,1.6200305706414502E-77,1.7681406394452184E-75,4.438374764884272E-76
37.5,70.000007823,train,6.637418875563836E-5,0.4769362271554307,0.0018151434931089512
52.5,70.000007823,train,2.4917188054652937E-4,1.5204320118440502,0.006780241154942192
58.5,70.000007823,train,9.074266448318877E-4,4.161191765065842,0.02425758007581096
61.5,70.000007823,train,0.06938244492922631,56.805098845806235,0.6552747612679103
64.5,70.000007823,train,0.001973557264911908,6.528264164630689,0.05129574492723689
67.5,70.000007823,train,0.001481696489059326,5.838587796108154,0.039010252931282276
70.5,70.000007823,train,0.0015191067385085719,5.951464590261138,0.03995583957391884
76.5,70.000007823,train,0.17338896132616013,74.24857499046776,0.8260964159150037
85.5,70.000007823,train,0.8830900658897283,100.0,0.9603078416124269
88.5,70.000007823,train,17.645362131770163,100.0,0.99793570753824
94.5,70.000007823,train,1.0291494916966176E98,100.0,1.0
97.5,70.000007823,train,1.0291494916966176E98,100.0,1.0
100.5,70.000007823,train,2.2536614517594757E96,100.0,1.0
103.5,70.000007823,train,2.2674484155850587E96,100.0,1.0
106.5,70.000007823,train,1.1835612580788649E97,100.0,1.0
109.5,70.000007823,train,1.2111622704035865E97,100.0,1.0
115.5,70.000007823,train,1.5866516640618336E98,100.0,1.0
118.5,70.000007823,train,1.5866516640618336E98,100.0,1.0
121.5,70.000007823,train,1.5927231526349433E98,100.0,1.0
127.5,70.000007823,train,2.8318041913526655E99,100.0,1.0
130.5,70.000007823,train,1.5274444979945015E98,100.0,1.0
133.5,70.000007823,train,1.4833417061235594E98,100.0,1.0
136.5,70.000007823,train,1.4303032832304378E98,100.0,1.0
139.5,70.000007823,train,1.3959144048608285E98,100.0,1.0
142.5,70.000007823,train,1.0977760146281206E97,100.0,1.0
145.5,70.000007823,train,2.2380342546840074E96,100.0,1.0
148.5,70.000007823,train,2.3495750526114978E96,100.0,1.0
154.5,70.000007823,train,4.238671428708633E95,100.0,1.0
160.5,70.000007823,train,5.177834370232957E19,100.0,1.0
163.5,70.000007823,train,4.114654739036027E-6,0.04925648645520936,1.1271590567605384E-4
166.5,70.000007823,train,3.209935453151596E95,100.0,1.0
169.5,70.000007823,train,7.764200990696725E94,100.0,1.0
172.5,70.000007823,train,1.3864408598490471E21,100.0,1.0
175.5,70.000007823,train,0.009231120028962534,26.219797771743156,0.20185405183109909
178.5,70.000007823,train,0.0016724993254929868,6.210663245948231,0.043813632302390666
-175.5,67.000007823,train,0.01618512920208094,39.452286468857025,0.30720176345815386
-172.5,67.000007823,train,0.013037958712989295,34.751167981349006,0.263188432295532
-166.5,67.000007823,train,4.978888141991373E-4,2.7766717672541232,0.013457027405755577
-163.5,67.000007823,train,8.344915958166916E-4,3.9561005738640644,0.022351439216689025
-160.5,67.000007823,train,0.0013907469384378532,5.606205260920299,0.03670361194956985
-154.5,67.000007823,train,0.007508565017061725,21.771557806780184,0.1706139156486651
-148.5,67.000007823,train,1.6330654425401141E72,100.0,1.0
-145.5,67.000007823,train,1.2695114079757682E95,100.0,1.0
-142.5,67.000007823,train,1.9313172458575095E94,100.0,1.0
-139.5,67.000007823,train,1.2765279167405147E95,100.0,1.0
-136.5,67.000007823,train,0.016492568978335276,39.57684026012085,0.31122103607228346
-133.5,67.000007823,train,6.169840482890423E96,100.0,1.0
-130.5,67.000007823,train,6.226710603504245E96,100.0,1.0
-127.5,67.000007823,train,9.616349632309089E95,100.0,1.0
-124.5,67.000007823,train,0.2914328523594852,100.0,0.8886952743122412
-121.5,67.000007823,train,0.012663593587421754,33.98799592365055,0.25757790774402595
-115.5,67.000007823,train,0.01603615092574665,39.39193055501823,0.3052371955812795
-112.5,67.000007823,train,0.006087273196579758,17.006042495492302,0.14293464110788082
-109.5,67.000007823,train,1.5181230618447603E21,100.0,1.0
-106.5,67.000007823,train,2.7716395276479013E19,100.0,1.0
-103.5,67.000007823,train,6.029544792624221E19,100.0,1.0
-100.5,67.000007823,train,2.667580299581567E19,100.0,1.0
-97.5,67.000007823,train,8.46526458893719E94,100.0,1.0
-91.5,67.000007823,train,0.14310545190003515,69.12559451145684,0.7967743933316406
-88.5,67.000007823,train,0.004407971309409369,12.57685237622874,0.10775194743846993
-85.5,67.000007823,train,0.008319270257122051,23.982092201228784,0.1856159360398557
-73.5,67.000007823,train,0.001721862501492418,6.252819464753824,0.045048520693396675
-70.5,67.000007823,train,0.0014566653897304933,5.763065170377311,0.038376522596861806
-67.5,67.000007823,train,9.765745732626453E-4,4.455539412129845,0.026057894089392863
-64.5,67.000007823,train,0.029169366877047912,45.25312011656872,0.4441816674226744
-61.5,67.000007823,train,0.024260621051875368,43.918814740478744,0.39927845852574184
13.5,67.000007823,train,1.0057471270744389E-5,0.10405858012998633,2.7546721007803006E-4
19.5,67.000007823,train,2.6198668890439373E-4,1.5623856012298676,0.007126461163801502
25.5,67.000007823,train,4.194610798870873E-4,2.5095856795451135,0.011361351981859315
28.5,67.000007823,train,3.0034100980176E-4,1.687951383032019,0.008161246027780802
31.5,67.000007823,train,2.497248621968969E-4,1.5222423834430272,0.006795186145571088
34.5,67.000007823,train,1.750483759131532E-4,1.1809919455695923,0.004772885825185379
40.5,67.000007823,train,1.5327374125059478E-4,1.0301017319268375,0.004181659235642869
43.5,67.000007823,train,1.4699731298012657E-4,0.9900011258511494,0.004011110719744935
46.5,67.000007823,train,2.9951151113321044E-4,1.6852357398819553,0.008138889292243096
52.5,67.000007823,train,0.041253133239909895,49.83606854706473,0.5305618852662063
55.5,67.000007823,train,0.05409991328786354,53.026343453602024,0.5971263257944491
58.5,67.000007823,train,0.07379317774923157,57.545090429973754,0.6690605961557728
61.5,67.000007823,train,0.10722036493127962,63.130039390942734,0.7460318184401266
64.5,67.000007823,train,0.2616788844363464,100.0,0.8775886820631162
67.5,67.000007823,train,0.29875329299844605,100.0,0.8911256705290953
70.5,67.000007823,train,0.2592850545819928,100.0,0.8765979919250498
73.5,67.000007823,train,0.32063691631109,100.0,0.8977969529733674
82.5,67.000007823,train,0.8271523293453643,100.0,0.9577370292081283
85.5,67.000007823,train,4.05263219240271E75,100.0,1.0
91.5,67.000007823,train,2.919713670007716E98,100.0,1.0
94.5,67.000007823,train,1.025139666306801E98,100.0,1.0
103.5,67.000007823,train,1.1267540557417436E97,100.0,1.0
106.5,67.000007823,train,1.1460217966830945E97,100.0,1.0
109.5,67.000007823,train,1.178285953577752E97,100.0,1.0
112.5,67.000007823,train,1.5513405214307334E98,100.0,1.0
121.5,67.000007823,train,1.5957400426910832E98,100.0,1.0
127.5,67.000007823,train,7.238737680952539E99,100.0,1.0
130.5,67.000007823,train,1.542818079470942E98,100.0,1.0
133.5,67.000007823,train,1.5079651782885396E98,100.0,1.0
136.5,67.000007823,train,1.4708421350824032E98,100.0,1.0
139.5,67.000007823,train,1.4419995182274694E98,100.0,1.0
142.5,67.000007823,train,1.4279531247528355E98,100.0,1.0
145.5,67.000007823,train,1.467411469334141E98,100.0,1.0
148.5,67.000007823,train,1.186187025410258E97,100.0,1.0
154.5,67.000007823,train,1.1577895041116564E97,100.0,1.0
157.5,67.000007823,train,1.1532785890201905E97,100.0,1.0
160.5,67.000007823,train,2.181526606483555E96,100.0,1.0
163.5,67.000007823,train,6.604614939512512E22,100.0,1.0
166.5,67.000007823,train,2.1145319063501864E96,100.0,1.0
169.5,67.000007823,train,2.1016805811410262E96,100.0,1.0
172.5,67.000007823,train,0.3895623371326259,100.0,0.9143306349082092
175.5,67.000007823,train,0.008099795197296847,23.17826088844447,0.18160840992730767
178.5,67.000007823,train,0.03218095338487025,46.226486580108514,0.4685535179853412
-175.5,64.000007823,train,0.011313534655149858,29.214807482486123,0.23661517507308738
-163.5,64.000007823,train,4.185839616716802E-4,2.506598648558355,0.011337864071749654
-160.5,64.000007823,train,9.040414436288888E-4,4.151890276587729,0.024169273118324355
-157.5,64.000007823,train,0.006489918618219146,19.684251282683352,0.1509618519703094
-154.5,64.000007823,train,0.010427008185054607,27.32417479473819,0.22219377568827958
-148.5,64.000007823,train,0.0022129326363477322,7.303732383707889,0.05716182829635445
-145.5,64.000007823,train,2.3629742150365715E-4,1.485026493397485,0.006432166321609374
-142.5,64.000007823,train,7.411471328792381E71,100.0,1.0
-139.5,64.000007823,train,1.2775243288506042E73,100.0,1.0
-136.5,64.000007823,train,1.1554883844458172E-4,0.7270906330761951,0.0031556852552520674
-133.5,64.000007823,train,2.1412009667842508E-4,1.42515180602689,0.005832006084873053
-127.5,64.000007823,train,0.01483540705861868,38.90550917190625,0.2889867455101639
-124.5,64.000007823,train,4.378663052793778E97,100.0,1.0
-121.5,64.000007823,train,6.303544495711482E96,100.0,1.0
-118.5,64.000007823,train,6.334035773192516E96,100.0,1.0
-115.5,64.000007823,train,6.389561111522827E96,100.0,1.0
-109.5,64.000007823,train,1.0069678648023857E96,100.0,1.0
-103.5,64.000007823,train,2.3182220787683716E96,100.0,1.0
-97.5,64.000007823,train,2.2997796433273405E96,100.0,1.0
-94.5,64.000007823,train,2.3065099728408335E96,100.0,1.0
-76.5,64.000007823,train,0.0012031570521017772,5.298041931452921,0.03191085436528389
-73.5,64.000007823,train,0.0013170421795065473,5.4720464565522855,0.03482619060672832
-70.5,64.000007823,train,0.06476284768737037,55.66286379246642,0.6395485263054537
-67.5,64.000007823,train,0.04602926634437445,51.03078771434795,0.5577290280634158
-64.5,64.000007823,train,0.016682615599873746,39.653831038235936,0.31368234405422596
7.5,64.000007823,train,5.2000635037248305E-6,0.059817926583150396,1.4244510838221528E-4
10.5,64.000007823,train,1.3915023921386688E-5,0.12531358703830292,3.810826563689693E-4
13.5,64.000007823,train,1.484494109967594E-77,1.6202128604347729E-75,4.067047446944596E-76
16.5,64.000007823,train,2.8068527261484256E-5,0.20405043845490387,7.683985678407234E-4
19.5,64.000007823,train,1.5484338445846113E-4,1.0391688674311297,0.00422430180350071
22.5,64.000007823,train,1.1228197826284405E-4,0.7165426423975876,0.0030667396019112693
25.5,64.000007823,train,1.3682464803888608E-4,0.903374599778483,0.0037345661999456316
28.5,64.000007823,train,2.8444232591101924E-4,1.6359016888734863,0.007732567485149377
31.5,64.000007823,train,3.295377875082756E-4,1.8123266792234727,0.008947519113555999
34.5,64.000007823,train,2.5337649011018245E-4,1.5341972167722167,0.006893864468352484
37.5,64.000007823,train,3.435687654708755E-4,1.8991151608618513,0.009324931882236237
43.5,64.000007823,train,4.251970140280951E-4,2.529119435333376,0.011514924185845338
46.5,64.000007823,train,8.373611041840049E-4,3.964521376269412,0.02242657389102711
49.5,64.000007823,train,0.004114082552950808,11.118318685193799,0.10129561025841721
55.5,64.000007823,train,0.08508506717489925,59.43169359074449,0.6997955768025278
58.5,64.000007823,train,0.002617609273648503,8.316058349130772,0.06691547535664781
61.5,64.000007823,train,0.006148376314968774,17.369077815998256,0.14416255908929254
64.5,64.000007823,train,0.40967434969997985,100.0,0.9181923120292249
67.5,64.000007823,train,0.4539595870923591,100.0,0.9255789938675666
70.5,64.000007823,train,0.434304809209478,100.0,0.9224721295109634
73.5,64.000007823,train,0.49186135496456235,100.0,0.9309175463795349
76.5,64.000007823,train,0.728092347775559,100.0,0.9522614758808856
79.5,64.000007823,train,0.37528395288554883,100.0,0.9113601002072906
82.5,64.000007823,train,0.4014472419044434,100.0,0.9166555062690847
85.5,64.000007823,train,2.4593273049580827E74,100.0,1.0
88.5,64.000007823,train,3.030092281784117E76,100.0,1.0
94.5,64.000007823,train,2.8634606589795015E98,100.0,1.0
97.5,64.000007823,train,9.966192049705066E97,100.0,1.0
100.5,64.000007823,train,9.682294657086726E97,100.0,1.0
103.5,64.000007823,train,9.444156655781355E97,100.0,1.0
106.5,64.000007823,train,2.0906214479191567E96,100.0,1.0
109.5,64.000007823,train,2.163583683399659E96,100.0,1.0
112.5,64.000007823,train,1.1550850466480254E97,100.0,1.0
115.5,64.000007823,train,1.158689410373009E97,100.0,1.0
118.5,64.000007823,train,2.2467315751335277E96,100.0,1.0
121.5,64.000007823,train,1.2077632490201483E97,100.0,1.0
130.5,64.000007823,train,1.5255400128941007E98,100.0,1.0
133.5,64.000007823,train,1.5101775509052942E98,100.0,1.0
136.5,64.000007823,train,1.4833422496392878E98,100.0,1.0
142.5,64.000007823,train,1.4279531247528355E98,100.0,1.0
145.5,64.000007823,train,1.4559161577113265E98,100.0,1.0
151.5,64.000007823,train,1.1523742241701588E97,100.0,1.0
154.5,64.000007823,train,1.1405483952263753E97,100.0,1.0
157.5,64.000007823,train,2.2099594641134114E96,100.0,1.0
160.5,64.000007823,train,2.1850996158061267E96,100.0,1.0
163.5,64.000007823,train,1.6383889542416927E23,100.0,1.0
166.5,64.000007823,train,16.241922265476344,100.0,0.9977577351159796
169.5,64.000007823,train,0.014892619164761043,38.92868579813137,0.2897782627034722
172.5,64.000007823,train,0.005467442009225214,15.525080265281682,0.13027651778173524
175.5,64.000007823,train,0.07457622473448984,57.675921757861296,0.6713935873341474
-166.5,61.000007823,train,5.5343695992557954E-5,0.4037619956371153,0.001513947871957664
-163.5,61.000007823,train,1.8557376057497967E-4,1.2536692855666873,0.005058420277431201
-160.5,61.000007823,train,4.173009461272919E-4,2.5010235218680643,0.011303504829718052
-157.5,61.000007823,train,5.444814878044968E-4,2.946600923331123,0.01469783327026782
-154.5,61.000007823,train,1.5450397130523522E-4,1.0372082275629002,0.0042150812605247666
-148.5,61.000007823,train,2.782804313784788E-5,0.2019740674577526,7.618201364355765E-4
-145.5,61.000007823,train,1.0440847513255409E-4,0.6797513216809249,0.0028523052598094967
-142.5,61.000007823,train,1.1884899662090319E-4,0.7377461358358064,0.0032455213880212626
-139.5,61.000007823,train,2.7040181807239436E-4,1.5899353595940848,0.007353682975773446
-136.5,61.000007823,train,5.611516131574183E-4,3.0073989171376105,0.015141016292139655
-133.5,61.000007823,train,1.40770450068787E-5,0.12620631867499288,3.8551812286807206E-4
-130.5,61.000007823,train,0.0011799630157825701,5.19187374263998,0.0313149520948502
-127.5,61.000007823,train,0.006162326436022818,17.475167108152608,0.14444240519603427
-124.5,61.000007823,train,0.012668744813247952,33.9974036216517,0.2576556876872494
-121.5,61.000007823,train,6.122438668730761E74,100.0,1.0
-118.5,61.000007823,train,1.337517713889979E73,100.0,1.0
-115.5,61.000007823,train,8.629723946536956E73,100.0,1.0
-106.5,61.000007823,train,1.1378184027872586E98,100.0,1.0
-103.5,61.000007823,train,1.1588751213784873E98,100.0,1.0
-97.5,61.000007823,train,6.419636461211761E96,100.0,1.0
-73.5,61.000007823,train,0.054204477812573704,53.052198431219125,0.597590757611137
-70.5,61.000007823,train,0.038357429914523275,48.683956284127035,0.512402782268173
-67.5,61.000007823,train,0.02634813986558929,44.486259770098314,0.4192314250132539
-64.5,61.000007823,train,0.011441827965928351,29.594396787911528,0.23865798562444715
7.5,61.000007823,train,1.2552148837163615E-5,0.11780418355018443,3.437712211506995E-4
10.5,61.000007823,train,3.9000258392907595E-6,0.04684248099092939,1.0683703910234054E-4
13.5,61.000007823,train,4.220905737112761E-6,0.05042205636572483,1.1562618453952467E-4
16.5,61.000007823,train,3.798290607426041E-5,0.2896524661910316,0.0010395305393921014
22.5,61.000007823,train,7.437630862667154E-5,0.5211342558912927,0.0020335334880954912
28.5,61.000007823,train,1.249281639707362E-4,0.758347283324483,0.003410964678670848
31.5,61.000007823,train,1.5549256834836752E-4,1.0429189160201884,0.004241937143982132
34.5,61.000007823,train,1.885044005511781E-4,1.2721585864253673,0.005137894026278826
40.5,61.000007823,train,4.6705009705929197E-4,2.671650343607303,0.01263404373160214
46.5,61.000007823,train,8.909946711558389E-4,4.116041771120123,0.023828783138362283
52.5,61.000007823,train,0.06637425353061963,56.06127591567559,0.645194551095553
55.5,61.000007823,train,0.07593382472877873,57.90274925656207,0.6753613785129522
58.5,61.000007823,train,0.002269070772054945,7.474993033971111,0.058527051776628265
61.5,61.000007823,train,0.005679999028519019,16.077735031009375,0.13465924625300377
67.5,61.000007823,train,0.3906307252257151,100.0,0.9145449206277411
70.5,61.000007823,train,0.474887581103556,100.0,0.9286245913680188
73.5,61.000007823,train,0.5558977711774357,100.0,0.9383851449544011
76.5,61.000007823,train,0.6843227044447866,100.0,0.9493627095022109
79.5,61.000007823,train,0.7586155588862854,100.0,0.9540940800244986
82.5,61.000007823,train,0.31014657652994765,100.0,0.8947040534458736
88.5,61.000007823,train,1.5810480614242464E75,100.0,1.0
94.5,61.000007823,train,2.7651729142596765E98,100.0,1.0
97.5,61.000007823,train,2.7334995187603547E98,100.0,1.0
100.5,61.000007823,train,5.599825116526945E96,100.0,1.0
103.5,61.000007823,train,5.45150458774876E96,100.0,1.0
106.5,61.000007823,train,1.9522293585536265E96,100.0,1.0
112.5,61.000007823,train,9.665402201619838E97,100.0,1.0
115.5,61.000007823,train,9.699161528472755E97,100.0,1.0
118.5,61.000007823,train,2.0887750569618012E96,100.0,1.0
121.5,61.000007823,train,2.201110809565047E96,100.0,1.0
127.5,61.000007823,train,1.1809275625963942E97,100.0,1.0
130.5,61.000007823,train,1.5046374448886436E98,100.0,1.0
133.5,61.000007823,train,1.5101775509052942E98,100.0,1.0
136.5,61.000007823,train,6.826150909610652E99,100.0,1.0
142.5,61.000007823,train,5.1772918302561746E98,100.0,1.0
145.5,61.000007823,train,7.252785319957661E22,100.0,1.0
154.5,61.000007823,train,1.5984154580170045E23,100.0,1.0
157.5,61.000007823,train,1.7363608502673694E23,100.0,1.0
163.5,61.000007823,train,0.061679418764268634,54.90044954566089,0.6282282267174972
166.5,61.000007823,train,7.721328176177324E-4,3.7731038496609086,0.02071579111324818
169.5,61.000007823,train,4.1114139089116325E-4,2.4538997799407674,0.011138518268964668
175.5,61.000007823,train,0.026856722611373954,44.62450061218984,0.42389338299360824
-160.5,58.000007823,train,6.284683945830016E-5,0.4535364498586899,0.001718846422197072
-157.5,58.000007823,train,2.4248915342437526E-5,0.18225303892307682,6.639030324682004E-4
-154.5,58.000007823,train,1.5098695549867148E-5,0.13183558451158212,4.134857781447684E-4
-151.5,58.000007823,train,8.897604265916936E-6,0.0952990454690327,2.4370699385672554E-4
-139.5,58.000007823,train,1.2672487871087765E-5,0.1184672482518346,3.4706585535076957E-4
-136.5,58.000007823,train,1.1111583045599899E-5,0.1098667064436897,3.0432981904632826E-4
-133.5,58.000007823,train,1.891142326596776E-5,0.15284360728782476,5.178452768686553E-4
-130.5,58.000007823,train,1.0468104132789161E-4,0.6814973599360008,0.002859730123713865
-127.5,58.000007823,train,2.8829247972348934E-4,1.6485064635692765,0.00783641374542507
-118.5,58.000007823,train,0.007112260089394035,20.90398925509822,0.16307737080317483
-115.5,58.000007823,train,0.010427518178273844,27.324850029468333,0.222202228540391
-112.5,58.000007823,train,0.012034341402025283,32.61943305560487,0.24795244352467996
-109.5,58.000007823,train,0.7048045520237961,100.0,0.9507617896957842
-106.5,58.000007823,train,0.8161225519492612,100.0,0.9571903032671795
-103.5,58.000007823,train,0.862181777253951,100.0,0.9593843839098816
-100.5,58.000007823,train,2.978740933588606E76,100.0,1.0
-97.5,58.000007823,train,2.2621095751867093E74,100.0,1.0
-94.5,58.000007823,train,0.8883152187003669,100.0,0.9605320998951677
-91.5,58.000007823,train,0.36966720306340617,100.0,0.9101343304236766
-88.5,58.000007823,train,0.7521289549611873,100.0,0.9537164964771152
-79.5,58.000007823,train,0.10168359346030337,62.20484829245658,0.7358558033682415
-70.5,58.000007823,train,0.08825759703635234,59.96174892311727,0.7074296081507875
-67.5,58.000007823,train,0.08898019720848965,60.082481766591336,0.7091144199176558
-64.5,58.000007823,train,0.03708842822324682,48.17905697621891,0.5039944332439171
7.5,58.000007823,train,2.2843320887377662E-5,0.17450825289984145,6.254437959493362E-4
52.5,58.000007823,train,0.0598687893587715,54.45274695298456,0.6212432145922352
55.5,58.000007823,train,0.06345252533931275,55.33886861749269,0.6348232320931522
58.5,58.000007823,train,0.0014854558347016766,5.849930753999874,0.03910535884957296
61.5,58.000007823,train,0.0017533365812616147,6.287152974997427,0.04583422465362327
64.5,58.000007823,train,0.16646997105260644,73.02916704798282,0.8201682777564504
67.5,58.000007823,train,0.29926656285911113,100.0,0.8912921011059394
70.5,58.000007823,train,0.4111160752501343,100.0,0.9184558059010586
73.5,58.000007823,train,0.010400474533850406,27.289055087078694,0.2217537416909941
76.5,58.000007823,train,0.012273564203755794,33.275498434549725,0.2516410184738233
79.5,58.000007823,train,0.012278588397615826,33.28468015189285,0.2517180985907957
82.5,58.000007823,train,0.010563483547229607,27.504869166492416,0.22444924361482624
85.5,58.000007823,train,0.009537808833414554,26.520829896104058,0.2071709768529212
88.5,58.000007823,train,0.011238928168191513,28.994053017369726,0.23542216921936282
100.5,58.000007823,train,3.128269235042587E73,100.0,1.0
103.5,58.000007823,train,5.096544620821662E96,100.0,1.0
106.5,58.000007823,train,5.396305178302832E96,100.0,1.0
112.5,58.000007823,train,5.643533965358969E96,100.0,1.0
115.5,58.000007823,train,2.018572770370753E96,100.0,1.0
118.5,58.000007823,train,1.9541363965170193E96,100.0,1.0
124.5,58.000007823,train,2.861094298748363E98,100.0,1.0
127.5,58.000007823,train,1.0146364031038089E98,100.0,1.0
130.5,58.000007823,train,6.737310360947895E99,100.0,1.0
133.5,58.000007823,train,5.33229087732741E98,100.0,1.0
136.5,58.000007823,train,1.018689718480705E98,100.0,1.0
139.5,58.000007823,train,0.5055049024054175,100.0,0.9326565136791932
142.5,58.000007823,train,0.3139718840354531,100.0,0.8958533289718198
145.5,58.000007823,train,0.2346407173722918,92.68609028155451,0.8653818429119099
148.5,58.000007823,train,0.0587830427590034,54.18429899404986,0.6169273198908409
154.5,58.000007823,train,0.056292847678276935,53.56857581888365,0.6066472151283924
157.5,58.000007823,train,3.685537855920056E-4,2.0714918281879355,0.009996281155539558
160.5,58.000007823,train,5.455717304201543E-4,2.950577172002984,0.014726830065954492
163.5,58.000007823,train,3.0496945623843065E-4,1.7031041606526973,0.008285973905113205
-163.5,55.000007823,train,4.949796627484572E-6,0.05741639828091348,1.355904885145867E-4
-160.5,55.000007823,train,9.640936689028468E-6,0.1017634862677028,2.6406162738436566E-4
-157.5,55.000007823,train,1.110929387803784E-5,0.10985409319462937,3.042671412104402E-4
-130.5,55.000007823,train,9.499885768758173E-6,0.10098629965321282,2.601993010012274E-4
-127.5,55.000007823,train,3.489300057211429E-5,0.2629738228295458,9.550456010427951E-4
-124.5,55.000007823,train,1.138939827965833E-4,0.7217474592094018,0.003110631066137013
-121.5,55.000007823,train,1.2112997817733859E-4,0.7451109359364825,0.00330760427072996
-115.5,55.000007823,train,5.982083084704706E-4,3.1596513801323876,0.016124759007648936
-112.5,55.000007823,train,8.79289650912011E-4,4.083879986810936,0.023523107450674586
-109.5,55.000007823,train,0.002958632373267356,8.837052135315924,0.07497959306144869
-106.5,55.000007823,train,0.009395880856602253,26.39443675465787,0.20471926869410076
-103.5,55.000007823,train,0.013598758329711495,36.276198810851554,0.2714361262365914
-97.5,55.000007823,train,3.9901932735089545E72,100.0,1.0
-94.5,55.000007823,train,2.6581155835272487,100.0,0.9864542724462414
-91.5,55.000007823,train,0.333367746020951,100.0,0.9013147717521713
-88.5,55.000007823,train,0.6836481428543653,100.0,0.9493152776701121
-85.5,55.000007823,train,0.012073792992896452,32.728694899594494,0.24856324913418879
-79.5,55.000007823,train,0.0023684333598497954,7.657567169868182,0.06093378368800307
-76.5,55.000007823,train,0.11382978446260297,64.23421849301346,0.7571977778849118
-73.5,55.000007823,train,0.21329541201567728,86.26103968091331,0.8538785911796493
-67.5,55.000007823,train,0.12822665680308842,66.63957052582944,0.7784182730577434
-64.5,55.000007823,train,0.0020876669750385926,7.1605951569552815,0.05410117144923743
-61.5,55.000007823,train,7.50334721607059E-4,3.7223873826511316,0.020142743264975255
61.5,55.000007823,train,0.004438106079693123,12.625187077429317,0.10840872765530062
64.5,55.000007823,train,0.30402522126031856,100.0,0.8928112336402695
67.5,55.000007823,train,0.008064470806741351,23.069493103047673,0.18095971297095545
70.5,55.000007823,train,0.008340804868555667,24.122648029008186,0.1860070359514092
73.5,55.000007823,train,0.009641904238104734,26.6135314685031,0.208959565794477
76.5,55.000007823,train,0.012729081184974346,34.10759610406666,0.2585655132172162
82.5,55.000007823,train,0.007947498027637315,22.743165627998962,0.1788042651301788
88.5,55.000007823,train,0.005849715002399585,16.401281470591705,0.13812704504823226
94.5,55.000007823,train,0.0055379975823318245,15.724793774600995,0.13173622233785826
97.5,55.000007823,train,2.4134355509522087E73,100.0,1.0
100.5,55.000007823,train,1.387614392443489E72,100.0,1.0
103.5,55.000007823,train,3.059496858631753E73,100.0,1.0
106.5,55.000007823,train,5.680358071173101E74,100.0,1.0
109.5,55.000007823,train,2.5262690820614803E73,100.0,1.0
112.5,55.000007823,train,187.22538855656393,100.0,0.9998050829456464
115.5,55.000007823,train,1.8271901051442262E96,100.0,1.0
118.5,55.000007823,train,1.7845400205840052E96,100.0,1.0
121.5,55.000007823,train,5.163337571598634E96,100.0,1.0
124.5,55.000007823,train,5.610760344918037E96,100.0,1.0
127.5,55.000007823,train,2.7334985114469425E98,100.0,1.0
130.5,55.000007823,train,9.741242825019036E97,100.0,1.0
133.5,55.000007823,train,9.875028007124217E97,100.0,1.0
139.5,55.000007823,train,0.42013946772244615,100.0,0.9200671523917159
142.5,55.000007823,train,0.08744755124325887,59.82640556796847,0.7055175543165835
154.5,55.000007823,train,0.006733618272606872,20.2044836356941,0.15574765864573584
160.5,55.000007823,train,2.3145608611966031E-4,1.471955780637612,0.006301212489250017
163.5,55.000007823,train,1.2267728555533273E-4,0.7501068595120491,0.003349713888290995
-118.5,52.000007823,train,3.558149781796006E-5,0.26891839701297204,9.738718954106033E-4
-88.5,52.000007823,train,0.011745483873320237,30.84794873686014,0.2434498006115973
-79.5,52.000007823,train,0.0030566925861014757,8.961227744202827,0.07727266822489359
-76.5,52.000007823,train,0.00543741790867392,15.198425112878583,0.1296538678199783
-73.5,52.000007823,train,0.005563563142719858,15.797157930053794,0.13226393244198056
-67.5,52.000007823,train,0.002117332919899806,7.194492330388617,0.05482780353463333
-64.5,52.000007823,train,0.0014702478058365841,5.804044036617606,0.03872050207166137
-61.5,52.000007823,train,7.021813900871267E-4,3.6103515952940293,0.01887446516942084
-58.5,52.000007823,train,2.826113012317224E-4,1.6299072131540444,0.00768317350176679
-55.5,52.000007823,train,7.2486920860464E-5,0.5126080692448617,0.001981977847027675
64.5,52.000007823,train,2.2958635085227905E-4,1.466907840208257,0.006250628566338051
67.5,52.000007823,train,2.1042920248582508E-4,1.4078160831038742,0.005732053145104096
70.5,52.000007823,train,2.129140700755202E-4,1.42189575659899,0.005799347943178784
73.5,52.000007823,train,2.1756372211567237E-4,1.434448959678264,0.005925244630329978
76.5,52.000007823,train,2.773525075580868E-4,1.6126907816408063,0.007541284184910846
79.5,52.000007823,train,2.3709589727035585E-4,1.4871822307229214,0.0064537610679443105
82.5,52.000007823,train,0.005220434625618211,13.98487975635846,0.12512735371537484
85.5,52.000007823,train,0.0018845626696331994,6.430300996555886,0.049096205143481134
88.5,52.000007823,train,0.004580151938788029,12.853021433038124,0.11149160808325471
91.5,52.000007823,train,3.3344252498286044E73,100.0,1.0
94.5,52.000007823,train,5.346525302879294E96,100.0,1.0
97.5,52.000007823,train,5.029698474579305E96,100.0,1.0
100.5,52.000007823,train,0.006919142069664842,20.477864878655925,0.15935498388800792
103.5,52.000007823,train,3.123439251027418E-75,3.4089973205834076E-73,8.557242191991524E-74
106.5,52.000007823,train,3.8546550675344664E72,100.0,1.0
109.5,52.000007823,train,3.090217233911117E73,100.0,1.0
112.5,52.000007823,train,187.65542827926606,100.0,0.9998055295395758
118.5,52.000007823,train,5.07983900020725E96,100.0,1.0
121.5,52.000007823,train,3.270127346878071E95,100.0,1.0
124.5,52.000007823,train,5.029694648270106E96,100.0,1.0
127.5,52.000007823,train,5.632617710539989E96,100.0,1.0
130.5,52.000007823,train,5.654445638922167E96,100.0,1.0
133.5,52.000007823,train,5.854747883989785E96,100.0,1.0
136.5,52.000007823,train,5.800916570670159E96,100.0,1.0
139.5,52.000007823,train,0.6183598250487764,100.0,0.9442621083883448
142.5,52.000007823,train,0.09754239138062716,61.513018851909735,0.7276951751328338
157.5,52.000007823,train,5.0243237988850754E-5,0.37112690703406104,0.0013746146947128455
-127.5,49.000007823,train,1.5137803014517564E-6,0.019593025056950174,4.147110417778884E-5
-124.5,49.000007823,train,2.301505599645793E-6,0.028863371011588576,6.305004675277815E-5
-121.5,49.000007823,train,1.365284758221249E-5,0.12386900276298088,3.7390527031930823E-4
-118.5,49.000007823,train,3.561683139453358E-5,0.2692234716786652,9.748380389051956E-4
67.5,49.000007823,train,2.143195221873617E-4,1.4256902181255267,0.005837406145865708
73.5,49.000007823,train,1.665612878073963E-4,1.1092369024067525,0.004542527251130385
76.5,49.000007823,train,1.8608252280575096E-4,1.2568790479485086,0.005072217915930661
79.5,49.000007823,train,1.9672311495379048E-4,1.3238400985972638,0.005360703243029377
82.5,49.000007823,train,0.009682212402899277,26.649427676103233,0.20964998352429584
85.5,49.000007823,train,0.00215680097000663,7.239589675030951,0.055792797678372565
88.5,49.000007823,train,1.6521450789217593E-5,0.13967492597493247,4.524310562365566E-4
91.5,49.000007823,train,3.301611103015114E69,100.0,1.0
94.5,49.000007823,train,1.155145324989949E95,100.0,1.0
103.5,49.000007823,train,6.544207760717782E-5,0.47075277565936113,0.0017896985498417953
106.5,49.000007823,train,1.162221885302835E73,100.0,1.0
112.5,49.000007823,train,2.9922711705344747E71,100.0,1.0
115.5,49.000007823,train,1.1713279022104125E73,100.0,1.0
118.5,49.000007823,train,1.1563510947058932E95,100.0,1.0
121.5,49.000007823,train,5.358200216156853E74,100.0,1.0
130.5,49.000007823,train,5.638077714193653E96,100.0,1.0
133.5,49.000007823,train,2.704068015139471E98,100.0,1.0
136.5,49.000007823,train,0.6265062883642478,100.0,0.9449469681405177
139.5,49.000007823,train,0.07416093312486596,57.60653493001279,0.6701603894798571
142.5,49.000007823,train,0.042619374996755575,50.18766157058511,0.5386681375107729
145.5,49.000007823,train,0.027042421419332337,44.674976984347545,0.4255770048565508
-121.5,46.000007823,train,3.787271593412793E-6,0.045574294991778175,1.0374857751706267E-4
-115.5,46.000007823,train,2.414800846800713E-5,0.1816970448752036,6.611421630644013E-4
85.5,46.000007823,train,8.08105600134293E-6,0.08746355482410063,2.2134653936607264E-4
88.5,46.000007823,train,4.7921842286793084E-4,2.7130896451848137,0.012958940175507342
91.5,46.000007823,train,1.7083198710199718E-6,0.021954575175745224,4.680040670179199E-5
100.5,46.000007823,train,2.0708607724271964E-5,0.16274604324561132,5.670290827119266E-4
121.5,46.000007823,train,0.012427437505618377,33.556701942848896,0.25399452833028896
124.5,46.000007823,train,4.201763944067031E72,100.0,1.0
130.5,46.000007823,train,0.7303056787751155,100.0,0.9523992696980137
133.5,46.000007823,train,0.012442231232585572,33.58371985975305,0.2542200203065248
136.5,46.000007823,train,0.0011999771697468798,5.293183404868768,0.03182920004950702
142.5,46.000007823,train,0.007385940050209106,21.555313398541823,0.16829649464145166
-121.5,43.000007823,train,5.991541209446338E-6,0.06741284341527244,1.641224636639588E-4
-118.5,43.000007823,train,4.823068935631668E-7,0.006470856192457839,1.3213518920436605E-5
-115.5,43.000007823,train,3.652566791184916E-5,0.27707048360265984,9.996881640128939E-4
-112.5,43.000007823,train,6.420245558355209E-5,0.4625293543761709,0.0017558571077194616
-121.5,40.000007823,train,3.5949800175645866E-6,0.04341152513467363,9.848145783264469E-5
